game_id,seed,winner,loser,timeout,turn_count,phase_count,final_red_shrines_broken,final_iron_shrines_broken,first_shrine_damage_turn,first_shrine_break_turn,first_ancestor_awakened_turn,first_l2_turn,first_l3_turn,red_l2_entered_battlefield,red_l2_hard_cast,red_l2_evolved,red_l3_entered_battlefield,red_l3_hard_cast,red_l3_evolved,iron_l2_entered_battlefield,iron_l2_hard_cast,iron_l2_evolved,iron_l3_entered_battlefield,iron_l3_hard_cast,iron_l3_evolved,legal_evolve_actions_generated_red,legal_evolve_actions_generated_iron,evolve_actions_chosen_red,evolve_actions_chosen_iron,hard_cast_chosen_while_legal_evolve_action_exists_red,hard_cast_chosen_while_legal_evolve_action_exists_iron,hard_cast_chosen_while_evolution_base_exists_red,hard_cast_chosen_while_evolution_base_exists_iron,legal_awaken_actions_generated_red,legal_awaken_actions_generated_iron,awaken_actions_chosen_red,awaken_actions_chosen_iron,awaken_actions_skipped_while_legal_red,awaken_actions_skipped_while_legal_iron,first_awakened_ancestor_red,first_awakened_ancestor_iron,ancestor_switches_red,ancestor_switches_iron,memory_spent_on_ancestors_red,memory_spent_on_ancestors_iron,turns_with_awakened_ancestor_red,turns_with_awakened_ancestor_iron,first_hunter_bonus_damage,grandmother_healing_done,child_draw_discard_triggers,iron_hyena_ancestor_bonus_damage,smith_offering_discount_saved,tooth_mother_bonus_damage,legal_block_options_red,legal_block_options_iron,blocks_chosen_red,blocks_chosen_iron,blocks_declined_red,blocks_declined_iron,pack_units_ready_at_combat_start_red,pack_units_ready_at_combat_start_iron,pack_assault_slots_generated_red,pack_assault_slots_generated_iron,pack_assault_slots_available_red,pack_assault_slots_available_iron,pack_assault_slots_skipped_red,pack_assault_slots_skipped_iron,turns_with_pack_bonus_red,turns_with_pack_bonus_iron,max_attacks_available_this_combat_red,max_attacks_available_this_combat_iron,attacks_prevented_by_assault_limit_red,attacks_prevented_by_assault_limit_iron,prepared_tactics_triggered_red,prepared_tactics_triggered_iron,wounded_events_red,wounded_events_iron,pierce_overflow_events_red,pierce_overflow_events_iron,deck_reshuffles_red,deck_reshuffles_iron,first_shrine_damage_turn_red,first_shrine_damage_turn_iron,wins_in_odd_phase,winner_was_first_player_in_final_phase,shrine_damage_dealt_during_double_turn_red,shrine_damage_dealt_during_double_turn_iron
game-123,123,"red-hunter-evolution","iron-hyena-pack-pressure",False,25,5,0,3,4,15,8,6,,2,2,0,0,0,0,2,1,1,0,0,0,0,2,0,2,0,0,7,1,16,0,8,0,0,0,"red.ancestor.grandmother","",3,0,8,0,9,0,7,2,0,0,0,0,1,0,1,0,0,0,0,8,0,8,0,8,0,1,0,7,26,32,0,0,1,0,7,0,0,0,2,1,4,13,1,1,16,6
game-124,124,"iron-hyena-pack-pressure","red-hunter-evolution",False,14,3,3,0,4,7,5,6,,1,1,0,0,0,0,2,0,2,0,0,0,0,4,0,4,0,0,0,0,10,4,4,3,0,0,"red.ancestor.firsthunter","iron.ancestor.firstpack",2,1,6,4,4,3,0,1,0,0,0,0,1,0,1,0,0,0,0,9,0,9,0,9,0,2,0,6,14,23,0,0,1,0,0,1,0,0,1,0,4,,1,0,0,13
game-125,125,"iron-hyena-pack-pressure","red-hunter-evolution",False,31,6,3,2,4,13,8,10,15,3,2,1,1,0,1,2,1,1,0,0,0,4,2,4,2,2,1,7,1,24,15,10,9,0,0,"red.ancestor.firsthunter","iron.ancestor.firstpack",2,0,6,2,11,11,4,2,0,0,0,0,12,0,8,0,0,0,0,18,0,18,0,18,0,3,0,9,30,50,0,0,2,0,7,1,0,0,2,2,4,5,0,1,12,22
game-126,126,"red-hunter-evolution","iron-hyena-pack-pressure",False,37,7,1,3,4,7,6,9,20,4,1,3,1,0,1,4,2,2,0,0,0,14,6,12,6,2,1,4,4,24,17,9,12,0,0,"red.ancestor.firsthunter","iron.ancestor.firstpack",2,0,6,2,15,15,9,1,0,0,0,0,1,2,1,2,0,0,0,22,0,22,0,22,0,7,0,13,38,58,0,1,0,0,13,1,0,0,3,2,4,15,1,1,15,14
game-127,127,"iron-hyena-pack-pressure","red-hunter-evolution",False,28,5,3,1,4,9,7,9,27,2,0,2,1,0,1,3,1,2,0,0,0,8,8,8,4,1,0,0,1,29,15,10,8,0,0,"red.ancestor.grandmother","iron.ancestor.firstpack",3,0,8,2,10,10,1,2,0,0,0,0,2,0,2,0,0,0,0,17,0,17,0,17,0,2,0,10,28,45,0,0,1,0,7,2,0,0,2,2,4,25,1,0,7,10
game-128,128,"red-hunter-evolution","iron-hyena-pack-pressure",False,25,5,2,3,4,7,8,9,,4,2,2,0,0,0,3,0,3,0,0,0,4,6,3,6,2,0,6,2,4,5,3,4,0,0,"red.ancestor.firsthunter","iron.ancestor.firstpack",2,2,6,6,9,5,3,3,0,0,0,0,6,4,5,2,0,0,0,13,0,13,0,13,0,4,0,8,26,37,0,0,0,0,4,1,2,0,2,1,4,15,1,1,16,18
game-129,129,"iron-hyena-pack-pressure","red-hunter-evolution",False,16,3,3,1,4,7,8,9,,1,1,0,0,0,0,2,0,2,0,0,0,0,6,0,6,0,1,5,0,6,1,4,1,0,0,"red.ancestor.firsthunter","iron.ancestor.firstpack",2,0,6,2,4,2,1,0,0,0,0,0,2,0,2,0,0,0,0,8,0,8,0,8,0,2,0,5,16,24,0,0,2,0,0,0,0,0,1,1,4,5,1,0,5,7
game-130,130,"iron-hyena-pack-pressure","red-hunter-evolution",False,21,4,3,1,4,7,8,11,17,2,1,1,1,0,1,2,1,1,0,0,0,4,2,4,2,0,1,8,2,13,7,6,5,0,0,"red.ancestor.firsthunter","iron.ancestor.firstpack",2,0,6,2,6,6,2,1,0,0,0,0,6,0,6,0,0,0,0,17,0,16,0,16,0,5,0,8,20,38,0,0,2,0,4,0,0,0,1,1,4,15,0,1,0,14
game-131,131,"red-hunter-evolution","iron-hyena-pack-pressure",False,22,4,1,3,4,15,7,12,15,2,2,0,1,0,1,1,1,0,0,0,0,2,0,2,0,0,0,7,3,12,8,5,5,0,0,"red.ancestor.grandmother","iron.ancestor.firstpack",1,0,4,2,7,7,6,1,0,0,0,0,10,0,8,0,0,0,0,7,0,7,0,7,0,0,0,6,22,29,0,0,2,0,7,0,0,0,1,1,4,13,0,0,6,8
game-132,132,"red-hunter-evolution","iron-hyena-pack-pressure",False,20,4,2,3,4,7,5,6,17,2,1,1,1,0,1,1,0,1,0,0,0,4,2,3,2,0,0,2,0,13,2,7,2,0,0,"red.ancestor.firsthunter","iron.ancestor.firstpack",2,1,6,4,7,6,3,1,0,0,3,0,3,0,2,0,0,0,0,7,0,7,0,7,0,1,0,7,20,27,0,0,0,0,5,0,0,0,1,1,4,12,0,0,14,10
game-133,133,"red-hunter-evolution","iron-hyena-pack-pressure",False,22,4,2,3,3,5,10,9,15,1,1,0,1,0,1,2,0,2,0,0,0,2,4,2,4,0,0,3,1,13,2,7,1,0,0,"red.ancestor.firsthunter","iron.ancestor.firstpack",0,0,2,2,6,3,4,0,0,0,0,0,3,2,3,2,0,0,0,11,0,11,0,11,0,4,0,5,22,33,0,0,0,0,4,0,2,0,1,1,4,3,0,0,5,9
game-134,134,"iron-hyena-pack-pressure","red-hunter-evolution",False,19,4,3,1,4,9,5,9,15,2,2,0,1,0,1,2,1,1,0,0,0,2,2,2,2,0,1,6,1,15,6,6,4,0,0,"red.ancestor.grandmother","iron.ancestor.firstpack",1,0,4,2,6,4,2,1,0,0,0,0,2,0,2,0,0,0,0,10,0,9,0,9,0,1,0,6,18,29,0,0,0,0,0,0,0,0,1,1,4,13,0,1,5,21
game-135,135,"red-hunter-evolution","iron-hyena-pack-pressure",False,25,5,1,3,7,9,5,10,25,3,1,2,1,0,1,0,0,0,0,0,0,8,0,8,0,0,0,2,0,11,1,6,1,0,0,"red.ancestor.firsthunter","iron.ancestor.firstpack",2,0,6,2,10,7,7,0,0,0,0,0,2,1,2,1,0,0,0,10,0,10,0,10,0,0,0,7,26,34,0,1,1,0,10,2,0,0,2,1,7,13,1,1,17,6
game-136,136,"red-hunter-evolution","iron-hyena-pack-pressure",False,20,4,1,3,4,7,5,9,13,2,2,0,1,0,1,2,0,2,0,0,0,2,4,2,4,0,0,5,0,8,7,4,4,0,0,"red.ancestor.firsthunter","iron.ancestor.firstpack",0,0,2,2,7,6,5,0,0,0,0,0,5,0,4,0,0,0,0,8,0,8,0,8,0,1,0,6,20,28,0,0,1,0,3,0,0,0,1,1,4,12,0,0,13,15
game-137,137,"iron-hyena-pack-pressure","red-hunter-evolution",False,21,4,3,0,6,7,5,9,,1,0,1,0,0,0,2,1,1,0,0,0,2,2,2,2,0,0,1,1,10,5,5,4,0,0,"red.ancestor.firsthunter","iron.ancestor.firstpack",2,0,6,2,7,7,1,1,0,0,0,0,4,0,3,0,0,0,0,14,0,14,0,14,0,2,0,8,20,36,0,0,1,0,3,3,0,0,1,1,6,13,0,1,3,21
game-138,138,"iron-hyena-pack-pressure","red-hunter-evolution",False,24,4,3,1,4,6,5,13,17,3,1,2,1,0,1,1,1,0,0,0,0,6,0,5,0,1,0,6,2,24,8,10,5,0,0,"red.ancestor.firsthunter","iron.ancestor.smithpassedfang",2,1,6,4,9,6,2,1,0,0,1,0,7,0,6,0,0,0,0,8,0,8,0,8,0,0,0,6,24,32,0,0,1,0,4,0,0,0,2,1,4,15,0,1,0,9
game-139,139,"iron-hyena-pack-pressure","red-hunter-evolution",False,19,4,3,0,4,9,9,11,,1,1,0,0,0,0,2,0,2,0,0,0,0,6,0,6,0,1,4,1,10,6,5,4,0,0,"red.ancestor.grandmother","iron.ancestor.firstpack",3,0,8,2,4,5,0,1,0,0,0,0,3,0,3,0,0,0,0,10,0,10,0,10,0,4,0,7,18,30,0,0,1,0,1,0,0,0,1,1,4,,0,1,0,9
game-140,140,"red-hunter-evolution","iron-hyena-pack-pressure",False,22,4,1,3,4,9,8,9,15,1,1,0,1,0,1,1,0,1,0,0,0,2,4,2,4,0,0,3,1,11,1,5,1,0,0,"red.ancestor.firsthunter","iron.ancestor.smithpassedfang",2,0,6,2,7,4,4,2,0,0,2,0,2,0,2,0,0,0,0,12,0,12,0,12,0,3,0,7,22,34,0,0,1,0,8,1,0,0,1,1,4,5,0,0,7,6
game-141,141,"iron-hyena-pack-pressure","red-hunter-evolution",False,19,4,3,0,4,7,9,9,17,1,1,0,1,0,1,3,1,2,0,0,0,2,4,2,4,0,0,5,1,5,9,3,5,0,0,"red.ancestor.grandmother","iron.ancestor.firstpack",1,0,4,2,4,5,2,1,0,0,0,0,9,2,7,1,0,0,0,13,0,13,0,13,0,2,0,7,18,33,0,0,0,0,3,0,0,0,1,1,4,15,0,1,0,20
game-142,142,"iron-hyena-pack-pressure","red-hunter-evolution",False,15,3,3,0,7,9,5,13,,1,1,0,0,0,0,0,0,0,0,0,0,0,0,0,0,0,0,2,0,6,3,3,2,0,0,"red.ancestor.firsthunter","iron.ancestor.firstpack",1,0,4,2,5,2,0,1,0,0,0,0,3,0,3,0,0,0,0,13,0,11,0,11,0,1,0,4,16,25,0,0,1,0,2,0,0,0,1,0,7,,1,0,0,4
game-143,143,"red-hunter-evolution","iron-hyena-pack-pressure",False,24,4,2,3,6,6,7,11,,2,1,1,0,0,0,3,1,2,0,0,0,2,8,2,7,1,0,3,1,8,8,5,6,0,0,"red.ancestor.grandmother","iron.ancestor.firstpack",3,0,8,2,8,8,6,3,0,0,0,0,3,1,3,1,0,0,0,12,0,12,0,12,0,2,0,8,24,36,0,0,0,0,5,0,0,0,2,1,6,13,0,0,15,19
game-144,144,"iron-hyena-pack-pressure","red-hunter-evolution",False,19,4,3,0,6,7,5,10,,2,2,0,0,0,0,2,0,2,0,0,0,0,6,0,4,0,0,2,0,8,7,4,6,0,0,"red.ancestor.firsthunter","iron.ancestor.firstpack",2,2,6,6,6,6,0,2,0,0,0,0,3,0,3,0,0,0,0,10,0,9,0,9,0,3,0,6,18,29,0,0,2,0,0,1,0,0,1,1,6,,0,1,0,24
game-145,145,"red-hunter-evolution","iron-hyena-pack-pressure",False,20,4,2,3,3,5,10,9,,1,1,0,0,0,0,1,0,1,0,0,0,0,2,0,2,0,0,4,0,9,2,5,1,0,0,"red.ancestor.firsthunter","iron.ancestor.firstpack",2,0,6,2,5,3,3,0,1,0,0,0,3,3,3,1,0,0,0,10,0,10,0,10,0,4,0,5,20,30,0,0,1,0,1,0,1,0,1,1,4,3,0,0,6,9
game-146,146,"iron-hyena-pack-pressure","red-hunter-evolution",False,21,4,3,0,4,7,7,8,,3,2,1,0,0,0,2,0,2,0,0,0,2,4,2,4,0,0,3,1,9,10,4,7,0,0,"red.ancestor.firsthunter","iron.ancestor.firstpack",2,2,6,6,6,7,1,1,0,0,0,0,6,1,4,1,0,0,0,12,0,12,0,12,0,1,0,8,20,34,0,0,3,0,2,1,0,0,1,1,4,17,0,1,0,14
game-147,147,"iron-hyena-pack-pressure","red-hunter-evolution",False,16,3,3,0,4,9,5,12,,2,2,0,0,0,0,0,0,0,0,0,0,0,0,0,0,0,0,3,0,14,6,5,4,0,0,"red.ancestor.firsthunter","iron.ancestor.firstpack",1,0,4,2,5,4,2,0,0,0,0,0,2,1,2,1,0,0,0,11,0,11,0,11,0,1,0,6,16,27,0,0,1,0,2,0,0,0,1,1,4,15,1,0,0,9
game-148,148,"red-hunter-evolution","iron-hyena-pack-pressure",False,25,5,2,3,3,11,9,10,22,3,2,1,1,0,1,2,1,1,0,0,0,4,4,3,4,1,1,1,0,13,7,6,5,0,0,"red.ancestor.firsthunter","iron.ancestor.firstpack",0,0,2,2,8,7,7,0,0,0,0,0,10,5,7,2,0,0,0,12,0,12,0,12,0,3,0,8,26,36,0,0,1,0,7,1,0,0,2,1,4,3,1,1,15,10
game-149,149,"iron-hyena-pack-pressure","red-hunter-evolution",False,21,4,3,1,4,7,7,12,,1,1,0,0,0,0,2,0,2,0,0,0,0,6,0,6,0,0,1,0,15,4,7,3,0,0,"red.ancestor.firsthunter","iron.ancestor.firstpack",2,2,6,6,6,7,2,1,0,0,0,0,1,1,1,1,0,0,0,9,0,9,0,9,0,4,0,7,20,31,0,0,2,0,0,1,0,0,1,1,4,13,0,1,7,18
game-150,150,"iron-hyena-pack-pressure","red-hunter-evolution",False,21,4,3,2,3,5,9,9,20,3,3,0,1,0,1,3,0,3,0,0,0,2,12,2,7,1,0,0,0,5,4,2,3,0,0,"red.ancestor.firsthunter","iron.ancestor.firstpack",0,1,2,4,5,6,3,0,0,0,0,0,8,2,6,1,0,0,0,13,0,13,0,13,0,3,0,7,20,35,0,0,3,0,3,1,0,0,1,1,4,3,0,1,5,12
game-151,151,"red-hunter-evolution","iron-hyena-pack-pressure",False,25,5,1,3,3,7,12,12,25,2,2,0,1,0,1,1,1,0,0,0,0,2,0,1,0,1,0,3,1,13,0,5,0,0,0,"red.ancestor.firsthunter","",0,0,2,0,7,0,5,0,0,0,0,0,2,0,2,0,0,0,0,8,0,8,0,8,0,0,0,6,26,32,0,0,1,0,7,1,0,0,2,1,4,3,1,1,16,12
game-152,152,"iron-hyena-pack-pressure","red-hunter-evolution",False,19,4,3,1,4,9,9,11,,2,2,0,0,0,0,1,0,1,0,0,0,0,4,0,4,0,0,3,0,9,8,5,5,0,0,"red.ancestor.firsthunter","iron.ancestor.firstpack",2,0,6,2,4,5,2,1,0,0,0,0,4,0,4,0,0,0,0,13,0,13,0,13,0,1,0,8,18,33,0,0,1,0,2,0,0,0,1,1,4,13,0,1,5,6
game-153,153,"iron-hyena-pack-pressure","red-hunter-evolution",False,21,4,3,0,4,7,7,11,17,2,1,1,1,0,1,2,0,2,0,0,0,4,4,4,4,0,0,6,0,15,9,6,6,0,0,"red.ancestor.grandmother","iron.ancestor.firstpack",2,0,6,2,6,7,1,1,0,0,0,0,7,0,5,0,0,0,0,12,0,12,0,12,0,2,0,8,20,34,0,0,1,0,2,1,0,0,1,1,4,15,0,1,0,13
game-154,154,"iron-hyena-pack-pressure","red-hunter-evolution",False,21,4,3,0,7,9,5,11,,1,1,0,0,0,0,1,0,1,0,0,0,0,2,0,2,0,0,8,0,24,6,7,3,0,0,"red.ancestor.firsthunter","iron.ancestor.firstpack",1,0,4,2,7,6,0,0,0,0,0,0,4,0,3,0,0,0,0,9,0,9,0,9,0,2,0,6,20,31,0,0,1,0,1,1,0,0,1,1,7,,0,1,0,14
game-155,155,"red-hunter-evolution","iron-hyena-pack-pressure",False,29,5,0,3,4,17,8,13,,2,1,1,0,0,0,2,2,0,0,0,0,2,0,2,0,0,0,7,4,14,0,8,0,0,0,"red.ancestor.grandmother","",3,0,8,0,11,0,7,3,0,0,0,0,1,0,1,0,0,0,0,8,0,8,0,8,0,1,0,7,30,36,0,0,2,0,4,1,0,0,2,2,4,15,1,1,11,6
game-156,156,"red-hunter-evolution","iron-hyena-pack-pressure",False,17,3,0,3,4,13,12,12,,2,2,0,0,0,0,0,0,0,0,0,0,0,0,0,0,0,0,6,0,2,0,1,0,0,0,"red.ancestor.firsthunter","",0,0,2,0,3,0,5,0,0,0,0,0,3,0,3,0,0,0,0,3,0,3,0,3,0,0,0,3,18,19,0,0,1,0,1,1,0,0,1,1,4,5,1,1,6,8
game-157,157,"iron-hyena-pack-pressure","red-hunter-evolution",False,21,4,3,1,4,7,9,9,20,2,1,1,1,0,1,3,2,1,0,0,0,6,4,6,4,1,1,5,2,7,8,3,4,0,0,"red.ancestor.firsthunter","iron.ancestor.firstpack",0,0,2,2,5,6,1,0,0,0,0,0,9,0,7,0,0,0,0,12,0,12,0,12,0,3,0,6,20,34,0,0,1,0,4,1,0,0,1,1,4,17,0,1,0,18
game-158,158,"iron-hyena-pack-pressure","red-hunter-evolution",False,31,6,3,2,6,9,5,7,20,3,3,0,1,0,1,5,1,4,0,0,0,2,10,2,10,0,1,6,1,21,11,9,8,0,0,"red.ancestor.firsthunter","iron.ancestor.firstpack",4,0,10,2,12,12,3,5,0,0,0,0,10,0,9,0,0,0,0,21,0,21,0,21,0,7,0,12,30,53,0,0,2,0,4,1,0,0,2,2,6,17,0,1,6,22
game-159,159,"iron-hyena-pack-pressure","red-hunter-evolution",False,18,3,3,0,6,7,5,9,17,2,1,1,1,0,1,1,0,1,0,0,0,4,2,4,2,0,0,5,0,13,5,5,4,0,0,"red.ancestor.firsthunter","iron.ancestor.firstpack",2,0,6,2,6,5,1,1,0,0,0,0,3,0,2,0,0,0,0,8,0,8,0,8,0,3,0,5,18,26,0,0,1,0,2,0,0,0,1,1,6,15,1,0,0,15
game-160,160,"iron-hyena-pack-pressure","red-hunter-evolution",False,11,2,3,0,4,7,5,7,,0,0,0,0,0,0,1,0,1,0,0,0,0,4,0,4,0,0,2,0,4,3,2,2,0,0,"red.ancestor.firsthunter","iron.ancestor.firstpack",0,0,2,2,2,3,0,0,0,0,0,0,1,0,1,0,0,0,0,8,0,8,0,8,0,3,0,5,10,20,0,0,2,0,0,0,0,0,0,0,4,,0,1,0,8
game-161,161,"red-hunter-evolution","iron-hyena-pack-pressure",False,41,7,1,3,4,9,8,9,36,5,2,3,1,0,1,5,1,4,0,0,0,10,10,10,10,1,0,2,2,42,6,14,4,0,0,"red.ancestor.firsthunter","iron.ancestor.firstpack",2,0,6,2,17,15,6,1,0,0,0,0,1,2,1,2,0,0,0,18,0,18,0,18,0,6,0,13,42,58,0,0,3,0,11,0,0,0,4,3,4,25,1,1,18,6
game-162,162,"red-hunter-evolution","iron-hyena-pack-pressure",False,27,5,1,3,6,9,7,7,27,4,3,1,1,0,1,3,2,1,0,0,0,4,2,4,2,1,1,3,1,16,2,8,2,0,0,"red.ancestor.firsthunter","iron.ancestor.firstpack",4,1,10,4,10,9,6,2,0,0,5,0,3,2,3,1,0,1,0,13,0,13,0,13,0,3,0,9,28,39,0,0,1,0,7,0,0,0,2,1,6,12,1,1,15,11
game-163,163,"iron-hyena-pack-pressure","red-hunter-evolution",False,21,4,3,0,4,9,7,11,15,2,1,1,1,0,1,3,1,2,0,0,0,4,4,4,4,0,1,4,2,11,6,5,4,0,0,"red.ancestor.grandmother","iron.ancestor.firstpack",1,2,4,6,6,7,1,1,0,0,1,0,4,0,4,0,0,0,0,12,0,12,0,12,0,4,0,7,20,34,0,0,3,0,2,0,0,0,1,1,4,13,0,1,5,8
game-164,164,"red-hunter-evolution","iron-hyena-pack-pressure",False,27,5,2,3,4,7,7,8,17,3,1,2,1,0,1,3,1,2,0,0,0,6,6,6,6,0,0,1,2,18,4,8,3,0,0,"red.ancestor.firsthunter","iron.ancestor.firstpack",1,1,4,4,10,9,5,2,0,0,2,0,2,1,2,1,0,0,0,12,0,12,0,12,0,1,0,9,28,38,0,1,1,0,13,1,1,0,2,1,4,15,1,1,16,8
game-165,165,"iron-hyena-pack-pressure","red-hunter-evolution",False,21,4,3,2,4,7,5,7,,2,1,1,0,0,0,2,1,1,0,0,0,2,2,2,2,0,1,5,1,14,7,7,5,0,0,"red.ancestor.firsthunter","iron.ancestor.firstpack",2,0,6,2,7,8,2,1,0,0,0,0,4,0,3,0,0,0,0,13,0,12,0,12,0,1,0,7,20,34,0,0,0,0,2,0,0,0,1,1,4,13,0,1,5,20
game-166,166,"iron-hyena-pack-pressure","red-hunter-evolution",False,19,4,3,0,4,9,7,13,,2,2,0,0,0,0,2,0,2,0,0,0,0,6,0,6,1,0,4,1,13,4,5,3,0,0,"red.ancestor.grandmother","iron.ancestor.firstpack",1,0,4,2,5,6,1,1,0,0,0,0,4,1,4,1,0,0,0,11,0,11,0,11,0,4,0,7,18,31,0,0,1,0,2,0,0,0,1,1,4,,0,1,0,12
game-167,167,"red-hunter-evolution","iron-hyena-pack-pressure",False,25,5,2,3,4,9,9,11,17,3,1,2,1,0,1,2,0,2,0,0,0,6,6,5,6,0,1,8,0,18,5,7,4,0,0,"red.ancestor.firsthunter","iron.ancestor.firstpack",2,0,6,2,8,7,4,0,0,0,0,0,1,1,1,1,0,0,0,9,0,9,0,9,0,1,0,7,26,33,0,0,2,0,10,0,1,0,2,1,4,15,1,1,17,8
game-168,168,"iron-hyena-pack-pressure","red-hunter-evolution",False,20,4,3,1,4,7,7,11,,2,2,0,0,0,0,2,1,1,0,0,0,0,6,0,4,0,0,4,1,9,4,5,4,0,0,"red.ancestor.firsthunter","iron.ancestor.smithpassedfang",0,1,2,4,6,6,4,0,0,0,0,0,4,2,2,1,0,0,0,6,0,6,0,6,0,0,0,5,20,26,0,2,1,0,4,0,0,0,1,1,4,15,0,1,0,6
game-169,169,"red-hunter-evolution","iron-hyena-pack-pressure",False,37,7,2,3,4,9,8,13,17,6,2,4,1,0,1,2,1,1,0,0,0,16,2,12,2,0,1,11,0,29,3,13,3,0,0,"red.ancestor.firsthunter","iron.ancestor.firstpack",2,2,6,6,15,13,6,2,3,0,1,0,12,4,10,2,0,2,0,20,0,20,0,20,0,3,0,12,38,56,0,1,1,0,16,3,1,0,3,2,4,15,1,1,6,7
game-170,170,"iron-hyena-pack-pressure","red-hunter-evolution",False,21,4,3,1,4,6,5,13,17,2,2,0,1,0,1,1,0,1,0,0,0,2,2,2,2,0,0,8,1,14,6,6,3,0,0,"red.ancestor.firsthunter","iron.ancestor.firstpack",2,2,6,6,7,5,2,1,0,0,2,0,7,0,6,0,0,0,0,10,0,10,0,10,0,2,0,6,20,32,0,0,2,0,2,2,0,0,1,1,4,15,0,1,0,12
game-171,171,"iron-hyena-pack-pressure","red-hunter-evolution",False,23,4,3,0,4,7,5,9,17,2,1,1,1,0,1,2,0,2,0,0,0,4,16,4,6,0,0,2,0,14,11,6,6,0,0,"red.ancestor.firsthunter","iron.ancestor.firstpack",2,0,6,2,8,8,0,3,0,0,0,0,11,0,8,0,0,0,0,19,0,18,0,18,0,6,0,9,22,42,0,0,0,0,5,1,0,0,1,1,4,15,0,1,0,10
game-172,172,"iron-hyena-pack-pressure","red-hunter-evolution",False,30,5,3,1,6,8,8,13,17,3,1,2,1,0,1,2,0,2,0,0,0,6,4,6,4,1,0,3,0,37,12,12,7,0,0,"red.ancestor.firsthunter","iron.ancestor.firstpack",0,0,2,2,11,8,4,0,0,0,0,0,6,2,6,2,0,0,0,12,0,12,0,12,0,3,0,8,30,42,0,0,3,0,9,1,0,0,3,2,6,15,1,0,0,22
game-173,173,"iron-hyena-pack-pressure","red-hunter-evolution",False,19,4,3,1,4,7,5,12,17,2,1,1,1,0,1,2,1,1,0,0,0,4,6,4,4,1,1,4,0,6,7,3,5,0,0,"red.ancestor.firsthunter","iron.ancestor.firstpack",1,0,4,2,6,7,0,4,0,0,0,0,5,0,4,0,0,0,0,17,0,14,0,14,0,3,0,7,18,34,0,0,1,0,1,0,0,0,1,1,4,13,0,1,4,23
game-174,174,"red-hunter-evolution","iron-hyena-pack-pressure",False,25,5,2,3,4,7,8,10,,2,2,0,0,0,0,2,0,2,0,0,0,0,6,0,6,0,0,4,0,11,8,6,6,0,0,"red.ancestor.firsthunter","iron.ancestor.firstpack",3,0,8,2,9,7,4,4,0,0,0,0,6,1,5,1,0,0,0,10,0,10,0,10,0,2,0,8,26,34,0,0,0,0,3,0,0,0,2,1,4,5,1,1,15,22
game-175,175,"red-hunter-evolution","iron-hyena-pack-pressure",False,29,5,1,3,4,11,8,14,25,3,1,2,1,0,1,3,2,1,0,0,0,6,4,6,4,1,1,8,1,17,1,9,1,0,0,"red.ancestor.grandmother","iron.ancestor.firstpack",4,0,10,2,11,8,3,2,0,0,0,0,0,0,0,0,0,0,0,13,0,13,0,13,0,0,0,9,30,41,0,0,2,0,10,3,0,0,3,2,4,17,1,1,13,7
game-176,176,"red-hunter-evolution","iron-hyena-pack-pressure",False,17,3,1,3,4,13,5,10,,2,2,0,0,0,0,0,0,0,0,0,0,0,0,0,0,0,0,8,1,11,2,5,2,0,0,"red.ancestor.firsthunter","iron.ancestor.firstpack",0,0,2,2,6,4,6,0,0,0,0,0,6,0,4,0,0,0,0,4,0,4,0,4,0,0,0,4,18,20,0,0,1,0,3,0,0,0,1,1,4,12,1,1,10,5
game-177,177,"iron-hyena-pack-pressure","red-hunter-evolution",False,18,3,3,2,4,7,8,10,,2,2,0,0,0,0,1,0,1,0,0,0,0,4,0,4,0,0,3,0,2,5,2,3,0,0,"red.ancestor.firsthunter","iron.ancestor.firstpack",0,0,2,2,5,4,5,0,0,0,0,0,5,7,4,2,0,0,0,13,0,13,0,13,0,5,0,6,18,31,0,0,0,0,3,0,0,0,1,1,4,5,1,0,0,12
game-178,178,"iron-hyena-pack-pressure","red-hunter-evolution",False,19,4,3,0,4,11,5,11,,1,1,0,0,0,0,2,1,1,0,0,0,0,2,0,2,0,1,3,0,14,8,6,6,0,0,"red.ancestor.firsthunter","iron.ancestor.firstpack",3,0,8,2,6,7,0,3,0,0,0,0,2,0,2,0,0,0,0,11,0,11,0,11,0,1,0,7,18,31,0,0,2,0,1,1,0,0,1,1,4,,0,1,0,33
game-179,179,"iron-hyena-pack-pressure","red-hunter-evolution",False,21,4,3,1,4,11,8,6,17,1,1,0,1,0,1,3,1,2,0,0,0,2,4,2,3,0,1,4,0,13,6,6,4,0,0,"red.ancestor.grandmother","iron.ancestor.firstpack",1,0,4,2,6,5,1,2,0,0,0,0,4,0,4,0,0,0,0,13,0,13,0,13,0,2,0,8,20,35,0,0,1,0,1,0,0,0,1,1,4,8,0,1,0,14
game-180,180,"iron-hyena-pack-pressure","red-hunter-evolution",False,11,2,3,0,4,7,5,6,,0,0,0,0,0,0,2,0,2,0,0,0,0,4,0,3,0,0,3,1,4,3,2,2,0,0,"red.ancestor.firsthunter","iron.ancestor.firstpack",0,0,2,2,2,2,0,0,0,0,0,0,0,0,0,0,0,0,0,6,0,6,0,6,0,2,0,4,10,18,0,0,1,0,0,0,0,0,0,0,4,,0,1,0,10
game-181,181,"iron-hyena-pack-pressure","red-hunter-evolution",False,21,4,3,1,4,7,6,9,,2,2,0,0,0,0,2,0,2,0,0,0,0,10,0,6,1,0,5,1,11,7,6,6,0,0,"red.ancestor.grandmother","iron.ancestor.smithpassedfang",3,1,8,4,5,8,2,2,0,0,1,0,4,0,4,0,0,0,0,12,0,12,0,12,0,2,0,7,20,34,0,0,0,0,1,1,0,0,1,1,4,15,0,1,0,14
game-182,182,"iron-hyena-pack-pressure","red-hunter-evolution",False,23,4,3,0,7,7,5,8,,3,1,2,0,0,0,2,1,1,0,0,0,6,2,6,2,0,0,2,0,23,6,8,3,0,0,"red.ancestor.firsthunter","iron.ancestor.firstpack",2,0,6,2,8,6,0,1,0,0,0,0,7,0,7,0,0,0,0,15,0,15,0,15,0,2,0,8,22,39,0,0,1,0,6,3,0,1,1,1,7,,0,1,0,19
game-183,183,"red-hunter-evolution","iron-hyena-pack-pressure",False,36,6,2,3,7,7,8,9,,5,3,2,0,0,0,3,0,3,0,0,0,8,10,6,10,1,1,6,2,39,8,12,5,0,0,"red.ancestor.firsthunter","iron.ancestor.firstpack",2,0,6,2,14,8,7,1,0,0,0,0,15,4,11,1,0,0,0,17,0,17,0,17,0,5,0,11,36,53,0,0,2,0,6,1,1,0,3,2,7,13,0,0,14,18
game-184,184,"iron-hyena-pack-pressure","red-hunter-evolution",False,14,3,3,0,4,7,5,9,,1,1,0,0,0,0,1,0,1,0,0,0,0,2,0,2,0,0,3,0,11,6,4,4,0,0,"red.ancestor.firsthunter","iron.ancestor.firstpack",0,0,2,2,4,4,1,0,0,0,0,0,1,1,1,1,0,0,0,7,0,7,0,7,0,0,0,6,14,21,0,0,2,0,1,0,1,0,1,0,4,13,1,0,7,10
game-185,185,"iron-hyena-pack-pressure","red-hunter-evolution",False,21,4,3,2,4,8,8,9,,2,2,0,0,0,0,2,0,2,0,0,0,0,8,0,4,0,0,5,0,7,3,3,3,0,0,"red.ancestor.firsthunter","iron.ancestor.firstpack",2,0,6,2,6,3,4,2,0,0,0,0,8,1,5,1,0,0,0,15,0,13,0,13,0,1,0,7,20,35,0,0,1,0,5,1,1,0,1,1,4,5,0,1,0,19
game-186,186,"iron-hyena-pack-pressure","red-hunter-evolution",False,18,3,3,0,4,7,8,9,,2,2,0,0,0,0,2,0,2,0,0,0,0,14,0,6,0,0,3,1,14,3,5,2,0,0,"red.ancestor.firsthunter","iron.ancestor.firstpack",3,0,8,2,5,4,1,4,0,0,0,0,1,0,1,0,0,0,0,10,0,9,0,9,0,2,0,5,18,27,0,0,1,0,0,1,0,0,1,1,4,15,1,0,0,14
game-187,187,"iron-hyena-pack-pressure","red-hunter-evolution",False,33,6,3,0,7,9,5,9,,4,2,2,0,0,0,4,2,2,0,0,0,4,6,4,4,3,1,2,2,37,14,12,8,0,0,"red.ancestor.firsthunter","iron.ancestor.firstpack",2,0,6,2,13,12,0,1,0,0,0,0,8,0,8,0,0,0,0,18,0,18,0,18,0,3,0,12,32,52,0,0,2,0,9,4,0,0,2,2,7,,0,1,0,8
game-188,188,"iron-hyena-pack-pressure","red-hunter-evolution",False,19,4,3,1,4,7,8,9,,2,2,0,0,0,0,3,0,3,0,0,0,0,8,0,6,0,0,2,1,2,3,2,3,0,0,"red.ancestor.firsthunter","iron.ancestor.firstpack",1,2,4,6,5,5,2,1,0,0,1,0,4,2,3,1,0,0,0,13,0,12,0,12,0,5,0,5,18,32,0,0,1,0,0,0,0,0,1,1,4,5,0,1,0,21
game-189,189,"iron-hyena-pack-pressure","red-hunter-evolution",False,19,4,3,1,4,7,8,11,,2,2,0,0,0,0,3,1,2,0,0,0,0,6,0,6,0,0,4,2,13,3,6,3,0,0,"red.ancestor.firsthunter","iron.ancestor.firstpack",2,2,6,6,5,5,2,1,0,0,0,0,2,1,2,1,0,0,0,8,0,8,0,8,0,2,0,5,18,28,0,0,0,0,0,1,0,0,1,1,4,5,0,1,7,19
game-190,190,"iron-hyena-pack-pressure","red-hunter-evolution",False,19,4,3,0,4,7,8,9,,2,1,1,0,0,0,2,0,2,0,0,0,2,8,2,7,1,0,2,0,19,6,6,5,0,0,"red.ancestor.firsthunter","iron.ancestor.firstpack",0,0,2,2,5,5,0,0,0,0,0,0,2,0,2,0,0,0,0,9,0,9,0,9,0,0,0,6,18,29,0,0,0,0,0,1,0,0,1,1,4,,0,1,0,17
game-191,191,"iron-hyena-pack-pressure","red-hunter-evolution",False,21,4,3,1,4,7,7,8,15,3,1,2,1,0,1,3,0,3,0,0,0,6,14,6,11,1,0,2,0,8,4,4,3,0,0,"red.ancestor.firsthunter","iron.ancestor.firstpack",1,0,4,2,6,7,2,0,1,0,0,0,2,1,2,1,0,0,0,13,0,12,0,12,0,4,0,6,20,34,0,0,0,0,4,2,0,0,1,1,4,13,0,1,5,21
game-192,192,"iron-hyena-pack-pressure","red-hunter-evolution",False,11,2,3,0,4,7,5,7,,0,0,0,0,0,0,2,0,2,0,0,0,0,4,0,3,0,0,0,0,4,4,2,3,0,0,"red.ancestor.grandmother","iron.ancestor.firstpack",1,0,4,2,2,3,0,1,0,0,0,0,0,0,0,0,0,0,0,8,0,8,0,8,0,2,0,5,10,20,0,0,0,0,0,1,0,0,0,0,4,,0,1,0,10
game-193,193,"iron-hyena-pack-pressure","red-hunter-evolution",False,19,4,3,1,4,7,7,9,15,2,2,0,1,0,1,1,0,1,0,0,0,2,2,2,2,0,0,6,0,5,4,3,3,0,0,"red.ancestor.grandmother","iron.ancestor.firstpack",1,2,4,6,5,6,4,0,0,0,0,0,6,1,5,1,0,0,0,9,0,9,0,9,0,0,0,6,18,29,0,0,0,0,4,0,0,0,1,1,4,13,0,1,3,13
game-194,194,"iron-hyena-pack-pressure","red-hunter-evolution",False,21,4,3,1,4,9,8,11,15,2,2,0,1,0,1,2,0,2,0,0,0,2,6,2,6,0,0,6,0,14,5,6,4,0,0,"red.ancestor.firsthunter","iron.ancestor.firstpack",0,0,2,2,6,6,3,0,0,0,0,0,4,1,3,1,0,0,0,10,0,10,0,10,0,2,0,7,20,32,0,0,0,0,2,0,0,0,1,1,4,13,0,1,5,13
game-195,195,"iron-hyena-pack-pressure","red-hunter-evolution",False,19,4,3,0,4,7,9,14,,2,1,1,0,0,0,2,1,1,0,0,0,2,2,2,2,0,0,2,2,14,4,5,3,0,0,"red.ancestor.firsthunter","iron.ancestor.firstpack",0,0,2,2,4,5,1,0,0,0,0,0,3,0,2,0,0,0,0,10,0,10,0,10,0,2,0,6,18,30,0,0,3,0,1,0,0,0,1,1,4,17,0,1,0,21
game-196,196,"iron-hyena-pack-pressure","red-hunter-evolution",False,21,4,3,2,4,9,9,11,,1,1,0,0,0,0,3,0,3,0,0,0,0,8,0,7,0,1,3,0,6,10,3,6,0,0,"red.ancestor.firsthunter","iron.ancestor.firstpack",1,0,4,2,5,6,1,3,0,0,0,0,6,2,5,1,0,0,0,16,0,16,0,16,0,4,0,8,20,38,0,0,1,0,2,1,1,0,1,1,4,5,0,1,8,17
game-197,197,"red-hunter-evolution","iron-hyena-pack-pressure",False,34,6,1,3,4,9,8,13,,4,1,3,0,0,0,4,4,0,0,0,0,10,0,10,0,3,1,4,2,25,6,11,4,0,0,"red.ancestor.firsthunter","iron.ancestor.firstpack",3,0,8,2,13,12,5,4,2,0,0,0,3,1,3,1,0,0,0,21,0,21,0,21,0,3,0,11,34,55,0,0,0,0,16,1,0,0,2,2,4,15,0,0,0,8
game-198,198,"iron-hyena-pack-pressure","red-hunter-evolution",False,19,4,3,1,7,9,8,12,15,1,1,0,1,0,1,0,0,0,0,0,0,2,0,2,0,0,1,2,1,13,8,5,4,0,0,"red.ancestor.firsthunter","iron.ancestor.firstpack",0,0,2,2,5,4,2,0,0,0,0,0,3,0,3,0,0,0,0,6,0,6,0,6,0,0,0,5,18,26,0,0,3,0,3,0,0,0,1,1,7,13,0,1,7,16
game-199,199,"iron-hyena-pack-pressure","red-hunter-evolution",False,21,4,3,1,4,9,7,9,20,3,2,1,1,0,1,2,0,2,0,0,0,4,4,4,4,0,0,6,0,5,8,3,6,0,0,"red.ancestor.grandmother","iron.ancestor.firstpack",1,0,4,2,6,7,2,1,0,0,0,0,8,0,8,0,0,0,0,13,0,13,0,13,0,1,0,8,20,35,0,0,3,0,4,0,0,0,1,1,4,15,0,1,0,18
game-200,200,"red-hunter-evolution","iron-hyena-pack-pressure",False,32,6,1,3,7,14,5,8,17,3,1,2,1,0,1,2,1,1,0,0,0,6,2,6,2,0,0,3,4,15,2,7,2,0,0,"red.ancestor.firsthunter","iron.ancestor.smithpassedfang",2,1,6,4,13,9,8,2,0,0,0,0,6,3,5,2,0,0,0,16,0,16,0,16,0,2,0,11,32,48,0,0,0,0,12,1,1,0,2,2,7,13,0,0,12,13
game-201,201,"iron-hyena-pack-pressure","red-hunter-evolution",False,21,4,3,1,6,11,5,13,,2,2,0,0,0,0,2,0,2,0,0,0,0,6,0,6,0,0,7,0,16,6,6,4,0,0,"red.ancestor.firsthunter","iron.ancestor.firstpack",0,0,2,2,7,5,3,0,0,0,0,0,3,1,3,1,0,0,0,11,0,11,0,11,0,4,0,5,20,33,0,0,0,0,2,0,0,0,1,1,6,15,0,1,0,22
game-202,202,"iron-hyena-pack-pressure","red-hunter-evolution",False,18,3,3,1,4,7,5,10,,2,2,0,0,0,0,1,1,0,0,0,0,0,0,0,0,0,1,3,1,4,8,2,5,0,0,"red.ancestor.grandmother","iron.ancestor.firstpack",1,0,4,2,6,5,5,1,0,0,0,0,4,5,4,2,0,0,0,13,0,13,0,13,0,4,0,7,18,31,0,0,2,0,5,1,0,0,1,1,4,15,1,0,0,7
game-203,203,"iron-hyena-pack-pressure","red-hunter-evolution",False,21,4,3,0,5,11,5,9,,1,1,0,0,0,0,2,0,2,0,0,0,0,12,0,6,0,0,0,0,19,7,7,5,0,0,"red.ancestor.grandmother","iron.ancestor.firstpack",4,0,10,2,7,6,0,2,2,0,0,0,3,0,3,0,0,0,0,17,0,15,0,15,0,6,0,7,20,37,0,0,2,0,1,2,0,0,1,1,5,,0,1,0,23
game-204,204,"red-hunter-evolution","iron-hyena-pack-pressure",False,25,5,2,3,4,15,8,12,24,2,2,0,1,0,1,2,1,1,0,0,0,2,2,2,2,0,0,6,3,13,4,6,3,0,0,"red.ancestor.firsthunter","iron.ancestor.firstpack",1,0,4,2,9,4,6,0,0,0,0,0,6,3,5,1,0,0,0,12,0,11,0,11,0,2,0,6,26,35,0,0,1,0,3,1,0,0,2,1,4,5,1,1,21,10
game-205,205,"iron-hyena-pack-pressure","red-hunter-evolution",False,19,4,3,0,4,7,7,8,,3,2,1,0,0,0,2,1,1,0,0,0,2,2,2,2,0,2,5,2,6,7,3,4,0,0,"red.ancestor.firsthunter","iron.ancestor.firstpack",2,0,6,2,5,6,1,2,0,0,0,0,4,1,3,1,0,0,0,10,0,10,0,10,0,2,0,6,18,30,0,0,1,0,2,0,0,0,1,1,4,17,0,1,0,22
game-206,206,"red-hunter-evolution","iron-hyena-pack-pressure",False,27,5,2,3,4,7,7,9,,3,2,1,0,0,0,3,1,2,0,0,0,4,4,4,4,1,0,5,1,14,2,8,2,0,0,"red.ancestor.firsthunter","iron.ancestor.smithpassedfang",3,1,8,4,9,9,5,2,0,0,2,0,2,3,1,1,0,0,0,14,0,13,0,13,0,4,0,7,28,39,0,0,2,0,5,2,1,0,2,1,4,15,1,1,6,23
game-207,207,"red-hunter-evolution","iron-hyena-pack-pressure",False,15,3,1,3,4,12,8,10,,2,2,0,0,0,0,0,0,0,0,0,0,0,0,0,0,0,1,2,1,2,0,1,0,0,0,"red.ancestor.firsthunter","",0,0,2,0,4,0,5,0,0,0,0,0,3,0,2,0,0,0,0,4,0,4,0,4,0,0,0,4,16,18,0,0,1,0,0,0,0,0,1,0,4,5,1,1,20,6
game-208,208,"red-hunter-evolution","iron-hyena-pack-pressure",False,37,7,1,3,7,25,5,20,25,4,1,3,1,0,1,3,1,2,0,0,0,8,4,8,4,1,0,4,5,25,9,11,7,0,0,"red.ancestor.firsthunter","iron.ancestor.firstpack",5,0,12,2,16,13,3,4,1,0,0,0,8,1,7,1,0,0,0,17,0,17,0,17,0,2,0,13,38,53,0,0,3,0,13,1,0,0,4,2,7,13,1,1,25,9
game-209,209,"iron-hyena-pack-pressure","red-hunter-evolution",False,19,4,3,0,4,11,8,15,,2,2,0,0,0,0,1,0,1,0,0,0,0,4,0,4,0,0,5,0,17,6,6,3,0,0,"red.ancestor.grandmother","iron.ancestor.firstpack",1,0,4,2,5,4,1,2,0,0,0,0,2,3,2,1,0,0,0,8,0,8,0,8,0,2,0,6,18,28,0,0,1,0,1,1,0,0,1,1,4,,0,1,0,13
game-210,210,"iron-hyena-pack-pressure","red-hunter-evolution",False,30,5,3,1,4,7,5,9,29,3,3,0,1,0,1,3,0,3,0,0,0,2,22,2,9,0,0,4,0,16,6,9,4,0,0,"red.ancestor.firsthunter","iron.ancestor.firstpack",4,2,10,6,12,11,3,3,0,0,1,0,10,0,7,0,0,0,0,18,0,16,0,16,0,1,0,9,30,46,0,0,1,0,7,4,0,0,2,2,4,24,1,0,10,18
game-211,211,"red-hunter-evolution","iron-hyena-pack-pressure",False,22,4,2,3,3,5,9,12,20,2,2,0,1,0,1,1,0,1,0,0,0,2,2,2,2,0,0,5,0,9,11,5,6,0,0,"red.ancestor.firsthunter","iron.ancestor.firstpack",2,0,6,2,6,6,3,1,0,0,0,0,10,0,9,0,0,0,0,12,0,12,0,12,0,2,0,8,22,34,0,0,0,0,5,0,0,0,1,1,4,3,0,0,5,18
game-212,212,"iron-hyena-pack-pressure","red-hunter-evolution",False,19,4,3,1,6,11,5,11,,1,1,0,0,0,0,2,0,2,0,0,0,0,6,0,6,0,0,3,0,10,4,6,3,0,0,"red.ancestor.grandmother","iron.ancestor.firstpack",3,0,8,2,6,4,1,2,0,0,0,0,2,0,2,0,0,0,0,13,0,13,0,13,0,3,0,6,18,33,0,0,3,0,0,0,0,0,1,1,6,13,0,1,5,16
game-213,213,"red-hunter-evolution","iron-hyena-pack-pressure",False,27,5,1,3,4,11,7,11,17,3,2,1,1,0,1,3,1,2,0,0,0,6,4,5,4,0,0,6,2,19,6,6,4,0,0,"red.ancestor.firsthunter","iron.ancestor.smithpassedfang",2,1,6,4,10,9,6,1,0,0,0,0,15,2,10,2,0,0,0,10,0,10,0,10,0,3,0,7,28,36,0,0,1,0,9,2,1,0,2,2,4,15,1,1,18,11
game-214,214,"iron-hyena-pack-pressure","red-hunter-evolution",False,19,4,3,0,4,9,6,11,,1,1,0,0,0,0,2,0,2,0,0,0,0,4,0,4,0,0,7,2,5,6,3,5,0,0,"red.ancestor.grandmother","iron.ancestor.firstpack",2,1,6,4,5,7,0,3,0,0,0,0,2,1,2,1,0,0,0,13,0,13,0,13,0,6,0,8,18,33,0,0,0,0,1,1,0,0,1,1,4,17,0,1,0,15
game-215,215,"red-hunter-evolution","iron-hyena-pack-pressure",False,22,4,0,3,4,13,8,10,13,2,2,0,1,0,1,1,0,1,0,0,0,2,2,2,2,1,0,7,1,12,2,7,1,0,0,"red.ancestor.firsthunter","iron.ancestor.firstpack",2,0,6,2,7,1,3,1,0,0,0,0,9,1,7,1,0,0,0,7,0,7,0,7,0,1,0,4,22,29,0,0,1,0,6,2,1,0,1,1,4,5,0,0,9,11
game-216,216,"iron-hyena-pack-pressure","red-hunter-evolution",False,19,4,3,2,4,9,8,9,,1,1,0,0,0,0,2,0,2,0,0,0,0,4,0,3,0,0,2,0,8,7,5,5,0,0,"red.ancestor.firsthunter","iron.ancestor.firstpack",2,0,6,2,5,5,2,1,0,0,0,0,4,0,3,0,0,0,0,12,0,11,0,11,0,2,0,6,18,31,0,0,1,0,1,2,0,0,1,1,4,5,0,1,10,18
game-217,217,"iron-hyena-pack-pressure","red-hunter-evolution",False,21,4,3,0,7,11,5,9,17,2,1,1,1,0,1,2,1,1,0,0,0,4,2,4,2,0,0,8,1,14,6,6,4,0,0,"red.ancestor.firsthunter","iron.ancestor.firstpack",3,2,8,6,7,5,1,2,0,0,1,0,6,0,6,0,0,0,0,9,0,9,0,9,0,1,0,6,20,31,0,0,1,0,3,0,0,0,1,1,7,15,0,1,0,10
game-218,218,"iron-hyena-pack-pressure","red-hunter-evolution",False,30,5,3,2,6,7,7,7,20,4,2,2,1,0,1,5,2,3,0,0,0,6,6,6,5,1,1,3,1,28,6,11,5,0,0,"red.ancestor.grandmother","iron.ancestor.firstpack",3,2,8,6,11,11,3,3,0,0,1,0,9,0,9,0,0,0,0,19,0,19,0,19,0,4,0,10,30,49,0,0,2,0,9,1,0,0,2,2,6,17,1,0,5,22
game-219,219,"iron-hyena-pack-pressure","red-hunter-evolution",False,19,4,3,0,4,9,9,9,,3,3,0,0,0,0,2,0,2,0,0,0,0,6,0,6,0,0,5,0,6,5,3,4,0,0,"red.ancestor.grandmother","iron.ancestor.firstpack",1,0,4,2,4,5,0,1,0,0,0,0,8,0,7,0,0,0,0,11,0,11,0,11,0,1,0,6,18,31,0,0,1,0,1,1,0,0,1,1,4,5,0,1,0,11
game-220,220,"red-hunter-evolution","iron-hyena-pack-pressure",False,25,5,1,3,4,9,8,9,17,3,1,2,1,0,1,1,0,1,0,0,0,8,2,6,2,0,0,4,1,12,0,7,0,0,0,"red.ancestor.firsthunter","",3,0,8,0,9,0,2,0,0,0,0,0,0,1,0,1,0,0,0,8,0,8,0,8,0,2,0,5,26,32,0,0,2,0,8,0,0,0,2,1,4,5,1,1,13,6
game-221,221,"red-hunter-evolution","iron-hyena-pack-pressure",False,25,5,1,3,6,15,8,12,17,2,2,0,1,0,1,3,2,1,0,0,0,2,2,2,2,0,3,6,2,8,7,5,5,0,0,"red.ancestor.grandmother","iron.ancestor.firstpack",2,0,6,2,9,6,5,2,1,0,0,0,12,2,10,1,0,0,0,12,0,12,0,12,0,1,0,7,26,36,0,0,2,0,7,1,0,0,2,1,6,13,1,1,24,12
game-222,222,"iron-hyena-pack-pressure","red-hunter-evolution",False,31,6,3,2,6,9,5,13,17,3,2,1,1,0,1,2,1,1,0,0,0,6,2,6,2,0,1,4,0,22,18,9,11,0,0,"red.ancestor.grandmother","iron.ancestor.firstpack",3,0,8,2,12,11,2,3,1,0,0,0,13,1,8,1,0,0,0,17,0,17,0,17,0,4,0,11,30,49,0,0,1,0,6,1,0,0,2,2,6,15,0,1,0,20
game-223,223,"red-hunter-evolution","iron-hyena-pack-pressure",False,20,4,2,3,4,7,10,10,13,2,1,1,1,0,1,1,0,1,0,0,0,4,2,4,2,2,0,7,1,11,0,6,0,0,0,"red.ancestor.firsthunter","",2,0,6,0,5,0,3,0,0,0,0,0,4,1,3,1,0,0,0,9,0,9,0,9,0,2,0,5,20,29,0,0,0,0,2,0,1,0,1,1,4,5,0,0,8,20
game-224,224,"iron-hyena-pack-pressure","red-hunter-evolution",False,14,3,3,0,5,9,5,13,,1,1,0,0,0,0,0,0,0,0,0,0,0,0,0,0,0,0,4,0,11,3,5,2,0,0,"red.ancestor.grandmother","iron.ancestor.firstpack",1,0,4,2,4,2,0,2,0,0,0,0,3,0,3,0,0,0,0,8,0,8,0,8,0,0,0,4,14,22,0,0,2,0,1,0,0,0,1,0,5,,1,0,0,6
game-225,225,"red-hunter-evolution","iron-hyena-pack-pressure",False,37,7,1,3,4,7,7,10,32,5,4,1,1,0,1,5,3,2,0,0,0,4,6,4,6,2,1,6,3,19,14,11,10,0,0,"red.ancestor.firsthunter","iron.ancestor.firstpack",6,2,14,6,15,14,7,4,0,0,0,0,10,1,9,1,0,0,0,17,0,17,0,17,0,2,0,11,38,53,0,0,1,0,12,2,1,0,3,2,4,15,1,1,17,9
game-226,226,"iron-hyena-pack-pressure","red-hunter-evolution",False,21,4,3,1,4,9,5,13,,2,2,0,0,0,0,2,1,1,0,0,0,0,4,0,4,0,1,4,0,8,11,4,6,0,0,"red.ancestor.firsthunter","iron.ancestor.firstpack",2,0,6,2,7,6,3,1,0,0,0,0,5,0,5,0,0,0,0,15,0,15,0,15,0,4,0,9,20,37,0,0,2,0,4,3,0,0,1,1,4,15,0,1,0,11
game-227,227,"red-hunter-evolution","iron-hyena-pack-pressure",False,22,4,2,3,4,9,5,7,20,2,2,0,1,0,1,4,1,3,0,0,0,2,8,2,8,0,0,3,1,14,3,6,2,0,0,"red.ancestor.firsthunter","iron.ancestor.smithpassedfang",3,1,8,4,8,8,3,3,0,0,1,0,4,0,4,0,0,0,0,9,0,9,0,9,0,2,0,6,22,31,0,0,2,0,3,2,0,0,1,1,4,15,0,0,0,18
game-228,228,"iron-hyena-pack-pressure","red-hunter-evolution",False,33,6,3,2,4,7,8,11,,4,2,2,0,0,0,3,1,2,0,0,0,6,4,6,4,0,0,6,4,32,1,13,1,0,0,"red.ancestor.firsthunter","iron.ancestor.firstpack",2,0,6,2,12,12,6,1,0,0,0,0,5,2,5,2,0,0,0,19,0,18,0,18,0,4,0,11,32,52,0,0,2,0,6,1,0,0,3,2,4,5,0,1,6,14
game-229,229,"red-hunter-evolution","iron-hyena-pack-pressure",False,22,4,2,3,6,9,5,10,17,1,1,0,1,0,1,2,1,1,0,0,0,2,2,2,2,0,0,2,2,8,5,5,4,0,0,"red.ancestor.grandmother","iron.ancestor.firstpack",1,0,4,2,8,6,6,1,0,0,0,0,3,1,2,1,0,0,0,8,0,8,0,8,0,0,0,6,22,30,0,0,2,0,7,1,1,0,1,1,6,12,0,0,9,9
game-230,230,"iron-hyena-pack-pressure","red-hunter-evolution",False,21,4,3,2,4,13,8,10,,3,2,1,0,0,0,3,1,2,0,0,0,4,6,4,4,0,1,4,0,7,0,5,0,0,0,"red.ancestor.firsthunter","",2,0,6,0,6,0,4,0,2,0,0,0,3,1,3,1,0,0,0,9,0,9,0,9,0,2,0,6,20,31,0,0,1,0,3,1,0,0,1,1,4,5,0,1,6,19
game-231,231,"red-hunter-evolution","iron-hyena-pack-pressure",False,17,3,0,3,3,12,8,10,15,2,2,0,1,0,1,0,0,0,0,0,0,4,0,4,0,0,0,2,0,1,2,1,1,0,0,"red.ancestor.firsthunter","iron.ancestor.firstpack",0,0,2,2,5,3,5,0,0,0,0,0,6,0,3,0,0,0,0,5,0,5,0,5,0,0,0,3,18,21,0,0,0,0,5,1,0,0,1,1,4,3,1,1,16,6
game-232,232,"red-hunter-evolution","iron-hyena-pack-pressure",False,24,4,2,3,4,9,8,9,15,2,2,0,1,0,1,2,0,2,0,0,0,2,6,2,6,0,0,6,1,13,2,7,2,0,0,"red.ancestor.firsthunter","iron.ancestor.firstpack",0,1,2,4,8,7,6,0,0,0,1,0,6,1,5,1,0,0,0,12,0,12,0,12,0,4,0,8,24,36,0,0,0,0,4,1,0,0,1,1,4,13,0,0,15,10
game-233,233,"red-hunter-evolution","iron-hyena-pack-pressure",False,25,5,2,3,4,9,7,12,20,3,3,0,1,0,1,3,1,2,0,0,0,2,6,2,6,0,0,6,1,20,8,9,5,0,0,"red.ancestor.firsthunter","iron.ancestor.firstpack",2,2,6,6,9,8,4,1,0,0,1,0,5,1,4,1,0,0,0,9,0,9,0,9,0,2,0,6,26,33,0,0,0,0,5,0,0,0,2,1,4,13,1,1,26,12
game-234,234,"red-hunter-evolution","iron-hyena-pack-pressure",False,15,3,2,3,4,7,7,8,,2,1,1,0,0,0,0,0,0,0,0,0,2,0,2,0,0,0,2,0,2,5,1,3,0,0,"red.ancestor.firsthunter","iron.ancestor.firstpack",0,0,2,2,4,3,6,0,0,0,0,0,2,1,2,1,0,0,0,7,0,7,0,7,0,0,0,4,16,21,0,0,1,0,3,1,1,0,1,0,4,10,1,1,21,8
game-235,235,"red-hunter-evolution","iron-hyena-pack-pressure",False,25,5,2,3,4,17,8,11,24,3,2,1,1,0,1,2,0,2,0,0,0,4,6,3,6,0,0,9,1,14,7,8,5,0,0,"red.ancestor.grandmother","iron.ancestor.firstpack",3,1,8,4,9,6,5,1,0,0,0,0,2,4,2,2,0,0,0,11,0,11,0,11,0,6,0,7,26,35,0,0,1,0,2,1,2,0,2,1,4,15,1,1,14,13
game-236,236,"red-hunter-evolution","iron-hyena-pack-pressure",False,37,7,1,3,6,11,5,12,36,4,2,2,1,0,1,3,0,3,0,0,0,10,6,10,6,1,0,3,0,27,1,12,1,0,0,"red.ancestor.firsthunter","iron.ancestor.firstpack",1,0,4,2,16,10,10,0,0,0,0,0,0,3,0,3,0,0,0,15,0,15,0,15,0,4,0,9,38,51,0,0,2,0,10,0,0,0,4,2,6,15,1,1,16,5
game-237,237,"iron-hyena-pack-pressure","red-hunter-evolution",False,14,3,3,0,6,8,7,7,,1,1,0,0,0,0,1,0,1,0,0,0,0,2,0,2,0,0,5,0,13,3,4,2,0,0,"red.ancestor.firsthunter","iron.ancestor.firstpack",0,0,2,2,3,3,0,0,0,0,0,0,0,0,0,0,0,0,0,5,0,5,0,5,0,1,0,4,14,19,0,0,0,0,0,1,0,0,1,0,6,,1,0,0,9
game-238,238,"iron-hyena-pack-pressure","red-hunter-evolution",False,23,4,3,0,6,11,5,11,,2,2,0,0,0,0,3,1,2,0,0,0,0,8,0,7,0,1,4,1,18,8,8,5,0,0,"red.ancestor.grandmother","iron.ancestor.firstpack",1,0,4,2,8,6,1,1,0,0,0,0,3,1,3,1,0,0,0,11,0,11,0,11,0,4,0,7,22,35,0,0,0,0,1,0,0,0,1,1,6,,0,1,0,13
game-239,239,"iron-hyena-pack-pressure","red-hunter-evolution",False,23,4,3,2,7,9,5,9,15,2,2,0,1,0,1,2,1,1,0,0,0,2,4,2,4,0,1,4,0,10,9,5,6,0,0,"red.ancestor.firsthunter","iron.ancestor.firstpack",2,0,6,2,8,7,2,3,0,0,0,0,6,4,5,1,0,0,0,17,0,16,0,16,0,4,0,8,22,40,0,0,2,0,3,1,1,0,1,1,7,13,0,1,4,12
game-240,240,"iron-hyena-pack-pressure","red-hunter-evolution",False,21,4,3,2,4,9,8,12,,2,2,0,0,0,0,2,1,1,0,0,0,0,8,0,4,0,0,4,2,11,7,5,4,0,0,"red.ancestor.firsthunter","iron.ancestor.firstpack",2,0,6,2,6,6,2,2,0,0,0,0,4,1,4,1,0,0,0,12,0,12,0,12,0,2,0,6,20,34,0,0,1,0,2,0,0,0,1,1,4,5,0,1,5,14
game-241,241,"iron-hyena-pack-pressure","red-hunter-evolution",False,18,3,3,0,4,7,8,13,,2,1,1,0,0,0,0,0,0,0,0,0,2,0,2,0,1,0,5,0,15,6,6,4,0,0,"red.ancestor.firsthunter","iron.ancestor.firstpack",1,0,4,2,5,4,1,1,0,0,0,0,5,0,4,0,0,0,0,12,0,12,0,12,0,1,0,6,18,30,0,0,1,0,3,0,0,0,1,1,4,5,1,0,0,15
game-242,242,"red-hunter-evolution","iron-hyena-pack-pressure",False,32,6,1,3,4,7,7,8,,3,1,2,0,0,0,2,0,2,0,0,0,8,6,8,6,0,0,0,0,17,13,8,8,0,0,"red.ancestor.firsthunter","iron.ancestor.firstpack",2,0,6,2,12,12,7,0,0,0,0,0,4,2,4,1,0,1,0,13,0,13,0,13,0,1,0,9,32,45,0,0,3,0,11,1,0,0,3,2,4,20,0,0,5,11
game-243,243,"red-hunter-evolution","iron-hyena-pack-pressure",False,29,5,1,3,4,15,8,8,27,4,1,3,1,0,1,3,1,2,0,0,0,12,6,12,6,0,0,3,3,16,1,9,1,0,0,"red.ancestor.firsthunter","iron.ancestor.firstpack",3,0,8,2,11,5,9,2,0,0,0,0,6,4,6,3,0,0,0,12,0,12,0,12,0,3,0,8,30,40,0,0,1,0,7,0,0,0,2,2,4,13,1,1,18,8
game-244,244,"iron-hyena-pack-pressure","red-hunter-evolution",False,11,2,3,0,4,7,6,7,,0,0,0,0,0,0,1,0,1,0,0,0,0,4,0,3,0,0,0,0,2,4,1,3,0,0,"red.ancestor.grandmother","iron.ancestor.firstpack",0,0,2,2,1,3,0,1,0,0,0,0,0,0,0,0,0,0,0,9,0,9,0,9,0,2,0,4,10,21,0,0,1,0,0,1,0,0,0,0,4,,0,1,0,12
game-245,245,"red-hunter-evolution","iron-hyena-pack-pressure",False,32,6,2,3,4,7,8,12,,3,2,1,0,0,0,4,2,2,0,0,0,2,8,2,8,1,0,7,3,21,14,10,8,0,0,"red.ancestor.firsthunter","iron.ancestor.firstpack",5,0,12,2,12,10,6,4,0,0,0,0,3,2,2,2,0,0,0,18,0,18,0,18,0,3,0,11,32,50,0,0,2,0,9,2,0,0,2,2,4,5,0,0,10,10
game-246,246,"red-hunter-evolution","iron-hyena-pack-pressure",False,29,5,1,3,4,17,8,10,24,3,3,0,1,0,1,2,1,1,0,0,0,2,4,2,4,0,0,3,1,18,6,8,4,0,0,"red.ancestor.firsthunter","iron.ancestor.firstpack",2,0,6,2,11,6,5,2,0,0,0,0,8,3,7,2,0,0,0,10,0,10,0,10,0,2,0,7,30,38,0,1,3,0,10,1,1,0,2,2,4,5,1,1,12,12
game-247,247,"iron-hyena-pack-pressure","red-hunter-evolution",False,19,4,3,1,6,7,7,11,,2,2,0,0,0,0,3,1,2,0,0,0,0,6,0,6,0,1,4,0,12,7,5,5,0,0,"red.ancestor.firsthunter","iron.ancestor.firstpack",2,0,6,2,5,6,1,1,0,0,0,0,3,0,3,0,0,0,0,15,0,15,0,15,0,4,0,7,18,35,0,0,0,0,1,1,0,0,1,1,6,13,0,1,7,19
game-248,248,"iron-hyena-pack-pressure","red-hunter-evolution",False,14,3,3,0,4,7,5,7,,1,0,1,0,0,0,2,0,2,0,0,0,2,4,2,3,0,0,0,0,6,3,3,3,0,0,"red.ancestor.firsthunter","iron.ancestor.firstpack",2,0,6,2,4,3,0,2,0,0,0,0,1,0,1,0,0,0,0,10,0,10,0,10,0,2,0,4,14,24,0,0,1,0,2,1,0,0,1,0,4,,1,0,0,11
game-249,249,"iron-hyena-pack-pressure","red-hunter-evolution",False,19,4,3,1,4,7,8,13,,1,1,0,0,0,0,0,0,0,0,0,0,0,0,0,0,0,0,6,1,15,6,6,4,0,0,"red.ancestor.firsthunter","iron.ancestor.firstpack",0,0,2,2,5,4,2,0,0,0,0,0,2,0,2,0,0,0,0,8,0,8,0,8,0,1,0,6,18,28,0,0,2,0,2,0,0,0,1,1,4,15,0,1,0,23
game-250,250,"red-hunter-evolution","iron-hyena-pack-pressure",False,20,4,1,3,4,7,8,10,17,2,2,0,1,0,1,2,1,1,0,0,0,2,2,2,2,0,1,3,1,5,1,4,1,0,0,"red.ancestor.grandmother","iron.ancestor.firstpack",1,0,4,2,6,3,6,0,0,0,0,0,10,1,8,1,0,0,0,8,0,8,0,8,0,2,0,6,20,28,0,0,1,0,5,0,0,0,1,1,4,12,0,0,15,11
game-251,251,"iron-hyena-pack-pressure","red-hunter-evolution",False,18,3,3,0,4,9,7,11,17,1,1,0,1,0,1,1,0,1,0,0,0,2,2,2,2,1,1,4,0,8,2,3,2,0,0,"red.ancestor.firsthunter","iron.ancestor.firstpack",0,0,2,2,5,5,1,0,0,0,0,0,4,0,4,0,0,0,0,7,0,7,0,7,0,1,0,5,18,25,0,0,2,0,3,2,0,0,1,1,4,15,1,0,0,9
game-252,252,"red-hunter-evolution","iron-hyena-pack-pressure",False,22,4,1,3,4,7,8,9,17,2,2,0,1,0,1,2,0,2,0,0,0,2,6,2,6,0,0,8,1,11,5,5,3,0,0,"red.ancestor.firsthunter","iron.ancestor.firstpack",1,0,4,2,7,4,2,3,0,0,0,0,8,0,6,0,0,0,0,8,0,8,0,8,0,1,0,6,22,30,0,0,1,0,5,1,0,0,1,1,4,5,0,0,5,16
game-253,253,"red-hunter-evolution","iron-hyena-pack-pressure",False,22,4,2,3,4,11,5,10,,2,2,0,0,0,0,1,0,1,0,0,0,0,4,0,4,0,0,2,3,2,9,1,6,0,0,"red.ancestor.firsthunter","iron.ancestor.firstpack",0,0,2,2,8,7,8,0,0,0,0,0,3,3,2,2,0,0,0,9,0,9,0,9,0,2,0,8,22,31,0,0,0,0,5,0,2,0,1,1,4,12,0,0,9,10
game-254,254,"iron-hyena-pack-pressure","red-hunter-evolution",False,15,3,3,0,4,7,8,10,,2,2,0,0,0,0,1,0,1,0,0,0,0,2,0,2,0,0,2,0,6,4,4,2,0,0,"red.ancestor.firsthunter","iron.ancestor.firstpack",2,0,6,2,4,2,0,1,0,0,0,0,3,1,3,1,0,0,0,9,0,9,0,9,0,1,0,4,16,23,0,0,1,0,2,1,0,0,1,0,4,5,1,0,4,10
game-255,255,"iron-hyena-pack-pressure","red-hunter-evolution",False,21,4,3,0,4,11,8,13,17,2,2,0,1,0,1,2,2,0,0,0,0,2,0,2,0,0,1,8,1,11,6,6,5,0,0,"red.ancestor.grandmother","iron.ancestor.firstpack",2,0,6,2,6,5,1,2,0,0,0,0,9,0,7,0,0,0,0,14,0,12,0,12,0,0,0,8,20,34,0,0,0,0,3,0,0,0,1,1,4,15,0,1,0,14
game-256,256,"iron-hyena-pack-pressure","red-hunter-evolution",False,35,6,3,2,3,9,9,13,29,4,2,2,1,0,1,3,2,1,0,0,0,8,2,8,2,2,1,4,1,27,4,11,3,0,0,"red.ancestor.firsthunter","iron.ancestor.firstpack",4,1,10,4,12,13,4,0,1,0,2,0,10,0,10,0,0,0,0,20,0,20,0,20,0,2,0,13,34,56,0,0,2,0,13,0,0,0,3,2,7,3,0,1,3,12
game-257,257,"iron-hyena-pack-pressure","red-hunter-evolution",False,19,4,3,0,6,9,5,9,,1,1,0,0,0,0,1,0,1,0,0,0,0,2,0,2,0,0,2,0,7,4,4,3,0,0,"red.ancestor.grandmother","iron.ancestor.firstpack",2,0,6,2,6,5,1,2,0,0,0,0,0,0,0,0,0,0,0,12,0,11,0,11,0,5,0,5,18,31,0,0,2,0,0,1,0,0,1,1,6,15,0,1,0,19
game-258,258,"iron-hyena-pack-pressure","red-hunter-evolution",False,18,3,3,0,4,7,5,9,,0,0,0,0,0,0,2,0,2,0,0,0,0,6,0,6,0,0,0,1,14,5,6,3,0,0,"red.ancestor.firsthunter","iron.ancestor.firstpack",2,0,6,2,6,5,0,0,0,0,0,0,0,0,0,0,0,0,0,10,0,10,0,10,0,1,0,6,18,28,0,0,0,0,1,4,0,0,1,1,4,,1,0,0,14
game-259,259,"iron-hyena-pack-pressure","red-hunter-evolution",False,21,4,3,0,4,11,8,13,,1,1,0,0,0,0,2,0,2,0,0,0,0,4,0,3,0,2,4,0,14,2,5,2,0,0,"red.ancestor.grandmother","iron.ancestor.smithpassedfang",1,1,4,4,6,6,0,2,0,0,1,0,1,0,1,0,0,0,0,12,0,12,0,12,0,2,0,6,20,34,0,0,1,0,1,1,0,0,1,1,4,,0,1,0,13
game-260,260,"iron-hyena-pack-pressure","red-hunter-evolution",False,23,4,3,0,7,9,5,8,,3,2,1,0,0,0,2,0,2,0,0,0,2,4,2,4,0,0,2,0,15,10,6,5,0,0,"red.ancestor.firsthunter","iron.ancestor.firstpack",3,0,8,2,8,7,0,2,0,0,0,0,5,0,5,0,0,0,0,15,0,15,0,15,0,5,0,9,22,39,0,0,1,0,3,4,0,0,1,1,7,,0,1,0,10
game-261,261,"iron-hyena-pack-pressure","red-hunter-evolution",False,28,5,3,2,4,9,8,10,,4,2,2,0,0,0,3,1,2,0,0,0,6,8,6,4,0,1,7,2,21,8,9,6,0,0,"red.ancestor.firsthunter","iron.ancestor.firstpack",2,2,6,6,10,9,4,1,0,0,0,0,7,0,5,0,0,0,0,17,0,15,0,15,0,1,0,10,28,43,0,0,2,0,8,4,0,0,2,2,4,13,1,0,9,5
game-262,262,"iron-hyena-pack-pressure","red-hunter-evolution",False,19,4,3,1,4,8,8,12,,2,2,0,0,0,0,0,0,0,0,0,0,0,0,0,0,0,0,4,0,11,6,5,4,0,0,"red.ancestor.firsthunter","iron.ancestor.firstpack",2,0,6,2,5,5,1,1,0,0,0,0,6,0,6,0,0,0,0,10,0,10,0,10,0,0,0,6,18,30,0,0,0,0,3,0,0,0,1,1,4,5,0,1,5,15
game-263,263,"iron-hyena-pack-pressure","red-hunter-evolution",False,18,3,3,1,4,8,8,12,,2,2,0,0,0,0,1,0,1,0,0,0,0,8,0,2,0,0,5,0,12,5,5,3,0,0,"red.ancestor.firsthunter","iron.ancestor.firstpack",0,0,2,2,5,4,3,0,0,0,0,0,2,1,2,1,0,0,0,8,0,8,0,8,0,3,0,6,18,26,0,0,1,0,2,0,0,0,1,1,4,15,1,0,0,7
game-264,264,"red-hunter-evolution","iron-hyena-pack-pressure",False,17,3,1,3,4,7,8,10,,2,2,0,0,0,0,0,0,0,0,0,0,0,0,0,0,0,0,3,3,6,2,4,1,0,0,"red.ancestor.firsthunter","iron.ancestor.firstpack",2,0,6,2,5,1,3,0,0,0,0,0,5,0,4,0,0,0,0,4,0,4,0,4,0,0,0,4,18,20,0,0,0,0,3,1,0,0,1,1,4,5,1,1,7,9
game-265,265,"red-hunter-evolution","iron-hyena-pack-pressure",False,15,3,0,3,4,12,10,10,,2,2,0,0,0,0,0,0,0,0,0,0,0,0,0,0,0,0,3,0,5,0,2,0,0,0,"red.ancestor.firsthunter","",0,0,2,0,3,0,3,0,0,0,0,0,4,0,4,0,0,0,0,3,0,3,0,3,0,0,0,3,16,17,0,0,1,0,3,0,0,0,1,0,4,5,1,1,17,3
game-266,266,"iron-hyena-pack-pressure","red-hunter-evolution",False,23,4,3,1,6,9,5,13,17,2,1,1,1,0,1,2,1,1,0,0,0,6,2,6,2,1,2,6,0,17,6,7,5,0,0,"red.ancestor.firsthunter","iron.ancestor.smithpassedfang",2,1,6,4,8,7,3,1,0,0,1,0,8,1,7,1,0,0,0,12,0,11,0,11,0,2,0,5,22,35,0,0,1,0,4,0,0,0,1,1,6,15,0,1,0,17
game-267,267,"red-hunter-evolution","iron-hyena-pack-pressure",False,27,5,1,3,4,12,8,8,,3,0,3,0,0,0,2,2,0,0,0,0,6,0,6,0,1,1,1,2,16,2,8,1,0,0,"red.ancestor.firsthunter","iron.ancestor.firstpack",1,0,4,2,10,7,8,1,0,0,0,0,4,1,4,1,0,0,0,12,0,12,0,12,0,1,0,8,28,38,0,0,2,0,12,3,0,0,2,1,4,10,1,1,18,3
game-268,268,"red-hunter-evolution","iron-hyena-pack-pressure",False,22,4,2,3,4,7,7,10,15,2,0,2,1,0,1,2,1,1,0,0,0,8,2,6,2,0,0,1,3,6,9,4,5,0,0,"red.ancestor.grandmother","iron.ancestor.firstpack",2,0,6,2,7,7,5,0,0,0,0,0,16,1,7,1,0,0,0,11,0,11,0,11,0,1,0,7,22,33,0,0,2,0,6,1,1,0,1,1,4,12,0,0,16,15
game-269,269,"iron-hyena-pack-pressure","red-hunter-evolution",False,19,4,3,2,4,7,9,12,,2,2,0,0,0,0,1,0,1,0,0,0,0,2,0,2,0,0,3,0,10,3,4,3,0,0,"red.ancestor.firsthunter","iron.ancestor.firstpack",2,1,6,4,4,5,2,1,0,0,0,0,3,1,2,1,0,0,0,10,0,10,0,10,0,4,0,6,18,30,0,0,0,0,0,1,0,0,1,1,4,5,0,1,8,17
game-270,270,"iron-hyena-pack-pressure","red-hunter-evolution",False,45,8,3,2,4,7,7,11,,6,3,3,0,0,0,5,1,4,0,0,0,16,8,12,8,2,1,2,2,40,22,16,15,0,0,"red.ancestor.grandmother","iron.ancestor.firstpack",5,2,12,6,18,19,8,4,0,0,1,0,7,3,5,2,0,1,0,24,0,24,0,24,0,5,0,18,44,70,0,0,2,0,12,1,0,0,4,3,4,27,0,1,0,16
game-271,271,"red-hunter-evolution","iron-hyena-pack-pressure",False,27,5,2,3,4,9,10,12,15,3,2,1,1,0,1,3,1,2,0,0,0,4,6,4,6,0,1,4,1,9,5,4,4,0,0,"red.ancestor.firsthunter","iron.ancestor.firstpack",2,2,6,6,9,7,5,1,0,0,1,0,6,1,4,1,0,0,0,14,0,14,0,14,0,3,0,8,28,40,0,0,2,0,7,1,1,0,2,1,4,5,1,1,20,14
game-272,272,"red-hunter-evolution","iron-hyena-pack-pressure",False,17,3,1,3,3,5,10,9,15,1,1,0,1,0,1,1,0,1,0,0,0,2,2,2,2,0,0,2,0,5,0,3,0,0,0,"red.ancestor.firsthunter","",1,0,4,0,4,0,3,1,0,0,0,0,2,0,1,0,0,0,0,5,0,5,0,5,0,2,0,3,18,21,0,0,0,0,0,0,0,0,1,1,4,3,1,1,12,8
game-273,273,"red-hunter-evolution","iron-hyena-pack-pressure",False,17,3,1,3,4,7,6,6,,2,1,1,0,0,0,1,0,1,0,0,0,2,2,2,2,0,0,1,0,4,4,3,3,0,0,"red.ancestor.firsthunter","iron.ancestor.firstpack",0,1,2,4,5,5,4,0,0,0,0,0,5,0,4,0,0,0,0,7,0,7,0,7,0,2,0,4,18,23,0,0,1,0,2,1,0,0,1,1,4,12,1,1,11,9
game-274,274,"red-hunter-evolution","iron-hyena-pack-pressure",False,25,5,2,3,4,9,5,9,20,2,1,1,1,0,1,2,1,1,0,0,0,4,2,4,2,0,1,5,1,7,7,4,5,0,0,"red.ancestor.grandmother","iron.ancestor.firstpack",1,0,4,2,10,6,7,2,0,0,0,0,10,0,5,0,0,0,0,9,0,9,0,9,0,1,0,7,26,33,0,0,2,0,5,0,0,0,2,1,4,13,1,1,18,13
game-275,275,"red-hunter-evolution","iron-hyena-pack-pressure",False,34,6,2,3,3,11,7,7,22,3,2,1,1,0,1,4,1,3,0,0,0,6,12,6,8,1,0,5,2,22,11,9,8,0,0,"red.ancestor.grandmother","iron.ancestor.firstpack",2,2,6,6,13,13,8,2,0,0,1,0,1,4,1,3,0,0,0,19,0,19,0,19,0,6,0,10,34,53,0,0,2,0,14,1,0,0,3,2,6,3,0,0,0,15
game-276,276,"iron-hyena-pack-pressure","red-hunter-evolution",False,18,3,3,0,4,9,7,11,,1,1,0,0,0,0,2,0,2,0,0,0,0,4,0,3,0,1,1,0,17,6,6,4,0,0,"red.ancestor.firsthunter","iron.ancestor.firstpack",0,0,2,2,5,5,2,0,0,0,0,0,2,2,2,1,0,0,0,10,0,10,0,10,0,2,0,7,18,28,0,0,2,0,1,1,0,0,1,1,4,17,1,0,0,9
game-277,277,"iron-hyena-pack-pressure","red-hunter-evolution",False,23,4,3,0,4,7,5,7,,2,0,2,0,0,0,2,1,1,0,0,0,4,2,4,2,0,0,2,0,18,6,7,4,0,0,"red.ancestor.firsthunter","iron.ancestor.smithpassedfang",3,1,8,4,8,9,1,3,0,0,3,0,5,0,5,0,0,0,0,11,0,11,0,11,0,2,0,8,22,35,0,0,1,0,1,0,0,0,1,1,4,13,0,1,5,10
game-278,278,"iron-hyena-pack-pressure","red-hunter-evolution",False,14,3,3,0,4,7,5,6,,1,1,0,0,0,0,2,0,2,0,0,0,0,6,0,6,1,0,3,0,13,5,5,4,0,0,"red.ancestor.firsthunter","iron.ancestor.firstpack",1,1,4,4,4,4,0,2,0,0,0,0,0,0,0,0,0,0,0,7,0,7,0,7,0,3,0,5,14,21,0,0,0,0,0,2,0,0,1,0,4,13,1,0,4,13
game-279,279,"iron-hyena-pack-pressure","red-hunter-evolution",False,18,3,3,1,4,7,7,8,,2,1,1,0,0,0,1,0,1,0,0,0,2,4,2,4,0,0,2,0,11,6,4,4,0,0,"red.ancestor.firsthunter","iron.ancestor.firstpack",1,0,4,2,5,5,1,2,0,0,0,0,1,0,1,0,0,0,0,9,0,9,0,9,0,2,0,5,18,27,0,0,3,0,1,1,0,0,1,1,4,15,1,0,0,15
game-280,280,"iron-hyena-pack-pressure","red-hunter-evolution",False,19,4,3,2,4,7,5,10,,2,1,1,0,0,0,1,1,0,0,0,0,2,0,2,0,1,0,2,4,4,4,2,3,0,0,"red.ancestor.grandmother","iron.ancestor.firstpack",1,1,4,4,6,6,6,1,0,0,1,0,7,1,4,1,0,0,0,8,0,8,0,8,0,0,0,6,18,28,0,0,0,0,3,0,0,0,1,1,4,13,0,1,6,15
game-281,281,"iron-hyena-pack-pressure","red-hunter-evolution",False,16,3,3,0,6,7,9,7,,0,0,0,0,0,0,2,0,2,0,0,0,0,6,0,6,0,0,0,0,5,4,2,2,0,0,"red.ancestor.firsthunter","iron.ancestor.firstpack",0,0,2,2,2,3,0,0,0,0,0,0,1,0,1,0,0,0,0,9,0,9,0,9,0,4,0,5,16,25,0,0,2,0,1,1,0,0,1,1,6,,1,0,0,10
game-282,282,"iron-hyena-pack-pressure","red-hunter-evolution",False,21,4,3,0,6,7,7,13,,2,1,1,0,0,0,1,0,1,0,0,0,2,2,2,2,0,1,5,1,15,8,6,5,0,0,"red.ancestor.firsthunter","iron.ancestor.firstpack",0,0,2,2,5,7,1,0,0,0,0,0,7,1,4,1,0,0,0,13,0,13,0,13,0,2,0,8,20,35,0,0,2,0,0,1,0,0,1,1,6,,0,1,0,19
game-283,283,"iron-hyena-pack-pressure","red-hunter-evolution",False,24,4,3,1,4,9,8,9,,2,2,0,0,0,0,3,0,3,0,0,0,0,14,0,10,0,1,0,1,9,6,5,4,0,0,"red.ancestor.firsthunter","iron.ancestor.firstpack",2,0,6,2,8,5,0,1,0,0,0,0,6,1,5,1,0,0,0,13,0,13,0,13,0,3,0,7,24,37,0,0,1,0,1,3,0,0,1,1,4,5,0,1,4,12
game-284,284,"iron-hyena-pack-pressure","red-hunter-evolution",False,18,3,3,0,4,9,10,9,,1,1,0,0,0,0,1,0,1,0,0,0,0,2,0,2,0,0,5,1,9,4,4,2,0,0,"red.ancestor.grandmother","iron.ancestor.firstpack",2,0,6,2,4,3,0,2,0,0,0,0,3,0,2,0,0,0,0,14,0,14,0,14,0,4,0,6,18,32,0,0,2,0,2,1,0,0,1,1,4,,1,0,0,15
game-285,285,"red-hunter-evolution","iron-hyena-pack-pressure",False,24,4,1,3,6,11,5,12,20,2,2,0,1,0,1,1,1,0,0,0,0,2,0,2,0,0,0,5,1,14,1,7,1,0,0,"red.ancestor.firsthunter","iron.ancestor.smithpassedfang",4,0,10,2,9,8,3,1,0,0,2,0,4,0,3,0,0,0,0,10,0,10,0,10,0,0,0,6,24,34,0,0,0,0,8,2,0,0,1,1,6,13,0,0,10,7
game-286,286,"red-hunter-evolution","iron-hyena-pack-pressure",False,17,3,2,3,4,7,5,7,,2,2,0,0,0,0,2,1,1,0,0,0,0,2,0,2,0,0,4,1,9,7,4,4,0,0,"red.ancestor.firsthunter","iron.ancestor.firstpack",1,0,4,2,6,5,1,2,0,0,0,0,4,0,3,0,0,0,0,7,0,7,0,7,0,1,0,5,18,23,0,0,0,0,1,1,0,0,1,1,4,12,1,1,10,9
game-287,287,"iron-hyena-pack-pressure","red-hunter-evolution",False,18,3,3,1,4,11,5,12,,1,1,0,0,0,0,0,0,0,0,0,0,0,0,0,0,0,0,3,1,4,7,2,5,0,0,"red.ancestor.firsthunter","iron.ancestor.firstpack",1,0,4,2,6,5,0,4,0,0,0,0,3,0,3,0,0,0,0,8,0,8,0,8,0,0,0,6,18,26,0,0,2,0,1,1,0,0,1,1,4,13,1,0,4,11
game-288,288,"iron-hyena-pack-pressure","red-hunter-evolution",False,19,4,3,2,4,9,8,9,,2,2,0,0,0,0,1,0,1,0,0,0,0,4,0,4,0,0,4,0,9,7,5,5,0,0,"red.ancestor.firsthunter","iron.ancestor.firstpack",2,0,6,2,5,5,2,1,0,0,0,0,4,0,4,0,0,0,0,14,0,14,0,14,0,3,0,7,18,34,0,0,0,0,2,0,0,0,1,1,4,5,0,1,4,13
game-289,289,"iron-hyena-pack-pressure","red-hunter-evolution",False,19,4,3,1,6,7,7,9,17,2,1,1,1,0,1,1,0,1,0,0,0,4,4,4,4,0,0,3,0,13,2,5,2,0,0,"red.ancestor.firsthunter","iron.ancestor.firstpack",0,1,2,4,5,6,2,0,0,0,2,0,2,0,2,0,0,0,0,7,0,7,0,7,0,1,0,5,18,27,0,0,2,0,1,0,0,0,1,1,6,13,0,1,5,17
game-290,290,"iron-hyena-pack-pressure","red-hunter-evolution",False,23,4,3,1,4,9,8,13,17,1,1,0,1,0,1,3,1,2,0,0,0,2,8,2,4,0,1,6,3,20,8,8,6,0,0,"red.ancestor.firsthunter","iron.ancestor.firstpack",2,0,6,2,7,6,2,1,0,0,0,0,4,0,4,0,0,0,0,12,0,12,0,12,0,3,0,9,22,36,0,0,1,0,2,0,0,0,1,1,4,15,0,1,0,6
game-291,291,"red-hunter-evolution","iron-hyena-pack-pressure",False,29,5,0,3,3,17,12,10,27,4,3,1,1,0,1,3,3,0,0,0,0,4,0,4,0,0,0,6,3,25,0,10,0,0,0,"red.ancestor.grandmother","",2,0,6,0,9,0,5,2,0,0,0,0,5,0,4,0,0,0,0,10,0,10,0,10,0,0,0,8,30,38,0,0,1,0,9,0,0,0,2,2,4,3,1,1,6,3
game-292,292,"iron-hyena-pack-pressure","red-hunter-evolution",False,14,3,3,0,6,7,5,7,,1,1,0,0,0,0,1,0,1,0,0,0,0,2,0,2,0,0,2,0,10,6,4,3,0,0,"red.ancestor.firsthunter","iron.ancestor.firstpack",0,0,2,2,4,3,1,0,0,0,0,0,0,0,0,0,0,0,0,10,0,10,0,10,0,4,0,4,14,24,0,0,1,0,0,1,0,0,1,0,6,13,1,0,5,13
game-293,293,"iron-hyena-pack-pressure","red-hunter-evolution",False,19,4,3,1,4,7,8,10,,2,2,0,0,0,0,1,0,1,0,0,0,0,2,0,2,0,0,5,0,9,7,4,4,0,0,"red.ancestor.firsthunter","iron.ancestor.firstpack",0,0,2,2,5,5,3,0,0,0,0,0,3,1,2,1,0,0,0,12,0,11,0,11,0,1,0,6,18,31,0,0,1,0,0,0,0,0,1,1,4,5,0,1,0,18
game-294,294,"iron-hyena-pack-pressure","red-hunter-evolution",False,22,4,3,0,7,11,5,9,,2,2,0,0,0,0,3,1,2,0,0,0,0,4,0,4,0,1,1,1,13,4,5,3,0,0,"red.ancestor.firsthunter","iron.ancestor.firstpack",2,0,6,2,8,6,0,3,0,0,0,0,0,1,0,1,0,0,0,17,0,16,0,16,0,3,0,7,22,38,0,0,3,0,2,1,0,0,1,1,7,,0,1,0,22
game-295,295,"red-hunter-evolution","iron-hyena-pack-pressure",False,22,4,2,3,4,7,10,10,17,2,2,0,1,0,1,1,1,0,0,0,0,2,0,2,0,0,1,3,2,10,0,5,0,0,0,"red.ancestor.firsthunter","",3,0,8,0,6,0,3,3,0,0,0,0,8,0,6,0,0,0,0,9,0,9,0,9,0,0,0,6,22,31,0,0,0,0,3,0,0,0,1,1,4,5,0,0,13,10
game-296,296,"iron-hyena-pack-pressure","red-hunter-evolution",False,16,3,3,1,4,7,7,8,,2,0,2,0,0,0,1,0,1,0,0,0,4,6,4,2,0,0,1,0,5,4,3,3,0,0,"red.ancestor.firsthunter","iron.ancestor.firstpack",2,2,6,6,4,4,0,0,0,0,0,0,3,0,3,0,0,0,0,8,0,8,0,8,0,2,0,5,16,24,0,0,1,0,5,1,0,0,1,1,4,13,1,0,9,7
game-297,297,"iron-hyena-pack-pressure","red-hunter-evolution",False,18,3,3,1,7,9,8,12,15,2,2,0,1,0,1,1,1,0,0,0,0,2,0,2,0,0,1,5,0,15,4,6,3,0,0,"red.ancestor.firsthunter","iron.ancestor.firstpack",0,0,2,2,5,4,3,0,0,0,0,0,3,2,3,1,0,0,0,12,0,12,0,12,0,3,0,6,18,30,0,0,1,0,4,0,0,0,1,1,7,13,1,0,5,14
game-298,298,"iron-hyena-pack-pressure","red-hunter-evolution",False,21,4,3,1,3,5,9,13,17,1,1,0,1,0,1,0,0,0,0,0,0,2,0,2,0,0,0,6,0,19,10,6,6,0,0,"red.ancestor.firsthunter","iron.ancestor.firstpack",0,0,2,2,5,6,2,0,0,0,0,0,5,1,5,1,0,0,0,12,0,12,0,12,0,2,0,8,20,34,0,0,0,0,4,0,0,0,1,1,4,3,0,1,0,12
game-299,299,"red-hunter-evolution","iron-hyena-pack-pressure",False,36,6,2,3,4,7,8,6,29,3,3,0,1,0,1,4,0,4,0,0,0,2,10,2,10,1,0,4,2,28,9,12,7,0,0,"red.ancestor.firsthunter","iron.ancestor.firstpack",4,0,10,2,14,12,7,1,1,0,0,0,4,4,4,3,0,0,0,17,0,17,0,17,0,6,0,13,36,53,0,0,1,0,13,1,1,0,3,2,4,15,0,0,5,17
game-300,300,"iron-hyena-pack-pressure","red-hunter-evolution",False,19,4,3,0,4,9,8,9,,1,1,0,0,0,0,2,1,1,0,0,0,0,8,0,4,0,0,0,1,16,8,6,5,0,0,"red.ancestor.firsthunter","iron.ancestor.firstpack",3,2,8,6,5,5,0,1,1,0,0,0,2,0,2,0,0,0,0,12,0,12,0,12,0,3,0,6,18,32,0,0,1,0,3,1,0,0,1,1,4,5,0,1,0,11
game-301,301,"iron-hyena-pack-pressure","red-hunter-evolution",False,19,4,3,1,4,7,8,9,15,1,1,0,1,0,1,1,0,1,0,0,0,2,2,2,2,0,0,3,1,13,5,6,5,0,0,"red.ancestor.grandmother","iron.ancestor.firstpack",1,1,4,4,5,5,2,0,0,0,0,0,4,0,3,0,0,0,0,13,0,13,0,13,0,4,0,7,18,33,0,0,1,0,2,0,0,0,1,1,4,13,0,1,5,15
game-302,302,"red-hunter-evolution","iron-hyena-pack-pressure",False,20,4,2,3,3,5,9,10,13,2,1,1,1,0,1,0,0,0,0,0,0,4,0,3,0,1,1,2,0,11,8,4,5,0,0,"red.ancestor.firsthunter","iron.ancestor.firstpack",0,0,2,2,5,5,4,0,0,0,0,0,8,0,5,0,0,0,0,7,0,7,0,7,0,0,0,7,20,27,0,0,1,0,3,1,0,0,1,1,4,3,0,0,8,15
game-303,303,"iron-hyena-pack-pressure","red-hunter-evolution",False,26,5,3,2,4,7,7,10,17,4,2,2,1,0,1,2,0,2,0,0,0,8,6,8,6,0,0,6,1,9,12,4,8,0,0,"red.ancestor.firsthunter","iron.ancestor.firstpack",2,0,6,2,9,9,2,4,0,0,0,0,12,1,10,1,0,0,0,17,0,17,0,17,0,2,0,9,26,43,0,0,0,0,8,5,0,0,2,2,4,12,1,0,18,13
game-304,304,"iron-hyena-pack-pressure","red-hunter-evolution",False,19,4,3,0,4,11,9,8,,1,0,1,0,0,0,1,1,0,0,0,0,2,0,2,0,0,2,0,0,9,8,3,5,0,0,"red.ancestor.firsthunter","iron.ancestor.firstpack",1,0,4,2,3,5,0,0,0,0,0,0,3,0,3,0,0,0,0,12,0,11,0,11,0,3,0,6,18,31,0,0,3,0,2,2,0,0,1,1,4,,0,1,0,13
game-305,305,"iron-hyena-pack-pressure","red-hunter-evolution",False,21,4,3,2,4,7,5,10,20,2,2,0,1,0,1,2,2,0,0,0,0,2,0,2,0,0,1,2,2,11,4,6,3,0,0,"red.ancestor.firsthunter","iron.ancestor.firstpack",1,1,4,4,7,8,4,0,1,0,1,0,8,6,8,2,0,0,0,17,0,16,0,16,0,3,0,8,20,38,0,0,2,0,8,1,2,0,1,1,4,12,0,1,13,12
game-306,306,"red-hunter-evolution","iron-hyena-pack-pressure",False,25,5,2,3,4,7,8,12,15,2,1,1,1,0,1,1,0,1,0,0,0,4,2,3,2,1,1,4,0,20,9,9,5,0,0,"red.ancestor.firsthunter","iron.ancestor.firstpack",0,0,2,2,9,7,5,0,0,0,0,0,6,2,5,1,0,0,0,10,0,10,0,10,0,2,0,7,26,34,0,0,2,0,6,1,1,0,2,1,4,5,1,1,20,19
game-307,307,"iron-hyena-pack-pressure","red-hunter-evolution",False,16,3,3,1,4,7,9,10,,2,2,0,0,0,0,1,0,1,0,0,0,0,4,0,2,0,0,2,0,9,3,4,3,0,0,"red.ancestor.grandmother","iron.ancestor.firstpack",1,0,4,2,3,3,1,1,0,0,0,0,4,0,4,0,0,0,0,12,0,12,0,12,0,1,0,5,16,28,0,0,0,0,2,0,0,0,1,1,4,5,1,0,4,9
game-308,308,"iron-hyena-pack-pressure","red-hunter-evolution",False,19,4,3,1,4,7,7,12,,2,2,0,0,0,0,0,0,0,0,0,0,0,0,0,0,1,0,4,0,6,8,3,6,0,0,"red.ancestor.firsthunter","iron.ancestor.firstpack",1,0,4,2,5,6,1,3,0,0,0,0,9,1,6,1,0,0,0,11,0,11,0,11,0,0,0,8,18,31,0,0,1,0,3,0,1,0,1,1,4,13,0,1,5,15
game-309,309,"iron-hyena-pack-pressure","red-hunter-evolution",False,19,4,3,2,4,7,9,10,15,2,2,0,1,0,1,1,1,0,0,0,0,2,0,2,0,0,3,1,1,4,5,2,3,0,0,"red.ancestor.firsthunter","iron.ancestor.firstpack",0,1,2,4,4,5,3,0,0,0,1,0,3,0,3,0,0,0,0,9,0,9,0,9,0,2,0,5,18,29,0,0,1,0,2,1,0,0,1,1,4,5,0,1,11,18
game-310,310,"iron-hyena-pack-pressure","red-hunter-evolution",False,19,4,3,0,6,7,7,7,,2,2,0,0,0,0,2,0,2,0,0,0,0,8,0,6,0,0,3,1,6,6,3,4,0,0,"red.ancestor.firsthunter","iron.ancestor.firstpack",1,0,4,2,5,6,0,2,0,0,0,0,4,0,4,0,0,0,0,12,0,12,0,12,0,4,0,6,18,32,0,0,0,0,2,1,0,0,1,1,6,,0,1,0,19
game-311,311,"red-hunter-evolution","iron-hyena-pack-pressure",False,41,7,1,3,6,9,5,10,,5,4,1,0,0,0,3,3,0,0,0,0,4,0,4,0,0,2,6,1,45,12,16,9,0,0,"red.ancestor.firsthunter","iron.ancestor.firstpack",4,0,10,2,18,15,5,3,0,0,0,0,5,0,5,0,0,0,0,18,0,18,0,18,0,2,0,12,42,58,0,0,1,0,13,1,0,0,3,3,6,13,1,1,14,9
game-312,312,"iron-hyena-pack-pressure","red-hunter-evolution",False,16,3,3,0,4,7,7,15,,1,0,1,0,0,0,1,0,1,0,0,0,2,2,2,1,0,0,1,0,14,5,5,4,0,0,"red.ancestor.firsthunter","iron.ancestor.firstpack",0,0,2,2,4,4,0,0,0,0,0,0,4,0,4,0,0,0,0,10,0,10,0,10,0,2,0,6,16,26,0,0,1,0,3,0,0,0,1,1,4,,1,0,0,8
game-313,313,"iron-hyena-pack-pressure","red-hunter-evolution",False,19,4,3,1,4,9,9,10,,2,2,0,0,0,0,3,1,2,0,0,0,0,6,0,5,0,1,4,0,8,5,3,3,0,0,"red.ancestor.firsthunter","iron.ancestor.firstpack",0,0,2,2,4,5,4,0,0,0,0,0,3,1,2,1,0,0,0,8,0,8,0,8,0,2,0,5,18,28,0,0,2,0,0,0,0,0,1,1,4,13,0,1,9,26
game-314,314,"iron-hyena-pack-pressure","red-hunter-evolution",False,19,4,3,1,4,9,10,13,,2,2,0,0,0,0,2,0,2,0,0,0,0,4,0,3,0,1,4,1,5,5,3,3,0,0,"red.ancestor.grandmother","iron.ancestor.firstpack",1,0,4,2,4,4,3,1,0,0,0,0,3,2,3,1,0,0,0,11,0,11,0,11,0,4,0,6,18,31,0,0,2,0,3,0,0,0,1,1,4,5,0,1,0,14
game-315,315,"iron-hyena-pack-pressure","red-hunter-evolution",False,16,3,3,2,4,7,7,9,,2,2,0,0,0,0,2,0,2,0,0,0,0,4,0,3,0,0,3,0,6,6,3,3,0,0,"red.ancestor.firsthunter","iron.ancestor.firstpack",1,0,4,2,4,4,1,1,0,0,0,0,2,0,2,0,0,0,0,9,0,9,0,9,0,1,0,4,16,25,0,0,1,0,1,0,0,0,1,1,4,12,1,0,13,11
game-316,316,"iron-hyena-pack-pressure","red-hunter-evolution",False,11,2,3,0,4,7,5,11,,0,0,0,0,0,0,1,0,1,0,0,0,0,4,0,2,0,0,2,0,7,3,3,2,0,0,"red.ancestor.firsthunter","iron.ancestor.firstpack",0,0,2,2,2,2,0,0,0,0,0,0,0,0,0,0,0,0,0,7,0,7,0,7,0,1,0,4,10,19,0,0,0,0,0,0,0,0,0,0,4,,0,1,0,5
game-317,317,"iron-hyena-pack-pressure","red-hunter-evolution",False,11,2,3,0,4,7,5,7,,0,0,0,0,0,0,2,0,2,0,0,0,0,6,0,5,0,0,3,0,3,5,2,3,0,0,"red.ancestor.firsthunter","iron.ancestor.firstpack",1,0,4,2,2,3,0,0,0,0,0,0,1,0,1,0,0,0,0,8,0,8,0,8,0,2,0,5,10,20,0,0,1,0,0,3,0,1,0,0,4,,0,1,0,9
game-318,318,"iron-hyena-pack-pressure","red-hunter-evolution",False,18,3,3,0,4,9,5,9,,2,2,0,0,0,0,2,1,1,0,0,0,0,4,0,3,0,1,5,0,12,4,4,4,0,0,"red.ancestor.firsthunter","iron.ancestor.smithpassedfang",0,1,2,4,6,6,0,0,0,0,0,0,4,0,4,0,0,0,0,12,0,12,0,12,0,4,0,6,18,30,0,0,3,0,4,2,0,0,1,1,4,,1,0,0,14
game-319,319,"red-hunter-evolution","iron-hyena-pack-pressure",False,20,4,2,3,4,7,9,9,20,1,1,0,1,0,1,2,1,1,0,0,0,2,4,1,4,0,0,1,2,8,1,5,1,0,0,"red.ancestor.firsthunter","iron.ancestor.firstpack",2,0,6,2,5,5,2,2,0,0,0,0,5,0,4,0,0,0,0,9,0,9,0,9,0,0,0,6,20,29,0,0,0,0,1,1,0,0,1,1,4,5,0,0,12,18
game-320,320,"red-hunter-evolution","iron-hyena-pack-pressure",False,37,7,2,3,4,7,7,9,,5,2,3,0,0,0,4,2,2,0,0,0,6,4,6,4,2,1,9,0,31,16,12,10,0,0,"red.ancestor.grandmother","iron.ancestor.firstpack",1,0,4,2,14,14,9,1,0,0,0,0,2,2,2,2,0,0,0,22,0,22,0,22,0,5,0,13,38,58,0,0,2,0,14,1,0,0,3,2,4,15,1,1,14,10
game-321,321,"red-hunter-evolution","iron-hyena-pack-pressure",False,17,3,1,3,4,9,8,9,,2,2,0,0,0,0,1,0,1,0,0,0,0,2,0,2,0,0,3,1,6,2,3,1,0,0,"red.ancestor.firsthunter","iron.ancestor.firstpack",1,0,4,2,5,2,1,3,0,0,0,0,8,0,5,0,0,0,0,4,0,4,0,4,0,1,0,3,18,20,0,0,2,0,3,3,0,0,1,1,4,5,1,1,11,7
game-322,322,"iron-hyena-pack-pressure","red-hunter-evolution",False,16,3,3,0,4,7,5,13,,2,1,1,0,0,0,1,1,0,0,0,0,2,0,2,0,0,0,6,2,12,6,5,3,0,0,"red.ancestor.firsthunter","iron.ancestor.firstpack",1,0,4,2,5,4,1,1,0,0,0,0,4,0,3,0,0,0,0,7,0,7,0,7,0,0,0,5,16,23,0,0,1,0,1,0,0,0,1,1,4,15,1,0,0,6
game-323,323,"iron-hyena-pack-pressure","red-hunter-evolution",False,19,4,3,1,4,7,5,6,15,1,1,0,1,0,1,2,1,1,0,0,0,2,2,2,2,0,1,4,3,17,9,6,6,0,0,"red.ancestor.firsthunter","iron.ancestor.firstpack",2,0,6,2,6,7,1,0,1,0,0,0,1,0,1,0,0,0,0,10,0,9,0,9,0,1,0,7,18,29,0,0,2,0,1,0,0,0,1,1,4,13,0,1,5,16
game-324,324,"iron-hyena-pack-pressure","red-hunter-evolution",False,28,5,3,2,4,7,8,10,15,2,2,0,1,0,1,2,2,0,0,0,0,2,0,2,0,0,0,4,3,23,7,9,5,0,0,"red.ancestor.firsthunter","iron.ancestor.firstpack",1,0,4,2,10,9,4,0,0,0,0,0,4,2,3,1,0,0,0,18,0,18,0,18,0,4,0,9,28,46,0,0,3,0,7,0,0,0,2,2,4,5,1,0,8,10
game-325,325,"red-hunter-evolution","iron-hyena-pack-pressure",False,29,5,1,3,4,11,7,9,17,3,1,2,1,0,1,3,1,2,0,0,0,8,4,8,4,0,0,4,3,21,6,10,4,0,0,"red.ancestor.firsthunter","iron.ancestor.firstpack",4,1,10,4,11,10,3,2,0,0,1,0,0,1,0,1,0,0,0,9,0,9,0,9,0,2,0,7,30,37,0,0,3,0,7,0,0,0,2,2,4,13,1,1,11,6
game-326,326,"iron-hyena-pack-pressure","red-hunter-evolution",False,18,3,3,2,4,9,7,10,17,1,1,0,1,0,1,1,0,1,0,0,0,2,2,2,2,0,0,2,1,5,7,4,5,0,0,"red.ancestor.grandmother","iron.ancestor.firstpack",1,0,4,2,5,5,3,1,0,0,0,0,5,0,4,0,0,0,0,14,0,14,0,14,0,4,0,7,18,32,0,0,1,0,3,1,0,0,1,1,4,12,1,0,14,8
game-327,327,"iron-hyena-pack-pressure","red-hunter-evolution",False,14,3,3,0,4,7,5,6,,2,2,0,0,0,0,2,0,2,0,0,0,0,4,0,4,0,0,2,0,8,5,4,4,0,0,"red.ancestor.firsthunter","iron.ancestor.firstpack",2,0,6,2,4,4,1,0,0,0,0,0,1,0,1,0,0,0,0,9,0,9,0,9,0,2,0,6,14,23,0,0,1,0,0,0,0,0,1,0,4,13,1,0,8,13
game-328,328,"iron-hyena-pack-pressure","red-hunter-evolution",False,19,4,3,0,4,7,6,6,,0,0,0,0,0,0,3,0,3,0,0,0,0,8,0,6,0,1,0,0,15,3,5,3,0,0,"red.ancestor.firsthunter","iron.ancestor.firstpack",1,2,4,6,5,7,0,1,0,0,1,0,1,0,1,0,0,0,0,11,0,10,0,10,0,4,0,6,18,30,0,0,0,0,0,2,0,0,1,1,4,,0,1,0,23
game-329,329,"iron-hyena-pack-pressure","red-hunter-evolution",False,18,3,3,2,4,7,8,10,,2,2,0,0,0,0,2,0,2,0,0,0,0,10,0,6,0,0,4,0,10,5,5,3,0,0,"red.ancestor.firsthunter","iron.ancestor.firstpack",0,0,2,2,5,4,4,0,0,0,0,0,3,1,2,1,0,0,0,10,0,10,0,10,0,3,0,5,18,28,0,0,1,0,1,0,0,0,1,1,4,5,1,0,5,14
game-330,330,"iron-hyena-pack-pressure","red-hunter-evolution",False,23,4,3,1,4,9,5,10,,2,1,1,0,0,0,2,0,2,0,0,0,2,4,2,3,1,0,2,1,6,11,4,7,0,0,"red.ancestor.grandmother","iron.ancestor.firstpack",1,0,4,2,8,8,5,2,0,0,0,0,7,2,5,2,0,0,0,12,0,12,0,12,0,3,0,8,22,36,0,0,2,0,4,1,0,0,1,1,4,12,0,1,16,13
game-331,331,"iron-hyena-pack-pressure","red-hunter-evolution",False,21,4,3,0,6,16,5,15,20,1,0,1,1,0,1,2,1,1,0,0,0,6,6,6,2,1,1,0,0,17,4,6,3,0,0,"red.ancestor.grandmother","iron.ancestor.firstpack",1,2,4,6,7,6,1,1,0,0,0,0,4,2,4,1,0,0,0,14,0,11,0,11,0,1,0,7,20,33,0,0,1,0,4,1,1,0,1,1,6,17,0,1,0,20
game-332,332,"iron-hyena-pack-pressure","red-hunter-evolution",False,19,4,3,0,4,7,7,8,,3,1,2,0,0,0,2,1,1,0,0,0,4,4,4,4,1,0,2,0,9,10,4,5,0,0,"red.ancestor.firsthunter","iron.ancestor.firstpack",2,0,6,2,5,6,1,1,0,0,0,0,7,0,6,0,0,0,0,9,0,9,0,9,0,1,0,7,18,29,0,0,1,0,3,1,0,0,1,1,4,15,0,1,0,14
game-333,333,"iron-hyena-pack-pressure","red-hunter-evolution",False,42,7,3,2,4,15,8,8,29,6,2,4,1,0,1,3,1,2,0,0,0,16,4,12,4,2,2,4,1,45,17,15,11,0,0,"red.ancestor.firsthunter","iron.ancestor.firstpack",2,0,6,2,17,15,5,2,0,0,0,0,16,1,13,0,0,1,0,24,0,24,0,24,0,2,0,17,42,66,0,0,3,0,11,1,0,0,3,3,4,13,1,0,6,10
game-334,334,"iron-hyena-pack-pressure","red-hunter-evolution",False,33,6,3,1,4,14,5,10,,5,5,0,0,0,0,4,0,4,0,0,0,0,8,0,7,1,1,9,1,21,5,10,4,0,0,"red.ancestor.grandmother","iron.ancestor.smithpassedfang",5,1,12,4,13,12,4,4,0,0,1,0,5,2,5,2,0,0,0,13,0,13,0,13,0,5,0,10,32,47,0,0,2,0,3,0,0,0,3,2,4,13,0,1,6,9
game-335,335,"iron-hyena-pack-pressure","red-hunter-evolution",False,16,3,3,0,4,7,5,9,,1,1,0,0,0,0,2,0,2,0,0,0,0,10,0,8,0,0,0,0,9,2,4,2,0,0,"red.ancestor.grandmother","iron.ancestor.smithpassedfang",1,1,4,4,5,4,0,2,0,0,0,0,2,0,2,0,0,0,0,6,0,6,0,6,0,2,0,5,16,22,0,3,1,0,1,2,0,0,1,1,4,,1,0,0,6
game-336,336,"iron-hyena-pack-pressure","red-hunter-evolution",False,30,5,3,1,4,11,7,13,17,3,0,3,1,0,1,3,1,2,0,0,0,8,8,8,6,2,0,4,4,31,11,11,8,0,0,"red.ancestor.firsthunter","iron.ancestor.firstpack",2,0,6,2,11,11,3,2,0,0,0,0,7,1,7,1,0,0,0,14,0,14,0,14,0,3,0,10,30,44,0,0,2,0,6,1,0,0,2,2,4,15,1,0,0,20
game-337,337,"iron-hyena-pack-pressure","red-hunter-evolution",False,28,5,3,1,6,21,5,10,,3,2,1,0,0,0,3,2,1,0,0,0,2,2,2,2,1,0,4,2,27,5,11,3,0,0,"red.ancestor.grandmother","iron.ancestor.firstpack",3,0,8,2,11,3,3,2,0,0,0,0,4,1,4,1,0,0,0,18,0,17,0,17,0,3,0,7,28,45,0,0,1,0,4,1,0,0,2,1,6,17,1,0,4,7
game-338,338,"iron-hyena-pack-pressure","red-hunter-evolution",False,16,3,3,0,4,8,8,9,,2,2,0,0,0,0,1,0,1,0,0,0,0,2,0,2,0,0,5,0,11,4,5,2,0,0,"red.ancestor.firsthunter","iron.ancestor.firstpack",2,0,6,2,4,1,1,0,0,0,0,0,2,0,2,0,0,0,0,5,0,5,0,5,0,1,0,4,16,21,0,0,0,0,1,0,0,0,1,1,4,13,1,0,5,7
game-339,339,"iron-hyena-pack-pressure","red-hunter-evolution",False,23,4,3,1,4,9,8,9,,2,2,0,0,0,0,3,2,1,0,0,0,0,4,0,4,1,1,1,1,15,3,7,2,0,0,"red.ancestor.firsthunter","iron.ancestor.firstpack",3,0,8,2,7,5,1,2,0,0,0,0,6,0,5,0,0,0,0,18,0,18,0,18,0,6,0,9,22,42,0,0,1,0,4,1,0,0,1,1,4,13,0,1,7,8
game-340,340,"red-hunter-evolution","iron-hyena-pack-pressure",False,32,6,0,3,4,17,8,13,,4,2,2,0,0,0,1,1,0,0,0,0,6,0,6,0,0,0,9,4,34,1,12,1,0,0,"red.ancestor.firsthunter","iron.ancestor.firstpack",2,0,6,2,12,8,5,1,0,0,0,0,3,0,1,0,0,0,0,10,0,10,0,10,0,0,0,9,32,42,0,0,0,0,10,1,0,0,2,2,4,15,0,0,0,7
game-341,341,"iron-hyena-pack-pressure","red-hunter-evolution",False,19,4,3,2,4,7,7,12,,2,2,0,0,0,0,1,1,0,0,0,0,0,0,0,0,0,1,6,0,9,7,4,5,0,0,"red.ancestor.firsthunter","iron.ancestor.firstpack",1,0,4,2,5,6,1,1,0,0,0,0,8,0,5,0,0,0,0,10,0,10,0,10,0,2,0,6,18,30,0,0,1,0,3,0,0,0,1,1,4,13,0,1,5,26
game-342,342,"iron-hyena-pack-pressure","red-hunter-evolution",False,31,6,3,1,4,7,8,11,,3,0,3,0,0,0,3,2,1,0,0,0,8,2,8,2,1,0,5,1,31,9,11,6,0,0,"red.ancestor.firsthunter","iron.ancestor.firstpack",4,0,10,2,11,11,1,5,0,0,0,0,7,0,6,0,0,0,0,20,0,20,0,20,0,3,0,11,30,52,0,0,2,0,6,2,0,0,2,2,4,5,0,1,0,20
game-343,343,"red-hunter-evolution","iron-hyena-pack-pressure",False,20,4,1,3,6,15,5,12,,2,2,0,0,0,0,1,1,0,0,0,0,0,0,0,0,0,0,4,1,10,7,5,4,0,0,"red.ancestor.firsthunter","iron.ancestor.firstpack",2,0,6,2,7,6,6,1,0,0,0,0,14,0,7,0,0,0,0,11,0,10,0,10,0,2,0,6,20,30,0,0,1,0,4,2,0,0,1,1,6,13,0,0,6,20
game-344,344,"iron-hyena-pack-pressure","red-hunter-evolution",False,19,4,3,0,4,9,8,9,17,1,1,0,1,0,1,1,0,1,0,0,0,2,8,2,4,0,0,5,0,16,6,6,4,0,0,"red.ancestor.firsthunter","iron.ancestor.firstpack",0,1,2,4,5,5,1,0,0,0,0,0,2,0,2,0,0,0,0,8,0,8,0,8,0,2,0,6,18,28,0,0,0,0,1,0,0,0,1,1,4,15,0,1,0,11
game-345,345,"iron-hyena-pack-pressure","red-hunter-evolution",False,19,4,3,1,4,7,8,13,,2,2,0,0,0,0,1,0,1,0,0,0,0,4,0,2,0,1,7,0,5,6,3,4,0,0,"red.ancestor.firsthunter","iron.ancestor.firstpack",2,0,6,2,5,5,3,1,0,0,0,0,3,0,3,0,0,0,0,11,0,11,0,11,0,2,0,6,18,31,0,0,0,0,2,0,0,0,1,1,4,5,0,1,0,20
game-346,346,"iron-hyena-pack-pressure","red-hunter-evolution",False,26,5,3,2,4,11,8,12,20,3,2,1,1,0,1,1,0,1,0,0,0,4,2,4,1,0,0,6,1,18,10,9,7,0,0,"red.ancestor.firsthunter","iron.ancestor.firstpack",4,0,10,2,9,8,4,2,1,0,0,0,10,0,7,0,0,0,0,16,0,15,0,15,0,2,0,9,26,41,0,0,1,0,4,0,0,0,2,1,4,13,1,0,10,12
game-347,347,"red-hunter-evolution","iron-hyena-pack-pressure",False,34,6,1,3,4,7,5,12,,5,3,2,0,0,0,3,2,1,0,0,0,6,2,4,2,1,0,7,3,32,11,13,7,0,0,"red.ancestor.firsthunter","iron.ancestor.firstpack",3,0,8,2,14,13,7,1,0,0,0,0,3,1,3,1,0,0,0,12,0,12,0,12,0,1,0,9,34,46,0,0,1,0,8,1,0,0,3,2,4,13,0,0,5,11
game-348,348,"iron-hyena-pack-pressure","red-hunter-evolution",False,19,4,3,2,4,7,5,7,17,2,2,0,1,0,1,1,0,1,0,0,0,2,8,2,3,0,0,3,0,10,5,5,3,0,0,"red.ancestor.firsthunter","iron.ancestor.firstpack",0,1,2,4,6,7,3,0,0,0,1,0,5,0,5,0,0,0,0,11,0,11,0,11,0,3,0,7,18,31,0,0,1,0,3,2,0,0,1,1,4,12,0,1,16,16
game-349,349,"iron-hyena-pack-pressure","red-hunter-evolution",False,18,3,3,1,4,7,8,9,,1,1,0,0,0,0,1,0,1,0,0,0,0,2,0,2,0,0,1,0,9,6,5,3,0,0,"red.ancestor.firsthunter","iron.ancestor.firstpack",2,0,6,2,5,3,2,1,0,0,0,0,1,2,1,1,0,0,0,11,0,11,0,11,0,3,0,6,18,29,0,0,1,0,1,1,1,0,1,1,4,13,1,0,5,16
game-350,350,"iron-hyena-pack-pressure","red-hunter-evolution",False,19,4,3,0,4,9,5,11,,2,1,1,0,0,0,3,2,1,0,0,0,2,2,2,1,0,1,5,4,14,5,5,4,0,0,"red.ancestor.firsthunter","iron.ancestor.firstpack",1,0,4,2,6,6,1,2,0,0,0,0,2,0,2,0,0,0,0,9,0,9,0,9,0,1,0,5,18,29,0,0,2,0,1,1,0,0,1,1,4,15,0,1,0,29
game-351,351,"iron-hyena-pack-pressure","red-hunter-evolution",False,19,4,3,0,6,7,7,10,,1,1,0,0,0,0,1,0,1,0,0,0,0,4,0,4,0,0,1,0,11,4,5,3,0,0,"red.ancestor.firsthunter","iron.ancestor.firstpack",2,1,6,4,5,6,0,1,0,0,1,0,3,0,3,0,0,0,0,8,0,8,0,8,0,4,0,6,18,28,0,0,2,0,2,2,0,0,1,1,6,,0,1,0,17
game-352,352,"iron-hyena-pack-pressure","red-hunter-evolution",False,19,4,3,0,6,9,7,7,,1,1,0,0,0,0,2,0,2,0,0,0,0,4,0,4,0,0,1,0,17,7,5,5,0,0,"red.ancestor.firsthunter","iron.ancestor.firstpack",1,0,4,2,4,6,1,1,0,0,0,0,1,0,1,0,0,0,0,12,0,12,0,12,0,4,0,6,18,32,0,0,2,0,0,0,0,0,1,1,6,17,0,1,0,22
game-353,353,"red-hunter-evolution","iron-hyena-pack-pressure",False,17,3,1,3,3,13,8,10,,2,2,0,0,0,0,0,0,0,0,0,0,0,0,0,0,0,0,3,2,3,1,2,1,0,0,"red.ancestor.grandmother","iron.ancestor.firstpack",1,0,4,2,5,2,6,1,0,0,0,0,7,0,5,0,0,0,0,4,0,4,0,4,0,1,0,3,18,20,0,0,1,0,3,0,0,0,1,1,6,3,1,1,12,5
game-354,354,"iron-hyena-pack-pressure","red-hunter-evolution",False,19,4,3,0,7,9,8,15,,1,1,0,0,0,0,0,0,0,0,0,0,0,0,0,0,0,0,2,1,16,5,6,3,0,0,"red.ancestor.grandmother","iron.ancestor.firstpack",1,0,4,2,5,5,1,1,0,0,0,0,2,0,2,0,0,0,0,6,0,6,0,6,0,0,0,4,18,26,0,0,1,0,0,0,0,0,1,1,7,17,0,1,0,21
game-355,355,"iron-hyena-pack-pressure","red-hunter-evolution",False,20,4,3,1,4,7,8,9,17,2,2,0,1,0,1,3,0,3,0,0,0,2,8,2,8,0,0,5,1,15,5,6,4,0,0,"red.ancestor.firsthunter","iron.ancestor.firstpack",0,0,2,2,6,5,3,0,0,0,0,0,4,2,3,2,0,0,0,11,0,11,0,11,0,2,0,6,20,31,0,0,1,0,3,1,1,0,1,1,4,15,0,1,0,18
game-356,356,"iron-hyena-pack-pressure","red-hunter-evolution",False,19,4,3,2,4,7,6,9,,2,2,0,0,0,0,3,1,2,0,0,0,0,6,0,6,0,1,4,0,9,8,4,5,0,0,"red.ancestor.firsthunter","iron.ancestor.firstpack",2,0,6,2,5,7,3,1,0,0,0,0,3,1,3,1,0,0,0,13,0,13,0,13,0,3,0,8,18,33,0,0,1,0,3,1,1,0,1,1,4,13,0,1,4,21
game-357,357,"iron-hyena-pack-pressure","red-hunter-evolution",False,18,3,3,0,4,7,7,11,,1,0,1,0,0,0,2,0,2,0,0,0,2,4,2,3,0,0,1,0,12,6,4,4,0,0,"red.ancestor.firsthunter","iron.ancestor.firstpack",0,0,2,2,4,5,0,0,0,0,0,0,2,0,2,0,0,0,0,11,0,11,0,11,0,4,0,6,18,29,0,0,2,0,1,1,0,0,1,1,4,,1,0,0,15
game-358,358,"iron-hyena-pack-pressure","red-hunter-evolution",False,18,3,3,1,7,7,5,9,,2,2,0,0,0,0,1,0,1,0,0,0,0,2,0,2,0,0,5,0,14,3,5,2,0,0,"red.ancestor.firsthunter","iron.ancestor.firstpack",0,0,2,2,6,3,3,0,0,0,0,0,3,0,3,0,0,0,0,9,0,9,0,9,0,1,0,5,18,27,0,0,0,0,3,0,0,0,1,1,7,13,1,0,5,19
game-359,359,"red-hunter-evolution","iron-hyena-pack-pressure",False,22,4,2,3,6,11,5,7,,2,2,0,0,0,0,2,1,1,0,0,0,0,2,0,2,0,0,1,1,8,6,4,5,0,0,"red.ancestor.firsthunter","iron.ancestor.firstpack",1,0,4,2,8,6,3,3,0,0,0,0,6,8,4,3,0,0,0,17,0,15,0,15,0,4,0,8,22,37,0,0,2,0,4,1,1,0,1,1,6,13,0,0,8,17
game-360,360,"red-hunter-evolution","iron-hyena-pack-pressure",False,22,4,0,3,4,15,10,13,17,2,2,0,1,0,1,0,0,0,0,0,0,2,0,2,0,0,0,7,0,10,6,4,3,0,0,"red.ancestor.firsthunter","iron.ancestor.firstpack",1,0,4,2,6,5,1,4,0,0,0,0,14,0,7,0,0,0,0,6,0,6,0,6,0,0,0,5,22,28,0,0,0,0,3,0,0,0,1,1,4,8,0,0,0,6
game-361,361,"iron-hyena-pack-pressure","red-hunter-evolution",False,18,3,3,0,6,7,7,7,,1,0,1,0,0,0,2,0,2,0,0,0,4,6,4,5,1,0,0,0,12,4,5,3,0,0,"red.ancestor.firsthunter","iron.ancestor.firstpack",2,0,6,2,5,5,0,2,0,0,0,0,1,0,1,0,0,0,0,8,0,8,0,8,0,2,0,5,18,26,0,0,3,0,1,1,0,0,1,1,6,,1,0,0,14
game-362,362,"iron-hyena-pack-pressure","red-hunter-evolution",False,23,4,3,1,4,7,5,11,17,2,2,0,1,0,1,2,0,2,0,0,0,2,4,2,4,0,0,7,1,17,6,9,5,0,0,"red.ancestor.firsthunter","iron.ancestor.smithpassedfang",4,1,10,4,8,9,2,2,0,0,3,0,4,1,4,1,0,0,0,11,0,11,0,11,0,2,0,6,22,35,0,0,2,0,2,1,0,0,1,1,4,15,0,1,0,14
game-363,363,"red-hunter-evolution","iron-hyena-pack-pressure",False,22,4,2,3,4,9,5,9,,2,0,2,0,0,0,2,0,2,0,0,0,4,4,4,4,1,0,2,0,7,10,4,6,0,0,"red.ancestor.firsthunter","iron.ancestor.firstpack",2,0,6,2,8,8,2,3,0,0,0,0,5,1,4,1,0,0,0,12,0,12,0,12,0,4,0,8,22,34,0,0,2,0,5,0,1,0,1,1,4,12,0,0,14,20
game-364,364,"iron-hyena-pack-pressure","red-hunter-evolution",False,19,4,3,0,4,7,5,11,,0,0,0,0,0,0,2,0,2,0,0,0,0,4,0,4,0,0,0,2,16,5,6,4,0,0,"red.ancestor.firsthunter","iron.ancestor.firstpack",2,0,6,2,6,6,0,2,0,0,0,0,1,0,1,0,0,0,0,9,0,9,0,9,0,3,0,7,18,29,0,0,2,0,0,1,0,0,1,1,4,,0,1,0,19
game-365,365,"red-hunter-evolution","iron-hyena-pack-pressure",False,32,6,2,3,7,9,5,12,20,3,2,1,1,0,1,3,2,1,0,0,0,6,2,6,2,1,1,6,1,26,11,11,8,0,0,"red.ancestor.firsthunter","iron.ancestor.firstpack",2,0,6,2,13,11,7,0,1,0,0,0,5,1,4,1,0,0,0,17,0,17,0,17,0,3,0,10,32,49,0,0,0,0,8,0,1,0,2,2,7,13,0,0,7,10
game-366,366,"iron-hyena-pack-pressure","red-hunter-evolution",False,19,4,3,0,4,7,7,9,,1,1,0,0,0,0,1,0,1,0,0,0,0,2,0,2,0,0,2,0,17,8,6,5,0,0,"red.ancestor.firsthunter","iron.ancestor.firstpack",0,0,2,2,5,6,2,0,0,0,0,0,1,2,1,1,0,0,0,12,0,12,0,12,0,5,0,7,18,32,0,0,2,0,1,0,0,0,1,1,4,17,0,1,0,21
game-367,367,"red-hunter-evolution","iron-hyena-pack-pressure",False,37,7,1,3,4,7,7,12,,4,2,2,0,0,0,3,1,2,0,0,0,6,6,4,6,0,1,2,1,36,9,15,7,0,0,"red.ancestor.grandmother","iron.ancestor.firstpack",2,1,6,4,15,14,8,3,0,0,2,0,3,1,2,1,0,0,0,16,0,16,0,16,0,2,0,12,38,52,0,0,2,0,17,0,0,0,4,2,4,13,1,1,21,13
game-368,368,"red-hunter-evolution","iron-hyena-pack-pressure",False,36,6,1,3,4,9,5,13,17,5,3,2,1,0,1,2,2,0,0,0,0,18,0,8,0,1,0,4,3,26,2,12,1,0,0,"red.ancestor.grandmother","iron.ancestor.firstpack",5,0,12,2,15,14,8,2,4,0,0,0,0,5,0,2,0,2,0,17,0,17,0,17,0,4,0,13,36,53,0,0,2,0,15,2,0,0,4,2,4,15,0,0,2,10
game-369,369,"iron-hyena-pack-pressure","red-hunter-evolution",False,21,4,3,0,4,9,9,10,17,3,2,1,1,0,1,0,0,0,0,0,0,4,0,4,0,1,0,7,0,10,9,5,6,0,0,"red.ancestor.firsthunter","iron.ancestor.firstpack",1,0,4,2,5,6,1,1,0,0,0,0,11,0,9,0,0,0,0,12,0,12,0,12,0,0,0,8,20,34,0,0,1,0,4,0,0,0,1,1,4,15,0,1,0,15
game-370,370,"iron-hyena-pack-pressure","red-hunter-evolution",False,19,4,3,0,6,11,7,8,,2,1,1,0,0,0,3,1,2,0,0,0,2,4,2,3,0,0,2,1,11,3,5,3,0,0,"red.ancestor.firsthunter","iron.ancestor.smithpassedfang",2,1,6,4,5,6,1,0,2,0,0,0,2,1,2,1,0,0,0,7,0,7,0,7,0,3,0,4,18,27,0,1,2,0,2,2,0,0,1,1,6,,0,1,0,22
game-371,371,"iron-hyena-pack-pressure","red-hunter-evolution",False,19,4,3,1,4,9,7,11,,2,2,0,0,0,0,3,2,1,0,0,0,0,4,0,2,0,2,4,1,5,9,3,5,0,0,"red.ancestor.grandmother","iron.ancestor.firstpack",1,0,4,2,5,6,1,4,0,0,0,0,2,0,2,0,0,0,0,9,0,9,0,9,0,2,0,6,18,29,0,0,2,0,1,1,0,0,1,1,4,13,0,1,4,29
game-372,372,"iron-hyena-pack-pressure","red-hunter-evolution",False,19,4,3,1,4,7,7,9,,2,2,0,0,0,0,1,0,1,0,0,0,0,2,0,2,1,0,4,1,14,5,5,4,0,0,"red.ancestor.firsthunter","iron.ancestor.firstpack",0,0,2,2,4,6,2,0,0,0,0,0,3,0,3,0,0,0,0,10,0,10,0,10,0,3,0,7,18,30,0,0,1,0,2,0,0,0,1,1,4,15,0,1,0,16
game-373,373,"iron-hyena-pack-pressure","red-hunter-evolution",False,16,3,3,0,4,7,5,11,,1,1,0,0,0,0,1,0,1,0,0,0,0,4,0,3,0,0,3,0,7,6,3,4,0,0,"red.ancestor.grandmother","iron.ancestor.firstpack",1,0,4,2,5,4,1,2,0,0,0,0,2,0,1,0,0,0,0,10,0,9,0,9,0,1,0,6,16,25,0,0,2,0,0,1,0,0,1,1,4,15,1,0,0,8
game-374,374,"iron-hyena-pack-pressure","red-hunter-evolution",False,30,5,3,2,7,9,5,10,,5,2,3,0,0,0,3,0,3,0,0,0,10,8,10,8,1,0,4,1,24,9,9,6,0,0,"red.ancestor.grandmother","iron.ancestor.firstpack",1,0,4,2,12,9,5,2,0,0,0,0,4,1,4,1,0,0,0,14,0,14,0,14,0,5,0,9,30,44,0,0,3,0,5,1,0,0,2,2,7,22,1,0,5,22
game-375,375,"red-hunter-evolution","iron-hyena-pack-pressure",False,15,3,1,3,7,9,5,8,,2,1,1,0,0,0,0,0,0,0,0,0,2,0,2,0,0,0,1,0,9,1,4,1,0,0,"red.ancestor.firsthunter","iron.ancestor.smithpassedfang",1,0,4,2,5,2,5,0,0,0,1,0,2,1,2,1,0,0,0,3,0,3,0,3,0,0,0,2,16,17,0,0,0,0,3,0,0,0,1,0,7,12,1,1,21,11
game-376,376,"iron-hyena-pack-pressure","red-hunter-evolution",False,11,2,3,0,4,7,9,11,,0,0,0,0,0,0,1,0,1,0,0,0,0,8,0,2,0,0,1,0,2,2,1,1,0,0,"red.ancestor.firsthunter","iron.ancestor.firstpack",0,0,2,2,0,1,0,0,0,0,0,0,1,0,1,0,0,0,0,7,0,7,0,7,0,0,0,3,10,19,0,0,1,0,0,0,0,0,0,0,4,,0,1,0,8
game-377,377,"red-hunter-evolution","iron-hyena-pack-pressure",False,25,5,2,3,4,7,8,9,20,3,2,1,1,0,1,2,1,1,0,0,0,4,2,4,2,0,0,7,1,12,1,6,1,0,0,"red.ancestor.firsthunter","iron.ancestor.firstpack",2,0,6,2,9,6,5,0,2,0,0,0,1,0,1,0,0,0,0,15,0,15,0,15,0,1,0,8,26,39,0,0,2,0,9,2,0,0,2,1,4,5,1,1,15,8
game-378,378,"iron-hyena-pack-pressure","red-hunter-evolution",False,21,4,3,1,4,7,8,12,15,2,2,0,1,0,1,1,0,1,0,0,0,2,2,2,2,0,1,5,0,16,5,7,4,0,0,"red.ancestor.firsthunter","iron.ancestor.firstpack",2,0,6,2,6,5,2,0,2,0,0,0,4,0,2,0,0,0,0,7,0,7,0,7,0,0,0,6,20,29,0,0,2,0,1,1,0,0,1,1,4,5,0,1,5,14
game-379,379,"red-hunter-evolution","iron-hyena-pack-pressure",False,17,3,1,3,4,9,7,9,,2,2,0,0,0,0,1,0,1,0,0,0,0,4,0,4,0,0,1,0,4,5,2,3,0,0,"red.ancestor.grandmother","iron.ancestor.firstpack",1,0,4,2,5,4,6,1,0,0,0,0,3,0,3,0,0,0,0,5,0,5,0,5,0,1,0,4,18,21,0,0,1,0,1,0,0,0,1,1,4,12,1,1,13,3
game-380,380,"iron-hyena-pack-pressure","red-hunter-evolution",False,11,2,3,0,4,7,5,9,,0,0,0,0,0,0,1,0,1,0,0,0,0,6,0,3,0,0,0,0,4,5,2,3,0,0,"red.ancestor.grandmother","iron.ancestor.firstpack",1,0,4,2,2,2,0,1,0,0,0,0,0,0,0,0,0,0,0,4,0,4,0,4,0,0,0,4,10,16,0,0,1,0,0,0,0,0,0,0,4,,0,1,0,8
game-381,381,"red-hunter-evolution","iron-hyena-pack-pressure",False,17,3,1,3,3,13,8,10,,2,2,0,0,0,0,1,1,0,0,0,0,0,0,0,0,2,0,3,1,5,2,3,1,0,0,"red.ancestor.grandmother","iron.ancestor.firstpack",2,0,6,2,5,2,3,2,0,0,0,0,14,0,5,0,0,0,0,3,0,3,0,3,0,0,0,3,18,19,0,0,0,0,4,2,0,1,1,1,6,3,1,1,11,6
game-382,382,"red-hunter-evolution","iron-hyena-pack-pressure",False,29,5,2,3,6,7,7,13,,2,1,1,0,0,0,2,2,0,0,0,0,2,0,2,0,0,0,6,3,25,11,10,8,0,0,"red.ancestor.firsthunter","iron.ancestor.firstpack",0,0,2,2,11,10,7,0,0,0,0,0,3,0,2,0,0,0,0,11,0,11,0,11,0,1,0,9,30,39,0,0,2,0,7,0,0,0,2,2,6,15,1,1,13,11
game-383,383,"red-hunter-evolution","iron-hyena-pack-pressure",False,15,3,1,3,3,5,10,9,,2,2,0,0,0,0,1,0,1,0,0,0,0,2,0,2,0,0,8,0,7,0,3,0,0,0,"red.ancestor.firsthunter","",0,0,2,0,3,0,4,0,0,0,0,0,3,0,1,0,0,0,0,3,0,3,0,3,0,0,0,2,16,17,0,0,0,0,0,0,0,0,1,0,4,3,1,1,10,8
game-384,384,"iron-hyena-pack-pressure","red-hunter-evolution",False,16,3,3,0,4,7,8,13,,1,1,0,0,0,0,0,0,0,0,0,0,0,0,0,0,0,0,6,0,7,2,3,2,0,0,"red.ancestor.firsthunter","iron.ancestor.firstpack",2,0,6,2,4,2,0,0,2,0,0,0,3,0,3,0,0,0,0,7,0,7,0,7,0,0,0,5,16,23,0,0,1,0,1,0,0,0,1,1,4,5,1,0,0,8
game-385,385,"iron-hyena-pack-pressure","red-hunter-evolution",False,19,4,3,0,3,14,10,17,,1,0,1,0,0,0,1,0,1,0,0,0,2,4,2,4,1,0,0,0,9,5,4,4,0,0,"red.ancestor.grandmother","iron.ancestor.firstpack",3,0,8,2,4,4,0,2,0,0,0,0,3,0,3,0,0,0,0,15,0,14,0,14,0,0,0,7,18,34,0,0,1,0,3,0,0,0,1,1,7,3,0,1,0,25
game-386,386,"red-hunter-evolution","iron-hyena-pack-pressure",False,24,4,1,3,4,7,7,8,22,3,1,2,1,0,1,2,1,1,0,0,0,8,4,8,4,0,0,3,0,10,10,6,6,0,0,"red.ancestor.firsthunter","iron.ancestor.firstpack",2,0,6,2,8,8,6,0,0,0,0,0,1,1,1,1,0,0,0,13,0,13,0,13,0,1,0,7,24,37,0,0,1,0,9,1,0,0,1,1,4,13,0,0,13,7
game-387,387,"red-hunter-evolution","iron-hyena-pack-pressure",False,29,5,1,3,4,9,8,9,17,4,2,2,1,0,1,2,1,1,0,0,0,6,4,6,4,0,0,4,2,16,0,8,0,0,0,"red.ancestor.firsthunter","",3,0,8,0,11,0,2,0,0,0,0,0,1,0,1,0,0,0,0,11,0,11,0,11,0,2,0,7,30,39,0,0,2,0,10,0,0,0,3,2,4,5,1,1,8,5
game-388,388,"iron-hyena-pack-pressure","red-hunter-evolution",False,18,3,3,2,4,7,7,8,,2,1,1,0,0,0,1,0,1,0,0,0,2,2,2,2,0,0,0,0,2,9,1,5,0,0,"red.ancestor.firsthunter","iron.ancestor.firstpack",0,0,2,2,5,5,5,0,0,0,0,0,3,1,3,1,0,0,0,10,0,10,0,10,0,1,0,6,18,28,0,0,1,0,5,1,1,0,1,1,4,10,1,0,16,12
game-389,389,"iron-hyena-pack-pressure","red-hunter-evolution",False,28,5,3,2,4,11,7,13,22,3,2,1,1,0,1,1,1,0,0,0,0,6,0,6,0,1,0,4,1,22,12,9,7,0,0,"red.ancestor.firsthunter","iron.ancestor.firstpack",3,0,8,2,10,10,4,2,0,0,0,0,14,0,10,0,0,0,0,16,0,16,0,16,0,2,0,10,28,44,0,0,3,0,4,1,0,0,2,2,4,13,1,0,4,13
game-390,390,"red-hunter-evolution","iron-hyena-pack-pressure",False,25,5,2,3,5,11,5,11,20,3,1,2,1,0,1,3,0,3,0,0,0,8,8,5,8,0,1,1,0,16,1,8,1,0,0,"red.ancestor.grandmother","iron.ancestor.firstpack",3,0,8,2,10,6,5,1,0,0,0,0,7,1,3,1,0,0,0,12,0,11,0,11,0,1,0,6,26,35,0,0,1,0,2,0,0,0,2,1,5,13,1,1,18,13
game-391,391,"iron-hyena-pack-pressure","red-hunter-evolution",False,21,4,3,0,4,7,5,20,,1,1,0,0,0,0,1,0,1,0,0,0,0,12,0,2,0,0,2,0,19,6,7,4,0,0,"red.ancestor.firsthunter","iron.ancestor.firstpack",3,0,8,2,7,7,0,2,0,0,0,0,6,0,5,0,0,0,0,20,0,17,0,17,0,3,0,8,20,39,0,0,0,0,6,5,0,0,1,1,4,,0,1,0,22
game-392,392,"iron-hyena-pack-pressure","red-hunter-evolution",False,28,5,3,1,4,7,7,8,,4,2,2,0,0,0,2,0,2,0,0,0,10,4,6,4,0,1,6,1,16,10,6,6,0,0,"red.ancestor.firsthunter","iron.ancestor.firstpack",2,0,6,2,8,10,4,1,0,0,0,0,8,1,6,1,0,0,0,15,0,15,0,15,0,2,0,9,28,43,0,0,2,0,6,1,0,0,2,2,4,17,1,0,8,10
game-393,393,"iron-hyena-pack-pressure","red-hunter-evolution",False,19,4,3,0,4,9,5,7,,3,3,0,0,0,0,2,0,2,0,0,0,0,6,0,5,0,0,6,0,8,8,4,5,0,0,"red.ancestor.grandmother","iron.ancestor.firstpack",1,0,4,2,6,6,2,1,0,0,0,0,4,1,3,1,0,0,0,13,0,13,0,13,0,5,0,6,18,33,0,0,3,0,1,0,0,0,1,1,4,17,0,1,0,22
game-394,394,"iron-hyena-pack-pressure","red-hunter-evolution",False,21,4,3,0,4,7,8,11,,0,0,0,0,0,0,3,0,3,0,0,0,0,6,0,6,0,0,0,0,14,6,6,4,0,0,"red.ancestor.firsthunter","iron.ancestor.firstpack",2,0,6,2,6,6,0,2,0,0,0,0,0,0,0,0,0,0,0,12,0,12,0,12,0,4,0,7,20,34,0,0,1,0,1,2,0,0,1,1,4,,0,1,0,23
game-395,395,"red-hunter-evolution","iron-hyena-pack-pressure",False,36,6,1,3,3,14,8,12,,5,2,3,0,0,0,4,1,3,0,0,0,6,6,5,6,3,0,6,4,22,1,11,1,0,0,"red.ancestor.grandmother","iron.ancestor.smithpassedfang",5,0,12,2,14,12,8,2,1,0,4,0,7,3,5,3,0,0,0,16,0,16,0,16,0,3,0,11,36,52,0,0,2,0,9,1,0,0,3,2,6,3,0,0,9,11
game-396,396,"iron-hyena-pack-pressure","red-hunter-evolution",False,21,4,3,1,3,9,8,11,20,2,2,0,1,0,1,3,0,3,0,0,0,2,12,2,11,0,0,7,0,12,7,5,4,0,0,"red.ancestor.grandmother","iron.ancestor.firstpack",1,0,4,2,6,6,4,1,0,0,0,0,4,1,3,1,0,0,0,11,0,11,0,11,0,3,0,7,20,33,0,0,1,0,2,1,0,0,1,1,7,3,0,1,5,13
game-397,397,"red-hunter-evolution","iron-hyena-pack-pressure",False,36,6,1,3,7,11,5,11,25,4,2,2,1,0,1,4,1,3,0,0,0,6,8,6,8,2,0,5,1,39,2,15,1,0,0,"red.ancestor.firsthunter","iron.ancestor.firstpack",4,0,10,2,15,13,5,1,0,0,0,0,0,2,0,2,0,0,0,19,0,19,0,19,0,4,0,11,36,55,0,0,0,0,14,1,0,0,3,2,7,17,0,0,7,7
game-398,398,"iron-hyena-pack-pressure","red-hunter-evolution",False,21,4,3,1,6,9,7,7,,2,1,1,0,0,0,1,0,1,0,0,0,2,2,2,2,0,0,8,0,14,6,6,5,0,0,"red.ancestor.firsthunter","iron.ancestor.firstpack",2,0,6,2,6,7,1,2,0,0,0,0,6,1,4,1,0,0,0,14,0,13,0,13,0,3,0,6,20,35,0,0,1,0,3,0,0,0,1,1,6,15,0,1,0,19
game-399,399,"iron-hyena-pack-pressure","red-hunter-evolution",False,11,2,3,0,6,7,7,10,,1,1,0,0,0,0,0,0,0,0,0,0,0,0,0,0,0,0,2,0,4,3,2,2,0,0,"red.ancestor.firsthunter","iron.ancestor.firstpack",0,0,2,2,1,2,0,0,0,0,0,0,5,0,3,0,0,0,0,6,0,6,0,6,0,0,0,3,10,18,0,0,0,0,1,0,0,0,0,0,6,,0,1,0,13
game-400,400,"red-hunter-evolution","iron-hyena-pack-pressure",False,22,4,1,3,7,13,5,9,13,2,1,1,1,0,1,2,0,2,0,0,0,4,6,4,5,1,0,1,0,17,1,7,1,0,0,"red.ancestor.firsthunter","iron.ancestor.firstpack",0,0,2,2,8,6,5,0,0,0,0,0,8,1,5,1,0,0,0,8,0,8,0,8,0,3,0,4,22,30,0,0,1,0,5,1,1,0,1,1,7,12,0,0,11,12
game-401,401,"iron-hyena-pack-pressure","red-hunter-evolution",False,19,4,3,0,4,7,9,13,17,1,1,0,1,0,1,0,0,0,0,0,0,2,0,2,0,0,0,7,1,14,6,5,4,0,0,"red.ancestor.firsthunter","iron.ancestor.firstpack",1,0,4,2,4,5,1,0,1,0,0,0,6,0,5,0,0,0,0,10,0,10,0,10,0,2,0,5,18,30,0,0,0,0,2,0,0,0,1,1,4,5,0,1,0,22
game-402,402,"iron-hyena-pack-pressure","red-hunter-evolution",False,21,4,3,1,7,16,5,12,15,2,2,0,1,0,1,2,1,1,0,0,0,2,6,2,4,0,1,6,0,15,5,6,3,0,0,"red.ancestor.firsthunter","iron.ancestor.firstpack",0,0,2,2,7,6,3,0,0,0,0,0,2,8,2,2,0,0,0,13,0,12,0,12,0,5,0,6,20,34,0,0,2,0,2,0,2,0,1,1,7,13,0,1,6,17
game-403,403,"iron-hyena-pack-pressure","red-hunter-evolution",False,19,4,3,2,4,7,7,8,,2,1,1,0,0,0,1,0,1,0,0,0,4,4,4,4,0,0,0,0,2,7,1,5,0,0,"red.ancestor.firsthunter","iron.ancestor.firstpack",0,1,2,4,5,6,5,0,0,0,0,0,3,3,3,1,0,0,0,8,0,8,0,8,0,1,0,6,18,28,0,0,3,0,4,1,1,0,1,1,4,10,0,1,14,16
game-404,404,"iron-hyena-pack-pressure","red-hunter-evolution",False,21,4,3,2,4,9,10,9,20,1,1,0,1,0,1,2,0,2,0,0,0,2,6,2,6,0,0,4,0,9,7,5,5,0,0,"red.ancestor.firsthunter","iron.ancestor.firstpack",2,0,6,2,5,5,2,0,0,0,0,0,4,0,4,0,0,0,0,15,0,15,0,15,0,5,0,8,20,37,0,0,1,0,2,0,0,0,1,1,4,5,0,1,5,18
game-405,405,"iron-hyena-pack-pressure","red-hunter-evolution",False,18,3,3,0,4,7,5,7,,2,2,0,0,0,0,1,0,1,0,0,0,0,2,0,1,0,0,3,0,4,8,2,5,0,0,"red.ancestor.grandmother","iron.ancestor.firstpack",1,0,4,2,6,5,1,3,0,0,0,0,3,0,3,0,0,0,0,8,0,8,0,8,0,1,0,6,18,26,0,0,1,0,2,2,0,0,1,1,4,17,1,0,0,17
game-406,406,"red-hunter-evolution","iron-hyena-pack-pressure",False,17,3,1,3,4,11,8,10,,2,1,1,0,0,0,1,0,1,0,0,0,2,2,2,2,0,0,3,1,1,0,1,0,0,0,"red.ancestor.firsthunter","",0,0,2,0,5,0,4,0,0,0,0,0,3,2,2,1,0,0,0,5,0,5,0,5,0,2,0,3,18,21,0,0,0,0,3,0,1,0,1,1,4,5,1,1,12,3
game-407,407,"red-hunter-evolution","iron-hyena-pack-pressure",False,24,4,1,3,4,7,8,9,17,2,2,0,1,0,1,2,0,2,0,0,0,2,6,2,6,0,0,8,0,21,6,9,4,0,0,"red.ancestor.firsthunter","iron.ancestor.firstpack",3,0,8,2,8,7,3,1,0,0,0,0,4,0,4,0,0,0,0,9,0,9,0,9,0,2,0,5,24,33,0,0,2,0,4,0,0,0,1,1,4,5,0,0,12,12
game-408,408,"iron-hyena-pack-pressure","red-hunter-evolution",False,31,6,3,0,4,14,8,8,,4,2,2,0,0,0,4,2,2,0,0,0,4,4,4,3,0,2,4,1,27,17,9,10,0,0,"red.ancestor.firsthunter","iron.ancestor.firstpack",2,0,6,2,11,11,2,0,1,0,0,0,5,3,5,2,0,0,0,21,0,21,0,21,0,8,0,10,30,53,0,0,1,0,9,2,0,0,2,2,4,17,0,1,0,20
game-409,409,"red-hunter-evolution","iron-hyena-pack-pressure",False,34,6,1,3,3,11,10,13,20,3,2,1,1,0,1,3,1,2,0,0,0,4,6,4,6,1,0,7,1,32,10,11,7,0,0,"red.ancestor.firsthunter","iron.ancestor.firstpack",0,0,2,2,12,11,8,0,0,0,0,0,7,2,6,1,0,1,0,12,0,12,0,12,0,2,0,9,34,46,0,0,1,0,10,1,0,0,3,2,7,3,0,0,6,15
game-410,410,"iron-hyena-pack-pressure","red-hunter-evolution",False,19,4,3,0,4,7,5,9,,2,2,0,0,0,0,2,1,1,0,0,0,0,4,0,4,0,0,4,2,6,6,3,5,0,0,"red.ancestor.grandmother","iron.ancestor.smithpassedfang",1,1,4,4,6,7,0,3,0,0,1,0,4,0,4,0,0,0,0,8,0,8,0,8,0,2,0,6,18,28,0,0,2,0,3,1,0,0,1,1,4,,0,1,0,17
game-411,411,"red-hunter-evolution","iron-hyena-pack-pressure",False,22,4,2,3,4,11,8,10,,3,1,2,0,0,0,2,0,2,0,0,0,4,6,4,6,2,2,3,1,8,1,6,1,0,0,"red.ancestor.firsthunter","iron.ancestor.firstpack",2,0,6,2,7,5,5,0,1,0,0,0,5,4,4,2,0,0,0,11,0,11,0,11,0,4,0,6,22,33,0,0,2,0,4,1,1,0,1,1,4,5,0,0,5,11
game-412,412,"iron-hyena-pack-pressure","red-hunter-evolution",False,23,4,3,2,4,11,11,9,,2,2,0,0,0,0,2,1,1,0,0,0,0,2,0,2,0,1,9,1,7,8,4,5,0,0,"red.ancestor.firsthunter","iron.ancestor.firstpack",0,1,2,4,5,6,6,0,0,0,0,0,8,3,6,1,0,0,0,15,0,15,0,15,0,6,0,7,22,39,0,0,2,0,4,2,1,0,1,1,4,5,0,1,4,13
game-413,413,"iron-hyena-pack-pressure","red-hunter-evolution",False,14,3,3,0,4,7,5,6,,2,2,0,0,0,0,1,0,1,0,0,0,0,2,0,2,0,0,3,0,4,5,2,3,0,0,"red.ancestor.grandmother","iron.ancestor.firstpack",1,0,4,2,4,3,1,0,0,0,0,0,1,0,1,0,0,0,0,7,0,7,0,7,0,2,0,5,14,21,0,0,1,0,0,1,0,0,1,0,4,13,1,0,5,12
game-414,414,"iron-hyena-pack-pressure","red-hunter-evolution",False,16,3,3,1,4,9,8,9,,2,2,0,0,0,0,1,0,1,0,0,0,0,2,0,2,0,0,6,0,4,5,3,3,0,0,"red.ancestor.grandmother","iron.ancestor.firstpack",1,0,4,2,4,2,2,1,0,0,0,0,2,0,1,0,0,0,0,12,0,12,0,12,0,4,0,5,16,28,0,0,1,0,0,0,0,0,1,1,4,13,1,0,5,8
game-415,415,"iron-hyena-pack-pressure","red-hunter-evolution",False,21,4,3,1,6,17,5,13,,2,1,1,0,0,0,1,1,0,0,0,0,2,0,2,0,0,1,6,3,10,5,6,3,0,0,"red.ancestor.firsthunter","iron.ancestor.firstpack",2,0,6,2,7,3,3,2,0,0,0,0,1,1,1,1,0,0,0,11,0,10,0,10,0,0,0,5,20,32,0,0,1,0,3,0,1,0,1,1,6,15,0,1,0,22
game-416,416,"red-hunter-evolution","iron-hyena-pack-pressure",False,36,6,1,3,4,11,9,8,,5,2,3,0,0,0,3,1,2,0,0,0,12,4,8,4,1,1,4,2,36,2,12,1,0,0,"red.ancestor.firsthunter","iron.ancestor.firstpack",4,0,10,2,12,13,4,1,0,0,0,0,1,1,1,1,0,0,0,21,0,21,0,21,0,4,0,13,36,57,0,0,2,0,15,0,0,0,3,2,4,17,0,0,4,7
game-417,417,"red-hunter-evolution","iron-hyena-pack-pressure",False,17,3,2,3,4,7,7,8,15,2,1,1,1,0,1,2,1,1,0,0,0,6,2,6,2,0,1,3,1,5,6,3,4,0,0,"red.ancestor.firsthunter","iron.ancestor.firstpack",1,1,4,4,5,4,6,1,0,0,0,0,4,0,2,0,0,0,0,6,0,6,0,6,0,1,0,4,18,22,0,0,2,0,3,1,0,0,1,1,4,10,1,1,15,7
game-418,418,"iron-hyena-pack-pressure","red-hunter-evolution",False,28,5,3,1,4,7,8,9,,3,1,2,0,0,0,3,2,1,0,0,0,6,2,6,2,1,1,7,1,29,7,11,4,0,0,"red.ancestor.grandmother","iron.ancestor.firstpack",1,0,4,2,10,8,3,1,0,0,0,0,3,0,3,0,0,0,0,13,0,13,0,13,0,3,0,8,28,41,0,0,3,0,5,1,0,0,2,2,4,15,1,0,0,11
game-419,419,"iron-hyena-pack-pressure","red-hunter-evolution",False,19,4,3,1,6,7,5,8,,2,1,1,0,0,0,0,0,0,0,0,0,2,0,2,0,0,1,0,1,2,6,1,4,0,0,"red.ancestor.firsthunter","iron.ancestor.firstpack",0,0,2,2,6,6,3,0,0,0,0,0,2,0,2,0,0,0,0,9,0,9,0,9,0,1,0,6,18,29,0,0,2,0,5,0,0,0,1,1,6,13,0,1,5,25
game-420,420,"iron-hyena-pack-pressure","red-hunter-evolution",False,31,6,3,0,7,19,5,14,,4,3,1,0,0,0,2,1,1,0,0,0,4,4,4,4,2,0,7,3,36,10,12,7,0,0,"red.ancestor.grandmother","iron.ancestor.firstpack",3,0,8,2,12,10,2,3,0,0,0,0,9,1,6,1,0,0,0,16,0,16,0,16,0,4,0,10,30,48,0,0,3,0,2,0,0,0,3,2,7,29,0,1,0,27
game-421,421,"iron-hyena-pack-pressure","red-hunter-evolution",False,19,4,3,1,4,9,5,7,,2,2,0,0,0,0,3,0,3,0,0,0,0,10,0,6,0,0,2,0,3,9,2,6,0,0,"red.ancestor.grandmother","iron.ancestor.firstpack",1,0,4,2,6,7,0,5,0,0,0,0,2,3,2,1,0,0,0,16,0,15,0,15,0,4,0,9,18,35,0,0,1,0,1,2,1,0,1,1,4,13,0,1,4,21
game-422,422,"red-hunter-evolution","iron-hyena-pack-pressure",False,32,6,2,3,4,7,7,7,,3,2,1,0,0,0,4,2,2,0,0,0,2,4,2,4,0,1,6,3,23,5,8,4,0,0,"red.ancestor.firsthunter","iron.ancestor.firstpack",2,2,6,6,12,12,8,1,0,0,1,0,3,1,3,1,0,0,0,19,0,19,0,19,0,5,0,11,32,51,0,0,0,0,9,0,0,0,2,2,4,15,0,0,7,13
game-423,423,"red-hunter-evolution","iron-hyena-pack-pressure",False,37,7,2,3,4,7,6,8,,6,2,4,0,0,0,3,1,2,0,0,0,16,6,10,6,2,0,4,3,24,18,10,11,0,0,"red.ancestor.firsthunter","iron.ancestor.firstpack",3,0,8,2,15,15,4,3,1,0,0,0,6,2,4,1,0,0,0,24,0,23,0,23,0,2,0,13,38,59,0,0,2,0,12,4,0,0,3,2,4,17,1,1,16,15
game-424,424,"iron-hyena-pack-pressure","red-hunter-evolution",False,19,4,3,0,4,7,5,9,,2,2,0,0,0,0,3,1,2,0,0,0,0,8,0,4,0,0,2,2,13,5,5,3,0,0,"red.ancestor.grandmother","iron.ancestor.firstpack",2,0,6,2,6,6,1,2,0,0,0,0,2,0,2,0,0,0,0,12,0,10,0,10,0,2,0,6,18,30,0,0,2,0,1,3,0,0,1,1,4,17,0,1,0,33
game-425,425,"red-hunter-evolution","iron-hyena-pack-pressure",False,36,6,1,3,4,7,5,6,,5,2,3,0,0,0,3,2,1,0,0,0,10,4,10,3,1,0,4,0,37,1,15,1,0,0,"red.ancestor.firsthunter","iron.ancestor.firstpack",5,0,12,2,15,14,6,1,0,0,0,0,6,2,4,2,0,0,0,17,0,17,0,17,0,3,0,11,36,53,0,0,0,0,13,0,0,0,3,2,4,25,0,0,10,14
game-426,426,"iron-hyena-pack-pressure","red-hunter-evolution",False,11,2,3,0,4,7,5,,,0,0,0,0,0,0,0,0,0,0,0,0,0,0,0,0,0,0,2,0,4,3,2,2,0,0,"red.ancestor.grandmother","iron.ancestor.firstpack",1,0,4,2,2,2,0,1,0,0,0,0,1,0,1,0,0,0,0,7,0,7,0,7,0,1,0,4,10,19,0,0,1,0,0,0,0,0,0,0,4,,0,1,0,8
game-427,427,"red-hunter-evolution","iron-hyena-pack-pressure",False,29,5,1,3,7,7,8,9,,2,2,0,0,0,0,3,2,1,0,0,0,0,2,0,2,1,1,3,2,25,1,8,1,0,0,"red.ancestor.grandmother","iron.ancestor.firstpack",1,0,4,2,11,8,6,1,0,0,0,0,0,0,0,0,0,0,0,11,0,11,0,11,0,2,0,8,30,39,0,0,2,0,12,4,0,0,2,2,7,24,1,1,10,12
game-428,428,"iron-hyena-pack-pressure","red-hunter-evolution",False,18,3,3,0,4,7,5,6,,2,2,0,0,0,0,2,0,2,0,0,0,0,4,0,4,0,0,5,0,14,6,7,5,0,0,"red.ancestor.firsthunter","iron.ancestor.firstpack",2,0,6,2,6,6,1,0,0,0,0,0,3,1,3,1,0,0,0,8,0,8,0,8,0,1,0,6,18,26,0,0,3,0,1,0,0,0,1,1,4,13,1,0,5,15
game-429,429,"iron-hyena-pack-pressure","red-hunter-evolution",False,11,2,3,0,4,7,5,11,,0,0,0,0,0,0,1,0,1,0,0,0,0,4,0,2,0,0,0,0,4,2,2,2,0,0,"red.ancestor.grandmother","iron.ancestor.smithpassedfang",1,1,4,4,2,2,0,1,0,0,1,0,0,0,0,0,0,0,0,4,0,4,0,4,0,0,0,3,10,16,0,0,1,0,0,0,0,0,0,0,4,,0,1,0,6
game-430,430,"iron-hyena-pack-pressure","red-hunter-evolution",False,11,2,3,0,4,8,5,9,,0,0,0,0,0,0,1,0,1,0,0,0,0,4,0,3,0,0,0,0,9,5,3,3,0,0,"red.ancestor.firsthunter","iron.ancestor.firstpack",0,0,2,2,2,2,0,0,0,0,0,0,0,0,0,0,0,0,0,4,0,4,0,4,0,1,0,3,10,16,0,0,0,0,0,0,0,0,0,0,4,,0,1,0,11
game-431,431,"iron-hyena-pack-pressure","red-hunter-evolution",False,33,6,3,0,4,9,8,9,32,4,1,3,1,0,1,4,3,1,0,0,0,8,2,8,2,0,1,6,4,39,5,12,4,0,0,"red.ancestor.grandmother","iron.ancestor.firstpack",2,2,6,6,12,12,1,1,1,0,0,0,9,0,7,0,0,0,0,22,0,20,0,20,0,2,0,11,32,54,0,0,3,0,9,1,0,0,2,2,4,29,0,1,0,21
game-432,432,"iron-hyena-pack-pressure","red-hunter-evolution",False,19,4,3,0,5,7,5,13,17,1,1,0,1,0,1,0,0,0,0,0,0,2,0,2,0,0,0,3,0,16,9,6,5,0,0,"red.ancestor.grandmother","iron.ancestor.firstpack",1,0,4,2,6,5,1,0,0,0,0,0,6,0,4,0,0,0,0,9,0,9,0,9,0,1,0,7,18,29,0,0,0,0,2,0,0,0,1,1,5,15,0,1,0,20
game-433,433,"red-hunter-evolution","iron-hyena-pack-pressure",False,22,4,2,3,6,15,8,12,,2,2,0,0,0,0,2,2,0,0,0,0,0,0,0,0,0,1,5,2,10,8,5,6,0,0,"red.ancestor.firsthunter","iron.ancestor.firstpack",2,0,6,2,7,6,3,3,0,0,0,0,9,1,7,1,0,0,0,13,0,12,0,12,0,0,0,8,22,34,0,0,1,0,3,1,0,0,1,1,6,13,0,0,6,10
game-434,434,"red-hunter-evolution","iron-hyena-pack-pressure",False,25,5,2,3,7,11,8,12,22,2,1,1,1,0,1,2,0,2,0,0,0,4,4,4,4,1,1,5,2,4,7,2,4,0,0,"red.ancestor.grandmother","iron.ancestor.firstpack",1,0,4,2,9,6,6,2,0,0,0,0,6,4,3,3,0,0,0,14,0,14,0,14,0,4,0,7,26,38,0,0,4,0,7,0,2,0,2,1,7,13,1,1,18,14
game-435,435,"red-hunter-evolution","iron-hyena-pack-pressure",False,22,4,1,3,4,7,8,10,15,2,1,1,1,0,1,1,1,0,0,0,0,4,0,4,0,1,0,5,2,5,0,3,0,0,0,"red.ancestor.firsthunter","",1,0,4,0,7,0,1,2,0,0,0,0,8,0,6,0,0,0,0,10,0,10,0,10,0,0,0,7,22,32,0,0,1,0,6,1,0,0,1,1,4,5,0,0,9,9
game-436,436,"iron-hyena-pack-pressure","red-hunter-evolution",False,31,6,3,2,4,7,7,9,20,4,2,2,1,0,1,4,1,3,0,0,0,6,10,6,10,0,1,6,1,29,7,11,4,0,0,"red.ancestor.firsthunter","iron.ancestor.firstpack",4,1,10,4,11,12,4,2,0,0,1,0,11,0,9,0,0,0,0,17,0,17,0,17,0,4,0,12,30,49,0,0,2,0,6,1,0,0,2,2,4,13,0,1,11,22
game-437,437,"iron-hyena-pack-pressure","red-hunter-evolution",False,16,3,3,0,4,9,9,9,,0,0,0,0,0,0,1,0,1,0,0,0,0,2,0,2,1,0,1,1,2,5,1,3,0,0,"red.ancestor.grandmother","iron.ancestor.firstpack",0,0,2,2,2,3,0,2,0,0,0,0,0,0,0,0,0,0,0,9,0,9,0,9,0,3,0,5,16,25,0,0,2,0,0,1,0,0,1,1,4,,1,0,0,7
game-438,438,"iron-hyena-pack-pressure","red-hunter-evolution",False,31,6,3,1,4,7,5,9,25,3,1,2,1,0,1,5,1,4,0,0,0,8,12,8,12,0,0,4,2,32,8,11,5,0,0,"red.ancestor.grandmother","iron.ancestor.firstpack",2,2,6,6,12,12,2,4,0,0,1,0,5,0,4,0,0,0,0,15,0,15,0,15,0,6,0,10,30,47,0,0,1,0,1,1,0,0,2,2,4,24,0,1,6,28
game-439,439,"iron-hyena-pack-pressure","red-hunter-evolution",False,18,3,3,0,6,7,5,11,,2,1,1,0,0,0,2,1,1,0,0,0,2,6,2,4,1,0,7,1,10,5,5,4,0,0,"red.ancestor.grandmother","iron.ancestor.firstpack",2,0,6,2,6,5,1,2,0,0,0,0,4,0,3,0,0,0,0,15,0,14,0,14,0,5,0,7,18,32,0,0,2,0,2,1,0,0,1,1,6,15,1,0,0,18
game-440,440,"red-hunter-evolution","iron-hyena-pack-pressure",False,27,5,2,3,4,7,8,9,,4,2,2,0,0,0,3,0,3,0,0,0,8,8,5,8,0,0,6,1,19,10,8,7,0,0,"red.ancestor.firsthunter","iron.ancestor.firstpack",3,0,8,2,10,7,5,4,0,0,0,0,4,0,3,0,0,0,0,15,0,15,0,15,0,3,0,10,28,41,0,0,1,0,4,1,0,0,2,1,4,5,1,1,8,16
game-441,441,"iron-hyena-pack-pressure","red-hunter-evolution",False,19,4,3,0,4,7,8,9,,1,1,0,0,0,0,2,0,2,0,0,0,0,8,0,8,0,0,0,0,8,5,3,4,0,0,"red.ancestor.firsthunter","iron.ancestor.firstpack",2,0,6,2,5,5,0,2,0,0,0,0,4,0,4,0,0,0,0,14,0,13,0,13,0,4,0,7,18,33,0,0,2,0,1,1,0,0,1,1,4,,0,1,0,18
game-442,442,"iron-hyena-pack-pressure","red-hunter-evolution",False,19,4,3,2,3,5,9,9,15,2,2,0,1,0,1,2,0,2,0,0,0,2,6,2,6,0,1,7,0,9,1,5,1,0,0,"red.ancestor.firsthunter","iron.ancestor.firstpack",0,0,2,2,4,5,3,0,0,0,0,0,2,1,1,1,0,0,0,13,0,12,0,12,0,4,0,6,18,32,0,0,0,0,1,0,0,0,1,1,4,3,0,1,5,17
game-443,443,"iron-hyena-pack-pressure","red-hunter-evolution",False,21,4,3,2,4,7,8,9,17,3,3,0,1,0,1,3,0,3,0,0,0,2,8,2,8,0,0,5,2,12,1,6,1,0,0,"red.ancestor.firsthunter","iron.ancestor.firstpack",0,0,2,2,6,6,5,0,0,0,0,0,4,3,3,2,0,0,0,10,0,10,0,10,0,3,0,6,20,32,0,0,1,0,2,0,0,0,1,1,4,5,0,1,0,13
game-444,444,"red-hunter-evolution","iron-hyena-pack-pressure",False,29,5,1,3,4,7,7,9,24,3,2,1,1,0,1,1,0,1,0,0,0,4,2,4,2,0,0,3,1,19,2,10,1,0,0,"red.ancestor.firsthunter","iron.ancestor.firstpack",4,0,10,2,11,10,6,2,0,0,0,0,0,0,0,0,0,0,0,10,0,10,0,10,0,0,0,8,30,38,0,0,2,0,10,1,0,0,3,2,4,13,1,1,15,9
game-445,445,"red-hunter-evolution","iron-hyena-pack-pressure",False,22,4,1,3,4,13,9,12,22,2,1,1,1,0,1,1,1,0,0,0,0,4,0,3,0,1,0,6,1,9,2,4,1,0,0,"red.ancestor.firsthunter","iron.ancestor.firstpack",0,0,2,2,5,6,4,0,0,0,0,0,8,2,7,1,0,0,0,8,0,8,0,8,0,0,0,6,22,30,0,0,3,0,5,1,1,0,1,1,4,5,0,0,6,11
game-446,446,"red-hunter-evolution","iron-hyena-pack-pressure",False,24,4,2,3,4,15,7,12,17,2,2,0,1,0,1,1,1,0,0,0,0,2,0,2,0,0,0,5,1,12,10,6,6,0,0,"red.ancestor.firsthunter","iron.ancestor.firstpack",0,0,2,2,8,8,6,0,0,0,0,0,13,2,8,1,0,0,0,13,0,13,0,13,0,3,0,7,24,37,0,0,2,0,5,3,1,0,1,1,4,13,0,0,14,10
game-447,447,"iron-hyena-pack-pressure","red-hunter-evolution",False,32,6,3,1,4,19,8,15,20,3,1,2,1,0,1,1,0,1,0,0,0,12,2,10,2,2,0,4,0,36,12,13,8,0,0,"red.ancestor.firsthunter","iron.ancestor.smithpassedfang",2,1,6,4,12,10,3,0,0,0,2,0,7,1,5,1,0,0,0,14,0,14,0,14,0,3,0,9,32,46,0,0,2,0,7,1,0,0,2,2,4,17,0,1,0,25
game-448,448,"iron-hyena-pack-pressure","red-hunter-evolution",False,30,5,3,0,5,9,5,9,,4,1,3,0,0,0,3,1,2,0,0,0,14,4,10,3,1,0,1,1,37,8,13,5,0,0,"red.ancestor.firsthunter","iron.ancestor.firstpack",5,0,12,2,12,10,2,2,0,0,0,0,6,1,5,1,0,0,0,18,0,18,0,18,0,3,0,10,30,48,0,0,3,0,8,3,0,0,2,2,5,25,1,0,5,13
game-449,449,"red-hunter-evolution","iron-hyena-pack-pressure",False,17,3,1,3,4,9,8,9,,2,2,0,0,0,0,2,1,1,0,0,0,0,2,0,2,0,0,3,0,7,0,4,0,0,0,"red.ancestor.firsthunter","",2,0,6,0,5,0,4,0,0,0,0,0,4,0,2,0,0,0,0,3,0,3,0,3,0,1,0,3,18,19,0,0,0,0,1,1,0,0,1,1,4,12,1,1,11,7
game-450,450,"red-hunter-evolution","iron-hyena-pack-pressure",False,20,4,2,3,3,7,8,9,17,2,2,0,1,0,1,2,0,2,0,0,0,2,4,2,4,0,0,8,0,5,2,3,1,0,0,"red.ancestor.firsthunter","iron.ancestor.firstpack",0,0,2,2,6,3,6,0,0,0,0,0,5,1,4,1,0,0,0,9,0,9,0,9,0,2,0,6,20,29,0,0,2,0,3,0,0,0,1,1,4,3,0,0,5,17
game-451,451,"red-hunter-evolution","iron-hyena-pack-pressure",False,17,3,1,3,4,7,9,9,,2,2,0,0,0,0,1,0,1,0,0,0,0,2,0,2,0,0,3,1,6,1,3,1,0,0,"red.ancestor.firsthunter","iron.ancestor.firstpack",2,0,6,2,4,3,2,2,0,0,0,0,5,0,3,0,0,0,0,5,0,5,0,5,0,1,0,3,18,21,0,0,0,0,1,0,0,0,1,1,4,5,1,1,15,10
game-452,452,"iron-hyena-pack-pressure","red-hunter-evolution",False,19,4,3,1,5,11,5,12,,2,2,0,0,0,0,1,0,1,0,0,0,0,2,0,2,0,0,5,0,10,8,5,5,0,0,"red.ancestor.firsthunter","iron.ancestor.firstpack",2,0,6,2,6,6,3,2,0,0,0,0,4,1,3,1,0,0,0,12,0,12,0,12,0,1,0,8,18,32,0,0,0,0,1,0,0,0,1,1,5,15,0,1,0,20
game-453,453,"iron-hyena-pack-pressure","red-hunter-evolution",False,18,3,3,1,4,9,10,9,,2,2,0,0,0,0,3,0,3,0,0,0,0,6,0,6,0,0,6,1,7,3,4,2,0,0,"red.ancestor.firsthunter","iron.ancestor.firstpack",2,1,6,4,4,3,1,2,0,0,0,0,2,1,2,1,0,0,0,12,0,12,0,12,0,7,0,5,18,30,0,0,3,0,1,2,0,1,1,1,4,13,1,0,5,10
game-454,454,"red-hunter-evolution","iron-hyena-pack-pressure",False,22,4,1,3,4,7,6,8,17,2,1,1,1,0,1,2,1,1,0,0,0,4,4,4,4,1,1,0,0,10,5,5,4,0,0,"red.ancestor.firsthunter","iron.ancestor.firstpack",0,1,2,4,7,8,7,0,0,0,0,0,0,1,0,1,0,0,0,8,0,8,0,8,0,2,0,6,22,30,0,0,1,0,6,1,0,0,2,1,4,10,0,0,14,8
game-455,455,"red-hunter-evolution","iron-hyena-pack-pressure",False,17,3,1,3,6,9,5,8,,2,1,1,0,0,0,1,0,1,0,0,0,2,2,2,2,0,0,2,0,4,3,3,1,0,0,"red.ancestor.firsthunter","iron.ancestor.firstpack",0,0,2,2,6,2,6,0,0,0,0,0,4,2,3,1,0,0,0,6,0,6,0,6,0,2,0,4,18,22,0,0,2,0,3,3,0,0,1,1,6,12,1,1,11,8
game-456,456,"iron-hyena-pack-pressure","red-hunter-evolution",False,23,4,3,1,4,7,7,9,22,2,2,0,1,0,1,1,0,1,0,0,0,2,2,2,2,0,0,4,1,20,11,6,7,0,0,"red.ancestor.grandmother","iron.ancestor.firstpack",2,0,6,2,6,8,2,3,0,0,0,0,7,0,5,0,0,0,0,14,0,13,0,13,0,3,0,9,22,37,0,0,1,0,4,0,0,0,1,1,4,17,0,1,0,18
game-457,457,"iron-hyena-pack-pressure","red-hunter-evolution",False,19,4,3,0,4,7,6,10,,2,2,0,0,0,0,0,0,0,0,0,0,0,0,0,0,0,0,4,0,12,5,5,4,0,0,"red.ancestor.firsthunter","iron.ancestor.smithpassedfang",3,1,8,4,5,7,0,3,0,0,0,0,5,0,4,0,0,0,0,10,0,10,0,10,0,2,0,6,18,30,0,0,0,0,1,0,0,0,1,1,4,,0,1,0,19
game-458,458,"iron-hyena-pack-pressure","red-hunter-evolution",False,19,4,3,0,4,11,8,12,17,1,1,0,1,0,1,0,0,0,0,0,0,2,0,2,0,0,0,2,0,4,8,3,5,0,0,"red.ancestor.grandmother","iron.ancestor.firstpack",1,0,4,2,5,5,2,2,0,0,0,0,11,4,7,1,0,0,0,9,0,9,0,9,0,1,0,7,18,29,0,0,2,0,3,0,0,0,1,1,4,15,0,1,0,13
game-459,459,"red-hunter-evolution","iron-hyena-pack-pressure",False,25,5,2,3,4,7,6,12,22,2,2,0,1,0,1,2,1,1,0,0,0,2,2,2,2,0,0,0,2,18,10,7,5,0,0,"red.ancestor.firsthunter","iron.ancestor.firstpack",2,0,6,2,9,9,3,2,0,0,0,0,10,3,9,1,0,0,0,14,0,14,0,14,0,4,0,7,26,38,0,0,1,0,5,1,1,0,2,1,4,13,1,1,14,23
game-460,460,"iron-hyena-pack-pressure","red-hunter-evolution",False,19,4,3,1,4,7,5,12,17,2,2,0,1,0,1,1,1,0,0,0,0,2,0,2,0,0,0,6,1,8,6,4,5,0,0,"red.ancestor.firsthunter","iron.ancestor.smithpassedfang",2,1,6,4,6,6,3,1,0,0,1,0,10,0,8,0,0,0,0,12,0,12,0,12,0,1,0,7,18,32,0,0,0,0,4,0,0,0,1,1,4,13,0,1,5,11
game-461,461,"iron-hyena-pack-pressure","red-hunter-evolution",False,19,4,3,0,4,7,5,12,,1,1,0,0,0,0,1,0,1,0,0,0,0,4,0,4,0,0,3,0,11,9,6,5,0,0,"red.ancestor.firsthunter","iron.ancestor.firstpack",2,0,6,2,6,6,2,1,0,0,0,0,3,1,2,1,0,0,0,10,0,10,0,10,0,3,0,7,18,30,0,0,2,0,1,0,0,0,1,1,4,13,0,1,5,17
game-462,462,"red-hunter-evolution","iron-hyena-pack-pressure",False,29,5,2,3,6,7,7,10,13,2,2,0,1,0,1,2,2,0,0,0,0,2,0,2,0,0,1,3,1,20,13,8,8,0,0,"red.ancestor.firsthunter","iron.ancestor.firstpack",0,0,2,2,10,10,6,0,0,0,0,0,13,0,10,0,0,0,0,12,0,12,0,12,0,0,0,10,30,40,0,0,1,0,10,1,0,0,2,2,6,12,1,1,24,16
game-463,463,"iron-hyena-pack-pressure","red-hunter-evolution",False,19,4,3,0,4,16,6,19,,0,0,0,0,0,0,1,0,1,0,0,0,0,6,0,2,0,0,0,1,13,7,5,5,0,0,"red.ancestor.grandmother","iron.ancestor.firstpack",2,0,6,2,5,7,0,3,0,0,0,0,2,0,2,0,0,0,0,12,0,10,0,10,0,1,0,7,18,30,0,0,2,0,1,1,0,0,1,1,4,,0,1,0,31
game-464,464,"iron-hyena-pack-pressure","red-hunter-evolution",False,11,2,3,0,4,7,9,,,0,0,0,0,0,0,0,0,0,0,0,0,0,0,0,0,0,0,2,0,2,2,1,1,0,0,"red.ancestor.firsthunter","iron.ancestor.firstpack",0,0,2,2,0,1,0,0,0,0,0,0,0,0,0,0,0,0,0,7,0,7,0,7,0,1,0,3,10,19,0,0,0,0,0,0,0,0,0,0,4,,0,1,0,10
game-465,465,"iron-hyena-pack-pressure","red-hunter-evolution",False,33,6,3,2,6,9,5,10,25,4,3,1,1,0,1,3,2,1,0,0,0,4,2,4,2,0,1,7,2,30,2,13,2,0,0,"red.ancestor.grandmother","iron.ancestor.firstpack",3,1,8,4,13,12,4,2,0,0,4,0,5,0,5,0,0,0,0,20,0,20,0,20,0,5,0,10,32,54,0,0,2,0,8,2,0,0,2,2,6,15,0,1,8,9
game-466,466,"red-hunter-evolution","iron-hyena-pack-pressure",False,36,6,2,3,4,9,8,11,,5,2,3,0,0,0,5,2,3,0,0,0,10,8,10,8,0,0,7,2,14,1,7,1,0,0,"red.ancestor.grandmother","iron.ancestor.firstpack",3,0,8,2,14,13,3,4,0,0,0,0,1,3,1,3,0,0,0,18,0,18,0,18,0,3,0,12,36,54,0,0,2,0,11,0,0,0,3,2,4,15,0,0,4,6
game-467,467,"red-hunter-evolution","iron-hyena-pack-pressure",False,20,4,1,3,5,11,5,10,,2,2,0,0,0,0,0,0,0,0,0,0,0,0,0,0,0,1,3,0,10,7,4,4,0,0,"red.ancestor.firsthunter","iron.ancestor.firstpack",0,0,2,2,7,5,5,0,0,0,0,0,9,3,5,2,0,0,0,8,0,8,0,8,0,2,0,5,20,28,0,0,0,0,4,0,1,0,1,1,5,13,0,0,5,11
game-468,468,"iron-hyena-pack-pressure","red-hunter-evolution",False,18,3,3,2,4,9,9,12,15,2,2,0,1,0,1,0,0,0,0,0,0,2,0,2,0,0,0,7,0,12,6,4,3,0,0,"red.ancestor.firsthunter","iron.ancestor.firstpack",0,0,2,2,4,4,2,0,0,0,0,0,4,0,4,0,0,0,0,12,0,12,0,12,0,2,0,5,18,30,0,0,1,0,2,0,0,0,1,1,4,5,1,0,5,10
game-469,469,"iron-hyena-pack-pressure","red-hunter-evolution",False,19,4,3,1,5,9,5,9,,1,1,0,0,0,0,2,0,2,0,0,0,0,8,0,8,0,0,4,0,12,4,5,3,0,0,"red.ancestor.grandmother","iron.ancestor.firstpack",1,0,4,2,6,5,3,1,0,0,0,0,0,1,0,1,0,0,0,6,0,6,0,6,0,2,0,5,18,26,0,1,1,0,2,0,1,0,1,1,5,13,0,1,5,16
game-470,470,"red-hunter-evolution","iron-hyena-pack-pressure",False,25,5,1,3,4,15,10,12,15,3,1,2,1,0,1,2,1,1,0,0,0,6,2,6,2,1,0,4,1,18,1,7,1,0,0,"red.ancestor.firsthunter","iron.ancestor.firstpack",0,0,2,2,8,2,5,0,0,0,0,0,6,3,5,1,0,0,0,11,0,11,0,11,0,3,0,5,26,35,0,0,2,0,6,0,1,0,2,1,4,5,1,1,21,10
game-471,471,"iron-hyena-pack-pressure","red-hunter-evolution",False,21,4,3,1,4,9,8,9,20,2,2,0,1,0,1,2,0,2,0,0,0,2,10,2,5,1,0,4,1,12,6,6,4,0,0,"red.ancestor.firsthunter","iron.ancestor.firstpack",0,2,2,6,6,5,2,0,0,0,0,0,8,0,5,0,0,0,0,13,0,13,0,13,0,3,0,7,20,35,0,0,0,0,3,1,0,0,1,1,4,5,0,1,0,16
game-472,472,"red-hunter-evolution","iron-hyena-pack-pressure",False,24,4,2,3,4,15,8,12,15,2,2,0,1,0,1,2,2,0,0,0,0,2,0,2,0,0,1,6,2,15,5,8,4,0,0,"red.ancestor.firsthunter","iron.ancestor.firstpack",1,0,4,2,8,4,6,0,0,0,0,0,9,1,9,1,0,0,0,12,0,12,0,12,0,1,0,7,24,36,0,0,1,0,8,2,1,0,2,1,4,13,0,0,16,14
game-473,473,"iron-hyena-pack-pressure","red-hunter-evolution",False,18,3,3,0,4,9,9,10,,2,2,0,0,0,0,2,1,1,0,0,0,0,2,0,2,0,1,1,0,7,5,3,4,0,0,"red.ancestor.firsthunter","iron.ancestor.firstpack",2,0,6,2,4,4,0,1,0,0,0,0,7,0,6,0,0,0,0,15,0,14,0,14,0,3,0,6,18,32,0,0,1,0,2,2,0,0,1,1,4,,1,0,0,16
game-474,474,"iron-hyena-pack-pressure","red-hunter-evolution",False,23,4,3,2,4,7,6,7,22,2,2,0,1,0,1,4,1,3,0,0,0,2,8,2,8,0,1,5,0,12,6,6,4,0,0,"red.ancestor.firsthunter","iron.ancestor.firstpack",0,0,2,2,7,9,3,0,0,0,0,0,3,0,3,0,0,0,0,11,0,11,0,11,0,5,0,7,22,35,0,0,0,0,3,0,0,0,1,1,4,15,0,1,0,11
game-475,475,"red-hunter-evolution","iron-hyena-pack-pressure",False,24,4,1,3,4,9,8,9,15,2,1,1,1,0,1,1,0,1,0,0,0,4,2,4,2,0,1,4,2,13,0,6,0,0,0,"red.ancestor.firsthunter","",0,0,2,0,8,0,5,0,0,0,0,0,0,0,0,0,0,0,0,9,0,9,0,9,0,0,0,6,24,33,0,0,1,0,14,1,0,0,1,1,4,5,0,0,15,8
game-476,476,"iron-hyena-pack-pressure","red-hunter-evolution",False,21,4,3,1,4,9,5,7,17,2,2,0,1,0,1,1,0,1,0,0,0,2,2,2,2,0,0,8,1,10,12,4,8,0,0,"red.ancestor.grandmother","iron.ancestor.firstpack",2,2,6,6,7,8,2,3,0,0,0,0,7,0,6,0,0,0,0,13,0,13,0,13,0,4,0,8,20,35,0,0,1,0,3,1,0,0,1,1,4,15,0,1,0,12
game-477,477,"red-hunter-evolution","iron-hyena-pack-pressure",False,15,3,0,3,4,12,8,12,,2,2,0,0,0,0,0,0,0,0,0,0,0,0,0,0,0,0,6,1,4,0,2,0,0,0,"red.ancestor.firsthunter","",0,0,2,0,4,0,5,0,0,0,0,0,1,0,1,0,0,0,0,2,0,2,0,2,0,0,0,2,16,16,0,0,0,0,0,0,0,0,1,0,4,5,1,1,16,6
game-478,478,"iron-hyena-pack-pressure","red-hunter-evolution",False,16,3,3,1,4,7,7,6,,2,2,0,0,0,0,2,0,2,0,0,0,0,6,0,5,0,0,6,0,9,5,4,3,0,0,"red.ancestor.grandmother","iron.ancestor.firstpack",1,0,4,2,4,4,3,0,0,0,0,0,4,2,3,1,0,0,0,12,0,11,0,11,0,3,0,7,16,27,0,0,2,0,1,0,0,0,1,1,4,15,1,0,0,12
game-479,479,"iron-hyena-pack-pressure","red-hunter-evolution",False,19,4,3,0,7,11,5,11,,2,2,0,0,0,0,1,0,1,0,0,0,0,4,0,3,0,0,9,0,9,9,5,5,0,0,"red.ancestor.firsthunter","iron.ancestor.firstpack",3,0,8,2,6,5,0,2,0,0,0,0,4,0,4,0,0,0,0,14,0,14,0,14,0,4,0,7,18,34,0,0,1,0,1,0,0,0,1,1,7,,0,1,0,19
game-480,480,"red-hunter-evolution","iron-hyena-pack-pressure",False,32,6,2,3,4,9,7,12,,4,2,2,0,0,0,3,2,1,0,0,0,4,4,4,4,1,0,6,4,30,17,13,11,0,0,"red.ancestor.firsthunter","iron.ancestor.firstpack",3,0,8,2,12,12,6,0,1,0,0,0,5,0,5,0,0,0,0,17,0,17,0,17,0,1,0,13,32,49,0,0,2,0,10,4,0,0,3,2,4,13,0,0,5,9
game-481,481,"iron-hyena-pack-pressure","red-hunter-evolution",False,21,4,3,1,4,9,5,13,,2,2,0,0,0,0,2,2,0,0,0,0,0,0,0,0,0,0,5,3,8,11,5,6,0,0,"red.ancestor.firsthunter","iron.ancestor.firstpack",2,0,6,2,7,7,2,2,0,0,0,0,4,2,3,1,0,0,0,11,0,11,0,11,0,3,0,7,20,33,0,0,1,0,1,2,1,1,1,1,4,13,0,1,3,13
game-482,482,"red-hunter-evolution","iron-hyena-pack-pressure",False,41,7,2,3,4,7,8,11,32,6,2,4,1,0,1,4,2,2,0,0,0,14,6,13,6,1,1,4,3,34,2,14,1,0,0,"red.ancestor.firsthunter","iron.ancestor.firstpack",5,0,12,2,17,15,3,0,4,0,0,0,0,6,0,3,0,0,0,20,0,19,0,19,0,4,0,13,42,59,0,0,2,0,16,1,0,0,5,3,4,5,1,1,16,12
game-483,483,"iron-hyena-pack-pressure","red-hunter-evolution",False,19,4,3,1,4,7,5,12,,2,2,0,0,0,0,1,0,1,0,0,0,0,2,0,1,0,0,6,0,14,4,7,3,0,0,"red.ancestor.firsthunter","iron.ancestor.firstpack",2,2,6,6,6,6,2,1,0,0,1,0,3,0,3,0,0,0,0,9,0,9,0,9,0,2,0,6,18,29,0,0,1,0,1,0,0,0,1,1,4,13,0,1,5,21
game-484,484,"red-hunter-evolution","iron-hyena-pack-pressure",False,22,4,2,3,4,7,7,6,15,2,1,1,1,0,1,3,1,2,0,0,0,4,4,4,4,1,3,4,4,12,5,6,4,0,0,"red.ancestor.firsthunter","iron.ancestor.firstpack",2,1,6,4,7,7,4,0,0,0,1,0,2,4,2,1,0,0,0,9,0,9,0,9,0,4,0,6,22,31,0,1,1,0,3,0,1,0,1,1,4,13,0,0,8,17
game-485,485,"red-hunter-evolution","iron-hyena-pack-pressure",False,20,4,0,3,6,13,8,10,15,2,2,0,1,0,1,0,0,0,0,0,0,2,0,2,0,0,0,1,0,9,0,5,0,0,0,"red.ancestor.grandmother","",1,0,4,0,6,0,5,1,0,0,0,0,3,0,3,0,0,0,0,7,0,7,0,7,0,0,0,6,20,27,0,0,1,0,5,0,0,0,1,1,6,12,0,0,12,4
game-486,486,"iron-hyena-pack-pressure","red-hunter-evolution",False,18,3,3,1,4,7,9,9,15,1,1,0,1,0,1,1,0,1,0,0,0,2,6,2,4,0,0,3,0,13,5,5,4,0,0,"red.ancestor.firsthunter","iron.ancestor.firstpack",0,0,2,2,4,4,1,0,0,0,0,0,6,0,5,0,0,0,0,11,0,10,0,10,0,0,0,6,18,28,0,0,1,0,5,0,0,0,1,1,4,5,1,0,5,10
game-487,487,"red-hunter-evolution","iron-hyena-pack-pressure",False,34,6,1,3,4,15,8,10,17,5,3,2,1,0,1,2,1,1,0,0,0,8,2,8,2,2,0,4,2,24,6,10,4,0,0,"red.ancestor.grandmother","iron.ancestor.firstpack",4,0,10,2,13,5,5,6,0,0,0,0,16,1,13,1,0,0,0,18,0,18,0,18,0,1,0,12,34,52,0,0,3,0,10,1,0,0,3,2,4,13,0,0,9,12
game-488,488,"iron-hyena-pack-pressure","red-hunter-evolution",False,19,4,3,0,7,9,5,12,,2,1,1,0,0,0,1,0,1,0,0,0,2,2,2,2,0,1,3,1,18,7,6,5,0,0,"red.ancestor.firsthunter","iron.ancestor.firstpack",0,0,2,2,6,4,3,0,0,0,0,0,3,1,3,1,0,0,0,13,0,12,0,12,0,4,0,7,18,32,0,0,1,0,3,1,0,0,1,1,7,13,0,1,5,22
game-489,489,"iron-hyena-pack-pressure","red-hunter-evolution",False,28,5,3,2,7,18,5,14,20,3,2,1,1,0,1,3,2,1,0,0,0,4,4,4,4,0,1,3,2,17,10,8,6,0,0,"red.ancestor.grandmother","iron.ancestor.firstpack",3,0,8,2,11,8,2,3,0,0,0,0,8,0,7,0,0,0,0,14,0,13,0,13,0,0,0,8,28,41,0,0,3,0,3,0,0,0,2,2,7,17,1,0,13,22
game-490,490,"iron-hyena-pack-pressure","red-hunter-evolution",False,21,4,3,0,6,9,5,11,17,1,1,0,1,0,1,2,0,2,0,0,0,2,4,2,4,0,0,5,0,17,3,7,2,0,0,"red.ancestor.grandmother","iron.ancestor.firstpack",1,0,4,2,7,3,2,1,0,0,0,0,4,3,4,1,0,0,0,12,0,12,0,12,0,4,0,7,20,34,0,0,3,0,2,0,0,0,1,1,6,15,0,1,0,12
game-491,491,"iron-hyena-pack-pressure","red-hunter-evolution",False,18,3,3,0,6,7,5,7,,2,2,0,0,0,0,2,0,2,0,0,0,0,4,0,3,0,0,3,0,15,7,7,5,0,0,"red.ancestor.firsthunter","iron.ancestor.firstpack",2,0,6,2,6,5,1,0,0,0,0,0,3,1,3,1,0,0,0,11,0,11,0,11,0,1,0,6,18,29,0,0,0,0,2,1,0,0,1,1,6,13,1,0,8,17
game-492,492,"red-hunter-evolution","iron-hyena-pack-pressure",False,24,4,2,3,6,15,5,12,24,2,1,1,1,0,1,1,0,1,0,0,0,4,2,4,2,0,0,3,0,17,9,9,5,0,0,"red.ancestor.firsthunter","iron.ancestor.firstpack",3,0,8,2,9,6,4,1,0,0,0,0,1,3,1,2,0,0,0,10,0,10,0,10,0,3,0,7,24,34,0,0,2,0,3,0,2,0,1,1,6,13,0,0,9,13
game-493,493,"iron-hyena-pack-pressure","red-hunter-evolution",False,11,2,3,0,4,7,7,8,,1,0,1,0,0,0,1,0,1,0,0,0,2,4,2,3,0,0,2,0,3,4,1,2,0,0,"red.ancestor.firsthunter","iron.ancestor.firstpack",0,0,2,2,0,2,0,0,0,0,0,0,1,0,1,0,0,0,0,7,0,6,0,6,0,0,0,3,10,18,0,0,1,0,1,1,0,0,0,0,4,,0,1,0,7
game-494,494,"iron-hyena-pack-pressure","red-hunter-evolution",False,16,3,3,0,7,9,5,13,,1,1,0,0,0,0,0,0,0,0,0,0,0,0,0,0,0,0,6,0,12,5,5,3,0,0,"red.ancestor.grandmother","iron.ancestor.firstpack",1,0,4,2,5,3,1,1,0,0,0,0,3,0,3,0,0,0,0,8,0,8,0,8,0,0,0,5,16,24,0,0,1,0,2,0,0,0,1,1,7,15,1,0,0,8
game-495,495,"red-hunter-evolution","iron-hyena-pack-pressure",False,29,5,1,3,4,17,10,13,20,3,3,0,1,0,1,2,1,1,0,0,0,2,2,2,2,1,1,4,1,18,9,8,6,0,0,"red.ancestor.grandmother","iron.ancestor.firstpack",1,0,4,2,10,8,6,0,0,0,0,0,4,1,3,1,0,0,0,14,0,13,0,13,0,2,0,8,30,41,0,0,2,0,6,1,0,0,3,2,4,15,1,1,7,12
game-496,496,"iron-hyena-pack-pressure","red-hunter-evolution",False,18,3,3,1,6,7,8,7,,2,1,1,0,0,0,3,0,3,0,0,0,2,8,2,5,1,0,6,0,9,2,5,2,0,0,"red.ancestor.firsthunter","iron.ancestor.firstpack",3,0,8,2,5,3,2,1,0,0,0,0,2,0,2,0,0,0,0,10,0,10,0,10,0,5,0,6,18,28,0,0,1,0,1,1,0,0,1,1,6,15,1,0,0,15
game-497,497,"iron-hyena-pack-pressure","red-hunter-evolution",False,21,4,3,0,3,14,8,10,,3,3,0,0,0,0,1,0,1,0,0,0,0,2,0,2,0,0,5,1,10,9,5,6,0,0,"red.ancestor.firsthunter","iron.ancestor.firstpack",3,0,8,2,6,6,0,3,0,0,0,0,6,0,6,0,0,0,0,15,0,15,0,15,0,2,0,8,20,37,0,0,1,0,2,1,0,0,1,1,6,3,0,1,0,16
game-498,498,"red-hunter-evolution","iron-hyena-pack-pressure",False,22,4,2,3,4,9,8,9,,2,1,1,0,0,0,2,0,2,0,0,0,4,4,4,4,1,0,6,0,11,2,5,2,0,0,"red.ancestor.grandmother","iron.ancestor.smithpassedfang",1,1,4,4,7,4,4,1,0,0,0,0,9,0,5,0,0,0,0,11,0,11,0,11,0,3,0,6,22,33,0,0,0,0,2,0,0,0,1,1,4,15,0,0,0,13
game-499,499,"red-hunter-evolution","iron-hyena-pack-pressure",False,25,5,2,3,4,7,10,9,22,2,2,0,1,0,1,3,1,2,0,0,0,4,12,4,8,0,1,7,2,7,1,4,1,0,0,"red.ancestor.firsthunter","iron.ancestor.firstpack",2,0,6,2,8,3,2,2,0,0,0,0,15,1,8,1,0,0,0,16,0,13,0,13,0,1,0,7,26,37,0,0,1,0,3,2,0,1,2,1,4,5,1,1,20,24
game-500,500,"iron-hyena-pack-pressure","red-hunter-evolution",False,19,4,3,0,4,7,8,12,,2,2,0,0,0,0,2,0,2,0,0,0,0,6,0,6,0,0,3,1,2,5,1,3,0,0,"red.ancestor.firsthunter","iron.ancestor.firstpack",0,0,2,2,5,5,2,0,0,0,0,0,3,2,3,2,0,0,0,9,0,9,0,9,0,2,0,6,18,29,0,0,1,0,1,1,0,0,1,1,4,,0,1,0,17
game-501,501,"red-hunter-evolution","iron-hyena-pack-pressure",False,22,4,1,3,4,11,5,7,,2,2,0,0,0,0,1,0,1,0,0,0,0,2,0,2,0,0,4,0,13,3,6,2,0,0,"red.ancestor.firsthunter","iron.ancestor.firstpack",2,1,6,4,8,8,3,0,0,0,2,0,0,0,0,0,0,0,0,6,0,6,0,6,0,0,0,6,22,28,0,0,1,0,4,0,0,0,1,1,4,13,0,0,10,9
game-502,502,"iron-hyena-pack-pressure","red-hunter-evolution",False,19,4,3,0,4,9,9,11,17,1,1,0,1,0,1,2,1,1,0,0,0,2,2,2,2,1,2,4,1,13,5,5,3,0,0,"red.ancestor.firsthunter","iron.ancestor.firstpack",0,2,2,6,4,5,1,0,0,0,1,0,4,0,4,0,0,0,0,13,0,13,0,13,0,2,0,7,18,33,0,0,2,0,2,0,0,0,1,1,4,15,0,1,0,21
game-503,503,"red-hunter-evolution","iron-hyena-pack-pressure",False,39,7,1,3,4,9,7,12,24,6,3,3,1,0,1,4,2,2,0,0,0,12,4,8,4,1,1,5,1,36,21,14,13,0,0,"red.ancestor.firsthunter","iron.ancestor.firstpack",4,0,10,2,16,15,4,2,1,0,0,0,0,1,0,1,0,0,0,23,0,23,0,23,0,3,0,15,40,61,0,0,2,0,15,1,0,0,4,2,4,13,1,1,22,11
game-504,504,"iron-hyena-pack-pressure","red-hunter-evolution",False,23,4,3,1,4,11,5,13,,2,1,1,0,0,0,1,1,0,0,0,0,4,0,4,0,0,0,6,1,13,11,8,5,0,0,"red.ancestor.firsthunter","iron.ancestor.firstpack",2,0,6,2,8,8,4,1,0,0,0,0,5,3,4,1,0,0,0,11,0,11,0,11,0,3,0,7,22,35,0,0,2,0,4,1,0,0,1,1,4,15,0,1,0,17
game-505,505,"iron-hyena-pack-pressure","red-hunter-evolution",False,21,4,3,2,7,9,5,10,15,2,2,0,1,0,1,1,1,0,0,0,0,2,0,2,0,0,0,3,1,7,6,4,4,0,0,"red.ancestor.firsthunter","iron.ancestor.firstpack",0,0,2,2,7,6,5,0,0,0,0,0,7,1,6,1,0,0,0,11,0,11,0,11,0,1,0,7,20,33,0,0,0,0,4,0,1,0,1,1,7,12,0,1,13,13
game-506,506,"red-hunter-evolution","iron-hyena-pack-pressure",False,24,4,2,3,4,7,5,6,22,2,1,1,1,0,1,2,0,2,0,0,0,4,8,4,8,0,0,5,0,17,2,7,2,0,0,"red.ancestor.firsthunter","iron.ancestor.firstpack",0,1,2,4,9,8,6,0,0,0,2,0,0,1,0,1,0,0,0,9,0,9,0,9,0,3,0,8,24,33,0,0,2,0,6,1,1,0,1,1,4,13,0,0,12,18
game-507,507,"iron-hyena-pack-pressure","red-hunter-evolution",False,19,4,3,0,7,9,5,10,,2,2,0,0,0,0,0,0,0,0,0,0,0,0,0,0,0,0,2,0,8,6,4,4,0,0,"red.ancestor.firsthunter","iron.ancestor.firstpack",2,0,6,2,6,5,0,0,0,0,0,0,4,0,4,0,0,0,0,14,0,14,0,14,0,5,0,7,18,34,0,0,1,0,1,1,0,0,1,1,7,,0,1,0,18
game-508,508,"red-hunter-evolution","iron-hyena-pack-pressure",False,22,4,1,3,4,7,8,9,,2,2,0,0,0,0,2,1,1,0,0,0,0,4,0,4,0,1,3,0,9,0,5,0,0,0,"red.ancestor.firsthunter","",1,0,4,0,7,0,7,0,0,0,0,0,0,0,0,0,0,0,0,11,0,11,0,11,0,0,0,6,22,33,0,0,1,0,9,1,0,0,1,1,4,5,0,0,10,8
game-509,509,"iron-hyena-pack-pressure","red-hunter-evolution",False,19,4,3,2,4,7,8,10,,1,1,0,0,0,0,1,1,0,0,0,0,0,0,0,0,0,1,2,0,1,7,1,4,0,0,"red.ancestor.firsthunter","iron.ancestor.firstpack",0,0,2,2,5,5,4,0,0,0,0,0,4,0,3,0,0,0,0,9,0,9,0,9,0,0,0,6,18,29,0,0,4,0,4,2,0,0,1,1,4,5,0,1,8,23
game-510,510,"iron-hyena-pack-pressure","red-hunter-evolution",False,19,4,3,1,6,9,5,7,,1,1,0,0,0,0,2,1,1,0,0,0,0,2,0,2,0,0,5,1,14,6,6,4,0,0,"red.ancestor.grandmother","iron.ancestor.firstpack",1,0,4,2,6,6,2,1,0,0,0,0,1,0,1,0,0,0,0,9,0,9,0,9,0,2,0,6,18,29,0,0,1,0,0,1,0,0,1,1,6,15,0,1,0,20
game-511,511,"iron-hyena-pack-pressure","red-hunter-evolution",False,18,3,3,1,6,7,5,7,,2,2,0,0,0,0,2,1,1,0,0,0,0,2,0,2,1,1,4,0,14,4,6,3,0,0,"red.ancestor.firsthunter","iron.ancestor.firstpack",0,2,2,6,6,5,3,0,0,0,1,0,3,3,3,1,0,0,0,11,0,11,0,11,0,2,0,7,18,29,0,0,2,0,1,1,0,0,1,1,6,15,1,0,0,18
game-512,512,"red-hunter-evolution","iron-hyena-pack-pressure",False,15,3,0,3,3,5,10,10,13,2,2,0,1,0,1,0,0,0,0,0,0,2,0,2,0,0,0,2,2,5,0,2,0,0,0,"red.ancestor.firsthunter","",0,0,2,0,3,0,4,0,0,0,0,0,5,0,5,0,0,0,0,4,0,4,0,4,0,0,0,4,16,18,0,0,0,0,4,0,0,0,1,0,4,3,1,1,13,9
game-513,513,"iron-hyena-pack-pressure","red-hunter-evolution",False,23,4,3,2,4,15,5,13,,2,1,1,0,0,0,1,0,1,0,0,0,4,2,4,1,0,0,2,1,10,4,5,4,0,0,"red.ancestor.grandmother","iron.ancestor.smithpassedfang",1,1,4,4,8,8,6,3,0,0,0,0,7,1,5,1,0,0,0,8,0,8,0,8,0,1,0,5,22,32,0,0,1,0,4,0,0,0,1,1,4,13,0,1,7,22
game-514,514,"iron-hyena-pack-pressure","red-hunter-evolution",False,31,6,3,2,4,13,8,10,,4,3,1,0,0,0,3,2,1,0,0,0,4,2,4,2,1,0,5,4,34,15,10,9,0,0,"red.ancestor.firsthunter","iron.ancestor.firstpack",0,0,2,2,11,10,4,0,0,0,0,0,8,0,7,0,0,0,0,19,0,19,0,19,0,2,0,12,30,51,0,0,1,0,8,1,0,0,2,2,4,5,0,1,10,11
game-515,515,"iron-hyena-pack-pressure","red-hunter-evolution",False,30,5,3,1,7,9,5,11,,4,1,3,0,0,0,3,1,2,0,0,0,8,6,8,6,0,0,2,0,22,15,9,9,0,0,"red.ancestor.firsthunter","iron.ancestor.firstpack",5,0,12,2,12,10,0,6,0,0,0,0,10,1,9,1,0,0,0,15,0,15,0,15,0,1,0,12,30,45,0,0,3,0,6,3,1,0,2,2,7,15,1,0,0,15
game-516,516,"iron-hyena-pack-pressure","red-hunter-evolution",False,31,6,3,1,6,11,5,9,17,4,3,1,1,0,1,4,1,3,0,0,0,4,12,4,7,1,0,6,2,16,6,8,5,0,0,"red.ancestor.firsthunter","iron.ancestor.firstpack",4,0,10,2,12,11,3,2,2,0,0,0,9,0,9,0,0,0,0,16,0,16,0,16,0,4,0,8,30,48,0,0,2,0,7,4,0,0,2,2,6,15,0,1,0,15
game-517,517,"red-hunter-evolution","iron-hyena-pack-pressure",False,29,5,2,3,4,7,5,9,15,3,2,1,1,0,1,2,1,1,0,0,0,4,6,4,4,0,0,6,1,25,11,10,7,0,0,"red.ancestor.firsthunter","iron.ancestor.firstpack",0,0,2,2,12,10,8,0,0,0,0,0,1,3,1,2,0,0,0,10,0,10,0,10,0,1,0,9,30,38,0,0,2,0,12,1,0,0,2,1,4,13,1,1,26,10
game-518,518,"red-hunter-evolution","iron-hyena-pack-pressure",False,25,5,2,3,6,9,5,9,24,2,2,0,1,0,1,3,0,3,0,0,0,2,6,2,6,0,0,6,1,13,5,6,4,0,0,"red.ancestor.firsthunter","iron.ancestor.firstpack",2,0,6,2,10,7,5,1,0,0,0,0,4,3,4,1,0,0,0,11,0,11,0,11,0,4,0,6,26,35,0,0,1,0,4,1,1,0,2,1,6,15,1,1,12,14
game-519,519,"iron-hyena-pack-pressure","red-hunter-evolution",False,19,4,3,1,4,7,8,12,,2,2,0,0,0,0,2,1,1,0,0,0,0,4,0,4,0,1,3,0,6,7,2,5,0,0,"red.ancestor.firsthunter","iron.ancestor.smithpassedfang",0,1,2,4,5,5,3,0,0,0,2,0,4,3,3,1,0,0,0,13,0,11,0,11,0,2,0,6,18,31,0,0,3,0,1,0,1,0,1,1,4,13,0,1,7,17
game-520,520,"iron-hyena-pack-pressure","red-hunter-evolution",False,23,4,3,1,4,11,8,12,,1,1,0,0,0,0,2,1,1,0,0,0,0,2,0,1,0,0,4,1,16,7,6,4,0,0,"red.ancestor.firsthunter","iron.ancestor.firstpack",0,0,2,2,7,7,1,0,0,0,0,0,4,0,4,0,0,0,0,16,0,16,0,16,0,3,0,8,22,40,0,0,1,0,5,3,0,0,1,1,4,5,0,1,7,12
game-521,521,"iron-hyena-pack-pressure","red-hunter-evolution",False,21,4,3,2,4,7,8,9,17,2,2,0,1,0,1,2,1,1,0,0,0,2,4,2,3,0,1,3,1,9,6,4,5,0,0,"red.ancestor.firsthunter","iron.ancestor.firstpack",1,0,4,2,6,6,1,4,0,0,0,0,9,0,7,0,0,0,0,16,0,15,0,15,0,2,0,7,20,37,0,0,1,0,3,0,0,0,1,1,4,5,0,1,5,19
game-522,522,"iron-hyena-pack-pressure","red-hunter-evolution",False,19,4,3,1,4,7,8,12,,2,2,0,0,0,0,2,0,2,0,0,0,0,4,0,4,0,0,3,1,7,7,5,5,0,0,"red.ancestor.firsthunter","iron.ancestor.firstpack",2,0,6,2,5,5,3,0,0,0,0,0,4,1,3,1,0,0,0,12,0,12,0,12,0,2,0,7,18,32,0,0,1,0,0,0,0,0,1,1,4,5,0,1,5,24
game-523,523,"iron-hyena-pack-pressure","red-hunter-evolution",False,11,2,3,0,4,7,8,9,,0,0,0,0,0,0,1,0,1,0,0,0,0,2,0,2,0,0,2,1,1,2,1,1,0,0,"red.ancestor.firsthunter","iron.ancestor.firstpack",0,0,2,2,1,1,0,0,0,0,0,0,0,0,0,0,0,0,0,5,0,5,0,5,0,0,0,3,10,17,0,0,1,0,0,0,0,0,0,0,4,5,0,1,0,10
game-524,524,"iron-hyena-pack-pressure","red-hunter-evolution",False,23,4,3,1,4,9,8,12,,2,1,1,0,0,0,1,0,1,0,0,0,2,2,2,2,0,1,1,2,5,7,4,5,0,0,"red.ancestor.firsthunter","iron.ancestor.firstpack",2,1,6,4,7,7,1,2,0,0,1,0,3,1,3,1,0,0,0,13,0,13,0,13,0,1,0,8,22,37,0,0,0,0,5,3,0,0,1,1,4,5,0,1,4,7
game-525,525,"red-hunter-evolution","iron-hyena-pack-pressure",False,34,6,2,3,5,9,5,13,17,3,2,1,1,0,1,2,0,2,0,0,0,4,4,4,4,0,0,2,2,11,15,5,11,0,0,"red.ancestor.grandmother","iron.ancestor.firstpack",2,0,6,2,14,12,2,8,0,0,0,0,3,2,2,2,0,0,0,23,0,23,0,23,0,4,0,13,34,57,0,0,2,0,18,1,0,0,3,2,5,15,0,0,7,8
game-526,526,"iron-hyena-pack-pressure","red-hunter-evolution",False,19,4,3,0,4,9,8,11,,1,1,0,0,0,0,2,1,1,0,0,0,0,2,0,2,0,1,7,0,19,6,6,4,0,0,"red.ancestor.firsthunter","iron.ancestor.firstpack",0,0,2,2,5,5,1,0,0,0,0,0,3,0,2,0,0,0,0,11,0,11,0,11,0,3,0,6,18,31,0,0,2,0,1,0,0,0,1,1,4,17,0,1,0,24
game-527,527,"iron-hyena-pack-pressure","red-hunter-evolution",False,21,4,3,0,4,7,5,14,20,2,2,0,1,0,1,3,1,2,0,0,0,2,6,2,5,0,1,6,1,14,7,7,6,0,0,"red.ancestor.firsthunter","iron.ancestor.firstpack",2,0,6,2,7,7,1,1,0,0,0,0,5,0,5,0,0,0,0,13,0,12,0,12,0,2,0,8,20,34,0,0,1,0,2,1,0,0,1,1,4,17,0,1,0,13
game-528,528,"red-hunter-evolution","iron-hyena-pack-pressure",False,25,5,1,3,4,7,8,9,,3,1,2,0,0,0,3,1,2,0,0,0,8,4,6,4,0,1,3,2,14,2,7,1,0,0,"red.ancestor.firsthunter","iron.ancestor.firstpack",2,0,6,2,9,4,7,0,1,0,0,0,0,0,0,0,0,0,0,9,0,9,0,9,0,2,0,7,26,33,0,0,2,0,2,0,0,0,2,1,4,5,1,1,16,15
game-529,529,"iron-hyena-pack-pressure","red-hunter-evolution",False,23,4,3,0,4,16,8,10,,3,2,1,0,0,0,2,1,1,0,0,0,2,4,2,4,1,0,4,1,17,4,7,4,0,0,"red.ancestor.firsthunter","iron.ancestor.firstpack",4,2,10,6,7,6,0,2,2,0,0,0,10,0,8,0,0,0,0,18,0,17,0,17,0,5,0,7,22,41,0,0,1,0,3,1,0,0,1,1,4,,0,1,0,15
game-530,530,"red-hunter-evolution","iron-hyena-pack-pressure",False,22,4,1,3,7,9,5,9,15,2,2,0,1,0,1,1,0,1,0,0,0,2,4,2,4,0,0,2,1,7,1,4,1,0,0,"red.ancestor.firsthunter","iron.ancestor.firstpack",2,0,6,2,8,6,4,2,0,0,0,0,2,0,1,0,0,0,0,10,0,10,0,10,0,1,0,7,22,32,0,0,0,0,5,0,0,0,1,1,7,12,0,0,13,8
game-531,531,"red-hunter-evolution","iron-hyena-pack-pressure",False,22,4,2,3,4,7,10,12,15,2,2,0,1,0,1,1,1,0,0,0,0,2,0,2,0,0,0,8,1,11,2,5,1,0,0,"red.ancestor.firsthunter","iron.ancestor.firstpack",0,0,2,2,6,3,5,0,0,0,0,0,10,2,7,1,0,0,0,7,0,7,0,7,0,1,0,5,22,29,0,0,2,0,5,1,1,0,1,1,4,5,0,0,5,15
game-532,532,"iron-hyena-pack-pressure","red-hunter-evolution",False,19,4,3,1,3,7,9,13,,1,1,0,0,0,0,1,1,0,0,0,0,0,0,0,0,0,2,5,1,11,6,5,4,0,0,"red.ancestor.firsthunter","iron.ancestor.firstpack",0,1,2,4,4,5,2,0,0,0,0,0,4,0,3,0,0,0,0,10,0,10,0,10,0,4,0,6,18,30,0,0,0,0,1,0,0,0,1,1,4,3,0,1,0,13
game-533,533,"iron-hyena-pack-pressure","red-hunter-evolution",False,16,3,3,1,7,7,8,8,,2,1,1,0,0,0,1,0,1,0,0,0,2,4,2,4,0,0,0,0,3,1,2,1,0,0,"red.ancestor.firsthunter","iron.ancestor.firstpack",0,0,2,2,4,1,2,0,0,0,0,0,2,0,2,0,0,0,0,8,0,8,0,8,0,1,0,4,16,24,0,0,2,0,1,0,0,0,1,1,7,13,1,0,5,10
game-534,534,"red-hunter-evolution","iron-hyena-pack-pressure",False,22,4,1,3,7,9,5,10,22,2,2,0,1,0,1,2,1,1,0,0,0,2,2,1,2,0,0,5,1,6,2,4,2,0,0,"red.ancestor.grandmother","iron.ancestor.smithpassedfang",1,1,4,4,8,6,8,1,0,0,1,0,8,1,5,1,0,0,0,12,0,12,0,12,0,2,0,7,22,34,0,0,1,0,4,0,0,0,1,1,7,12,0,0,8,13
game-535,535,"red-hunter-evolution","iron-hyena-pack-pressure",False,27,5,0,3,4,13,8,12,27,3,2,1,1,0,1,1,0,1,0,0,0,4,2,3,2,0,0,5,3,29,0,10,0,0,0,"red.ancestor.firsthunter","",4,0,10,0,10,0,5,2,0,0,0,0,3,0,3,0,0,0,0,12,0,11,0,11,0,0,0,6,28,37,0,0,2,0,5,2,0,0,2,1,4,13,1,1,18,4
game-536,536,"iron-hyena-pack-pressure","red-hunter-evolution",False,30,5,3,0,4,11,7,11,29,4,2,2,1,0,1,4,1,3,0,0,0,6,10,6,10,1,1,6,2,32,13,10,8,0,0,"red.ancestor.grandmother","iron.ancestor.firstpack",3,0,8,2,11,11,2,3,0,0,0,0,13,1,8,1,0,0,0,18,0,18,0,18,0,2,0,9,30,48,0,0,3,0,5,1,0,0,3,2,4,27,1,0,0,9
game-537,537,"iron-hyena-pack-pressure","red-hunter-evolution",False,23,4,3,0,4,9,10,9,,2,1,1,0,0,0,2,1,1,0,0,0,2,2,2,2,1,1,6,1,20,8,7,5,0,0,"red.ancestor.firsthunter","iron.ancestor.firstpack",2,0,6,2,6,6,0,1,0,0,0,0,4,0,4,0,0,0,0,15,0,15,0,15,0,4,0,8,22,39,0,0,1,0,3,4,0,0,1,1,4,5,0,1,0,21
game-538,538,"iron-hyena-pack-pressure","red-hunter-evolution",False,23,4,3,2,4,9,8,9,20,2,2,0,1,0,1,3,0,3,0,0,0,2,6,2,6,0,2,3,4,14,7,6,5,0,0,"red.ancestor.firsthunter","iron.ancestor.firstpack",2,0,6,2,7,6,1,1,0,0,0,0,6,1,6,1,0,0,0,13,0,13,0,13,0,3,0,7,22,37,0,0,1,0,4,2,1,0,1,1,4,13,0,1,4,14
game-539,539,"iron-hyena-pack-pressure","red-hunter-evolution",False,21,4,3,1,6,7,7,12,15,2,1,1,1,0,1,1,0,1,0,0,0,4,2,4,2,1,0,2,0,14,5,5,4,0,0,"red.ancestor.firsthunter","iron.ancestor.firstpack",0,2,2,6,6,7,1,0,0,0,2,0,5,0,5,0,0,0,0,9,0,9,0,9,0,3,0,6,20,31,0,0,3,0,3,1,0,0,1,1,6,13,0,1,8,21
game-540,540,"iron-hyena-pack-pressure","red-hunter-evolution",False,19,4,3,0,4,11,7,12,,1,1,0,0,0,0,2,0,2,0,0,0,0,4,0,4,0,0,4,1,4,5,2,4,0,0,"red.ancestor.grandmother","iron.ancestor.smithpassedfang",1,1,4,4,5,6,1,2,0,0,0,0,1,2,1,2,0,0,0,11,0,11,0,11,0,3,0,7,18,31,0,0,2,0,1,0,0,0,1,1,4,,0,1,0,26
game-541,541,"red-hunter-evolution","iron-hyena-pack-pressure",False,27,5,1,3,4,15,8,10,25,3,2,1,1,0,1,0,0,0,0,0,0,4,0,4,0,0,1,3,1,18,1,8,1,0,0,"red.ancestor.firsthunter","iron.ancestor.firstpack",3,0,8,2,10,6,4,2,0,0,0,0,2,0,2,0,0,0,0,10,0,10,0,10,0,0,0,7,28,36,0,0,1,0,8,1,0,0,2,1,4,5,1,1,11,6
game-542,542,"iron-hyena-pack-pressure","red-hunter-evolution",False,33,6,3,1,6,9,10,13,17,4,2,2,1,0,1,2,0,2,0,0,0,12,10,8,8,3,0,5,1,28,10,12,6,0,0,"red.ancestor.firsthunter","iron.ancestor.firstpack",2,0,6,2,11,9,5,0,1,0,0,0,9,1,9,1,0,0,0,14,0,14,0,14,0,3,0,9,32,48,0,0,0,0,8,0,0,0,3,2,6,15,0,1,3,16
game-543,543,"red-hunter-evolution","iron-hyena-pack-pressure",False,17,3,1,3,3,5,10,9,15,2,2,0,1,0,1,1,0,1,0,0,0,2,2,2,2,0,0,4,0,2,0,1,0,0,0,"red.ancestor.firsthunter","",0,0,2,0,4,0,4,0,0,0,0,0,7,0,3,0,0,0,0,4,0,4,0,4,0,1,0,3,18,20,0,0,0,0,1,0,0,0,1,1,4,3,1,1,12,6
game-544,544,"iron-hyena-pack-pressure","red-hunter-evolution",False,18,3,3,0,6,7,7,7,,1,1,0,0,0,0,1,0,1,0,0,0,0,2,0,2,0,0,2,0,17,5,6,4,0,0,"red.ancestor.firsthunter","iron.ancestor.firstpack",1,1,4,4,5,5,0,2,0,0,0,0,2,0,2,0,0,0,0,8,0,8,0,8,0,2,0,6,18,26,0,0,1,0,1,0,0,0,1,1,6,,1,0,0,14
game-545,545,"iron-hyena-pack-pressure","red-hunter-evolution",False,21,4,3,2,4,7,6,12,15,2,2,0,1,0,1,1,1,0,0,0,0,2,0,2,0,0,0,6,2,12,7,6,4,0,0,"red.ancestor.firsthunter","iron.ancestor.firstpack",0,2,2,6,6,8,5,0,0,0,2,0,4,1,4,1,0,0,0,13,0,12,0,12,0,1,0,8,20,34,0,0,2,0,3,0,0,0,1,1,4,13,0,1,5,14
game-546,546,"iron-hyena-pack-pressure","red-hunter-evolution",False,23,4,3,0,4,7,5,10,,3,3,0,0,0,0,1,0,1,0,0,0,0,4,0,4,0,0,4,0,8,10,4,7,0,0,"red.ancestor.firsthunter","iron.ancestor.firstpack",2,2,6,6,8,9,1,1,0,0,1,0,9,1,6,1,0,0,0,11,0,11,0,11,0,2,0,8,22,35,0,0,1,0,2,0,0,0,1,1,4,22,0,1,0,14
game-547,547,"iron-hyena-pack-pressure","red-hunter-evolution",False,21,4,3,1,4,9,8,9,,2,1,1,0,0,0,2,0,2,0,0,0,2,6,2,6,0,0,7,1,10,3,5,2,0,0,"red.ancestor.firsthunter","iron.ancestor.firstpack",0,0,2,2,6,3,3,0,0,0,0,0,5,0,5,0,0,0,0,11,0,11,0,11,0,4,0,7,20,33,0,0,1,0,3,1,0,0,1,1,4,5,0,1,0,19
game-548,548,"red-hunter-evolution","iron-hyena-pack-pressure",False,17,3,2,3,4,7,8,10,13,2,2,0,1,0,1,1,1,0,0,0,0,2,0,2,0,0,1,2,1,12,2,5,1,0,0,"red.ancestor.firsthunter","iron.ancestor.firstpack",0,0,2,2,5,3,3,0,0,0,0,0,3,1,2,1,0,0,0,6,0,6,0,6,0,1,0,3,18,22,0,0,1,0,1,0,1,0,1,1,4,5,1,1,9,9
game-549,549,"iron-hyena-pack-pressure","red-hunter-evolution",False,19,4,3,1,4,7,8,9,,3,3,0,0,0,0,2,0,2,0,0,0,0,6,0,6,0,0,6,1,8,3,4,2,0,0,"red.ancestor.firsthunter","iron.ancestor.firstpack",0,0,2,2,5,5,5,0,0,0,0,0,3,1,2,1,0,0,0,8,0,8,0,8,0,1,0,5,18,28,0,0,1,0,1,0,0,0,1,1,4,13,0,1,8,16
game-550,550,"red-hunter-evolution","iron-hyena-pack-pressure",False,25,5,1,3,4,10,9,15,24,1,1,0,1,0,1,1,1,0,0,0,0,2,0,2,0,0,0,7,1,24,2,8,1,0,0,"red.ancestor.firsthunter","iron.ancestor.firstpack",1,0,4,2,8,7,5,1,0,0,0,0,1,0,1,0,0,0,0,7,0,7,0,7,0,0,0,5,26,31,0,0,0,0,4,0,0,0,2,1,4,5,1,1,15,7
game-551,551,"red-hunter-evolution","iron-hyena-pack-pressure",False,17,3,2,3,4,7,7,6,,2,1,1,0,0,0,1,0,1,0,0,0,2,2,2,2,0,0,3,0,3,4,2,3,0,0,"red.ancestor.firsthunter","iron.ancestor.firstpack",0,1,2,4,5,4,6,0,0,0,0,0,4,1,2,1,0,0,0,6,0,6,0,6,0,1,0,5,18,22,0,0,2,0,3,0,1,0,1,1,4,10,1,1,10,13
game-552,552,"iron-hyena-pack-pressure","red-hunter-evolution",False,14,3,3,0,4,7,6,10,,2,2,0,0,0,0,0,0,0,0,0,0,0,0,0,0,0,0,5,0,5,6,2,4,0,0,"red.ancestor.firsthunter","iron.ancestor.firstpack",0,0,2,2,2,4,0,0,0,0,0,0,5,0,5,0,0,0,0,7,0,7,0,7,0,0,0,5,14,21,0,0,1,0,2,0,0,0,1,0,4,,1,0,0,9
game-553,553,"iron-hyena-pack-pressure","red-hunter-evolution",False,16,3,3,1,4,7,8,11,,1,1,0,0,0,0,1,0,1,0,0,0,0,2,0,2,0,0,3,0,8,4,3,3,0,0,"red.ancestor.firsthunter","iron.ancestor.firstpack",0,0,2,2,4,3,2,0,0,0,0,0,0,3,0,1,0,0,0,10,0,10,0,10,0,3,0,5,16,26,0,0,1,0,1,1,1,0,1,1,4,13,1,0,6,10
game-554,554,"red-hunter-evolution","iron-hyena-pack-pressure",False,17,3,1,3,4,7,10,10,,2,2,0,0,0,0,1,1,0,0,0,0,0,0,0,0,0,0,4,2,5,0,2,0,0,0,"red.ancestor.firsthunter","",1,0,4,0,4,0,1,1,0,0,0,0,10,0,7,0,0,0,0,6,0,6,0,6,0,1,0,4,18,22,0,0,1,0,3,2,0,0,1,1,4,5,1,1,9,8
game-555,555,"iron-hyena-pack-pressure","red-hunter-evolution",False,18,3,3,1,4,6,5,7,15,2,2,0,1,0,1,2,1,1,0,0,0,2,4,2,3,0,0,6,2,11,7,5,5,0,0,"red.ancestor.firsthunter","iron.ancestor.firstpack",0,2,2,6,6,6,3,0,0,0,0,0,3,0,3,0,0,0,0,9,0,9,0,9,0,1,0,7,18,27,0,0,2,0,2,1,0,0,1,1,4,13,1,0,5,16
game-556,556,"red-hunter-evolution","iron-hyena-pack-pressure",False,37,7,2,3,4,9,5,12,,4,3,1,0,0,0,2,0,2,0,0,0,4,4,4,4,0,1,4,0,38,9,14,5,0,0,"red.ancestor.firsthunter","iron.ancestor.firstpack",4,1,10,4,16,14,6,3,0,0,2,0,3,3,3,2,0,0,0,16,0,16,0,16,0,4,0,11,38,52,0,0,2,0,10,2,0,0,3,2,4,15,1,1,15,13
game-557,557,"iron-hyena-pack-pressure","red-hunter-evolution",False,21,4,3,1,6,18,5,10,,2,2,0,0,0,0,2,0,2,0,0,0,0,4,0,4,0,0,3,0,14,3,5,2,0,0,"red.ancestor.firsthunter","iron.ancestor.firstpack",2,0,6,2,7,2,2,2,0,0,0,0,3,2,2,1,0,0,0,9,0,9,0,9,0,4,0,4,20,31,0,0,0,0,3,2,1,0,1,1,6,17,0,1,0,25
game-558,558,"red-hunter-evolution","iron-hyena-pack-pressure",False,29,5,2,3,6,7,5,7,24,3,2,1,1,0,1,4,1,3,0,0,0,4,6,4,6,2,0,8,1,24,6,10,5,0,0,"red.ancestor.firsthunter","iron.ancestor.firstpack",3,1,8,4,12,10,6,3,0,0,1,0,9,1,4,1,0,0,0,13,0,13,0,13,0,2,0,9,30,41,0,0,2,0,9,2,0,0,2,2,6,15,1,1,10,15
game-559,559,"red-hunter-evolution","iron-hyena-pack-pressure",False,29,5,1,3,4,9,5,9,,3,2,1,0,0,0,4,3,1,0,0,0,2,2,2,2,1,0,4,6,25,9,9,6,0,0,"red.ancestor.grandmother","iron.ancestor.firstpack",3,0,8,2,12,11,6,2,3,0,0,0,0,0,0,0,0,0,0,13,0,13,0,13,0,2,0,9,30,41,0,0,1,0,9,1,0,0,3,2,4,15,1,1,5,10
game-560,560,"red-hunter-evolution","iron-hyena-pack-pressure",False,39,7,1,3,4,7,5,9,36,8,3,5,1,0,1,4,2,2,0,0,0,18,6,15,5,1,2,1,2,26,15,9,12,0,0,"red.ancestor.grandmother","iron.ancestor.smithpassedfang",5,1,12,4,17,16,6,6,0,0,1,0,6,0,5,0,0,0,0,17,0,17,0,17,0,1,0,12,40,55,0,0,2,0,12,2,0,0,4,3,4,25,1,1,15,17
game-561,561,"iron-hyena-pack-pressure","red-hunter-evolution",False,26,5,3,2,7,11,10,8,,4,1,3,0,0,0,3,0,3,0,0,0,6,12,6,12,0,0,5,0,8,7,4,5,0,0,"red.ancestor.grandmother","iron.ancestor.firstpack",1,1,4,4,8,5,5,2,0,0,0,0,8,1,6,1,0,0,0,18,0,17,0,17,0,4,0,7,26,43,0,0,2,0,6,1,0,0,2,1,7,15,1,0,6,21
game-562,562,"red-hunter-evolution","iron-hyena-pack-pressure",False,20,4,1,3,6,13,5,7,13,2,2,0,1,0,1,2,0,2,0,0,0,2,6,2,6,0,0,3,1,11,4,5,3,0,0,"red.ancestor.firsthunter","iron.ancestor.firstpack",0,0,2,2,7,6,5,0,0,0,0,0,7,0,5,0,0,0,0,6,0,6,0,6,0,2,0,4,20,26,0,0,2,0,4,1,0,0,1,1,6,12,0,0,13,12
game-563,563,"iron-hyena-pack-pressure","red-hunter-evolution",False,19,4,3,0,4,7,7,13,,1,1,0,0,0,0,2,0,2,0,0,0,0,6,0,5,0,0,6,0,9,6,4,4,0,0,"red.ancestor.grandmother","iron.ancestor.firstpack",2,0,6,2,5,6,0,2,0,0,0,0,3,0,3,0,0,0,0,9,0,9,0,9,0,3,0,5,18,29,0,0,1,0,2,1,0,0,1,1,4,,0,1,0,27
game-564,564,"red-hunter-evolution","iron-hyena-pack-pressure",False,20,4,1,3,3,9,9,9,15,2,2,0,1,0,1,1,0,1,0,0,0,2,4,2,3,0,0,5,0,9,6,3,4,0,0,"red.ancestor.firsthunter","iron.ancestor.firstpack",0,0,2,2,5,5,5,0,0,0,0,0,10,0,7,0,0,0,0,10,0,10,0,10,0,2,0,5,20,30,0,0,0,0,5,0,0,0,1,1,4,3,0,0,5,11
game-565,565,"iron-hyena-pack-pressure","red-hunter-evolution",False,21,4,3,1,6,7,5,10,17,3,3,0,1,0,1,4,2,2,0,0,0,2,8,2,6,0,1,6,2,15,8,7,6,0,0,"red.ancestor.firsthunter","iron.ancestor.firstpack",3,1,8,4,7,6,2,2,0,0,0,0,6,0,6,0,0,0,0,11,0,10,0,10,0,3,0,6,20,32,0,0,2,0,3,1,0,0,1,1,6,15,0,1,0,18
game-566,566,"red-hunter-evolution","iron-hyena-pack-pressure",False,34,6,1,3,5,17,5,15,,3,0,3,0,0,0,3,2,1,0,0,0,10,2,10,2,0,0,1,5,21,2,11,1,0,0,"red.ancestor.grandmother","iron.ancestor.firstpack",4,0,10,2,14,8,9,5,0,0,0,0,5,6,2,3,0,2,0,19,0,19,0,19,0,7,0,11,34,53,0,0,2,0,9,0,1,0,3,2,5,13,0,0,12,24
game-567,567,"iron-hyena-pack-pressure","red-hunter-evolution",False,19,4,3,0,4,9,7,11,,1,1,0,0,0,0,2,1,1,0,0,0,0,4,0,4,0,0,7,3,12,6,5,4,0,0,"red.ancestor.grandmother","iron.ancestor.firstpack",1,0,4,2,5,6,1,1,0,0,0,0,3,0,2,0,0,0,0,13,0,12,0,12,0,3,0,5,18,32,0,0,1,0,0,0,0,0,1,1,4,17,0,1,0,16
game-568,568,"iron-hyena-pack-pressure","red-hunter-evolution",False,14,3,3,0,4,6,6,9,,1,1,0,0,0,0,1,0,1,0,0,0,0,4,0,4,0,0,3,2,4,4,2,3,0,0,"red.ancestor.grandmother","iron.ancestor.firstpack",1,0,4,2,3,4,1,1,0,0,0,0,2,0,2,0,0,0,0,8,0,8,0,8,0,3,0,6,14,22,0,0,1,0,0,0,0,0,1,0,4,13,1,0,8,14
game-569,569,"iron-hyena-pack-pressure","red-hunter-evolution",False,18,3,3,0,4,9,7,8,,2,1,1,0,0,0,2,1,1,0,0,0,2,4,2,3,0,0,2,1,9,9,3,6,0,0,"red.ancestor.firsthunter","iron.ancestor.firstpack",0,0,2,2,5,5,1,0,0,0,0,0,4,0,4,0,0,0,0,10,0,10,0,10,0,1,0,7,18,28,0,0,1,0,3,0,0,0,1,1,4,17,1,0,0,15
game-570,570,"iron-hyena-pack-pressure","red-hunter-evolution",False,18,3,3,0,4,9,9,9,,3,2,1,0,0,0,3,1,2,0,0,0,2,10,2,6,0,1,4,1,6,4,3,3,0,0,"red.ancestor.firsthunter","iron.ancestor.firstpack",1,0,4,2,2,4,0,1,0,0,0,0,4,0,4,0,0,0,0,13,0,12,0,12,0,4,0,6,18,30,0,0,1,0,2,1,0,0,1,1,4,,1,0,0,10
game-571,571,"iron-hyena-pack-pressure","red-hunter-evolution",False,21,4,3,2,4,7,5,6,13,2,1,1,1,0,1,2,1,1,0,0,0,6,2,6,2,0,0,1,0,7,6,4,4,0,0,"red.ancestor.firsthunter","iron.ancestor.firstpack",2,2,6,6,7,7,1,4,0,0,2,0,5,1,4,1,0,0,0,11,0,11,0,11,0,3,0,8,20,33,0,0,1,0,3,0,1,0,1,1,4,12,0,1,8,21
game-572,572,"iron-hyena-pack-pressure","red-hunter-evolution",False,19,4,3,0,4,9,9,13,17,2,1,1,1,0,1,1,1,0,0,0,0,4,0,4,0,2,1,6,0,9,8,4,5,0,0,"red.ancestor.firsthunter","iron.ancestor.firstpack",1,0,4,2,4,5,1,2,0,0,0,0,5,0,5,0,0,0,0,11,0,11,0,11,0,1,0,6,18,31,0,0,2,0,3,0,0,0,1,1,4,15,0,1,0,19
game-573,573,"red-hunter-evolution","iron-hyena-pack-pressure",False,37,7,2,3,4,7,5,10,,7,5,2,0,0,0,3,1,2,0,0,0,10,4,6,4,0,1,9,3,16,15,8,10,0,0,"red.ancestor.firsthunter","iron.ancestor.firstpack",3,0,8,2,16,14,7,5,0,0,0,0,7,3,6,1,0,2,0,22,0,22,0,22,0,3,0,13,38,58,0,0,3,0,10,2,0,0,4,2,4,15,1,1,13,9
game-574,574,"iron-hyena-pack-pressure","red-hunter-evolution",False,18,3,3,0,4,11,7,13,,2,1,1,0,0,0,0,0,0,0,0,0,2,0,2,0,1,0,2,0,9,8,4,5,0,0,"red.ancestor.grandmother","iron.ancestor.firstpack",2,0,6,2,5,5,0,4,0,0,0,0,6,0,5,0,0,0,0,17,0,16,0,16,0,0,0,7,18,34,0,0,4,0,1,0,0,0,1,1,4,,1,0,0,13
game-575,575,"iron-hyena-pack-pressure","red-hunter-evolution",False,11,2,3,0,4,8,8,9,,0,0,0,0,0,0,1,0,1,0,0,0,0,2,0,2,0,0,0,0,4,2,2,1,0,0,"red.ancestor.firsthunter","iron.ancestor.firstpack",0,0,2,2,1,1,0,0,0,0,0,0,0,0,0,0,0,0,0,6,0,6,0,6,0,1,0,3,10,18,0,0,0,0,0,1,0,0,0,0,4,5,0,1,0,6
game-576,576,"iron-hyena-pack-pressure","red-hunter-evolution",False,19,4,3,0,5,11,5,12,,2,2,0,0,0,0,1,0,1,0,0,0,0,2,0,2,0,0,4,0,7,3,4,3,0,0,"red.ancestor.firsthunter","iron.ancestor.firstpack",2,0,6,2,6,5,3,2,0,0,0,0,3,4,3,2,0,0,0,14,0,14,0,14,0,6,0,7,18,34,0,0,1,0,2,0,0,0,1,1,5,15,0,1,0,14
game-577,577,"iron-hyena-pack-pressure","red-hunter-evolution",False,19,4,3,0,7,11,5,9,,0,0,0,0,0,0,2,1,1,0,0,0,0,2,0,1,0,1,0,0,17,7,7,4,0,0,"red.ancestor.grandmother","iron.ancestor.firstpack",1,0,4,2,6,4,0,2,0,0,0,0,0,0,0,0,0,0,0,12,0,11,0,11,0,2,0,7,18,31,0,0,0,0,0,2,0,0,1,1,7,,0,1,0,28
game-578,578,"iron-hyena-pack-pressure","red-hunter-evolution",False,23,4,3,0,4,11,8,11,,2,1,1,0,0,0,2,1,1,0,0,0,2,2,2,2,0,1,3,0,24,10,7,6,0,0,"red.ancestor.firsthunter","iron.ancestor.firstpack",1,0,4,2,7,6,0,2,0,0,0,0,6,0,6,0,0,0,0,14,0,14,0,14,0,1,0,8,22,38,0,0,2,0,5,1,0,0,1,1,4,,0,1,0,9
game-579,579,"iron-hyena-pack-pressure","red-hunter-evolution",False,26,5,3,1,6,11,5,7,,3,2,1,0,0,0,4,1,3,0,0,0,2,10,2,10,1,0,4,0,22,3,9,3,0,0,"red.ancestor.firsthunter","iron.ancestor.firstpack",5,2,12,6,10,9,2,4,3,0,2,0,4,1,3,1,0,0,0,18,0,18,0,18,0,7,0,10,26,44,0,0,2,0,3,4,0,0,2,1,6,15,1,0,4,10
game-580,580,"red-hunter-evolution","iron-hyena-pack-pressure",False,22,4,0,3,4,15,10,12,,2,1,1,0,0,0,2,2,0,0,0,0,2,0,2,0,0,0,4,2,11,0,6,0,0,0,"red.ancestor.firsthunter","",1,0,4,0,6,0,4,1,0,0,0,0,1,0,1,0,0,0,0,8,0,8,0,8,0,0,0,6,22,30,0,0,1,0,9,2,0,0,1,1,4,13,0,0,6,1
game-581,581,"red-hunter-evolution","iron-hyena-pack-pressure",False,29,5,2,3,4,13,6,11,27,4,1,3,1,0,1,3,1,2,0,0,0,8,6,8,6,1,0,3,2,37,10,11,6,0,0,"red.ancestor.firsthunter","iron.ancestor.firstpack",3,0,8,2,11,11,5,1,0,0,0,0,5,1,4,1,0,0,0,13,0,13,0,13,0,4,0,9,30,41,0,0,4,0,4,0,1,0,2,2,4,13,1,1,21,9
game-582,582,"iron-hyena-pack-pressure","red-hunter-evolution",False,21,4,3,1,4,14,8,12,,2,1,1,0,0,0,2,1,1,0,0,0,2,2,2,2,1,1,4,1,6,6,4,4,0,0,"red.ancestor.firsthunter","iron.ancestor.firstpack",2,0,6,2,6,5,2,2,0,0,0,0,4,1,3,1,0,0,0,11,0,10,0,10,0,2,0,7,20,32,0,0,3,0,1,0,0,0,1,1,4,5,0,1,6,18
game-583,583,"iron-hyena-pack-pressure","red-hunter-evolution",False,23,4,3,0,4,7,7,8,,3,1,2,0,0,0,2,0,2,0,0,0,10,6,6,4,0,0,2,0,19,8,8,5,0,0,"red.ancestor.firsthunter","iron.ancestor.firstpack",3,0,8,2,7,8,1,2,0,0,0,0,6,1,6,1,0,0,0,12,0,12,0,12,0,3,0,8,22,36,0,0,1,0,5,2,0,0,1,1,4,,0,1,0,16
game-584,584,"iron-hyena-pack-pressure","red-hunter-evolution",False,21,4,3,0,4,7,8,10,,3,2,1,0,0,0,2,0,2,0,0,0,2,6,2,4,1,0,3,0,3,6,3,4,0,0,"red.ancestor.firsthunter","iron.ancestor.firstpack",1,0,4,2,6,6,0,4,0,0,0,0,6,1,6,1,0,0,0,14,0,14,0,14,0,5,0,8,20,36,0,0,1,0,2,1,0,0,1,1,4,5,0,1,0,16
game-585,585,"iron-hyena-pack-pressure","red-hunter-evolution",False,21,4,3,2,4,7,10,12,,1,1,0,0,0,0,1,1,0,0,0,0,0,0,0,0,0,1,4,2,12,4,6,3,0,0,"red.ancestor.firsthunter","iron.ancestor.firstpack",0,0,2,2,5,2,4,0,0,0,0,0,4,2,3,1,0,0,0,9,0,9,0,9,0,1,0,4,20,31,0,0,1,0,1,1,1,0,1,1,4,5,0,1,5,19
game-586,586,"iron-hyena-pack-pressure","red-hunter-evolution",False,19,4,3,1,4,7,5,12,15,2,1,1,1,0,1,1,0,1,0,0,0,4,2,4,2,1,0,4,0,13,8,6,6,0,0,"red.ancestor.firsthunter","iron.ancestor.firstpack",2,0,6,2,6,6,1,1,0,0,0,0,6,0,6,0,0,0,0,13,0,13,0,13,0,1,0,8,18,33,0,0,1,0,4,0,0,0,1,1,4,13,0,1,8,12
game-587,587,"iron-hyena-pack-pressure","red-hunter-evolution",False,30,5,3,2,7,7,8,9,,3,2,1,0,0,0,3,1,2,0,0,0,4,8,4,8,1,0,2,0,24,16,9,9,0,0,"red.ancestor.grandmother","iron.ancestor.firstpack",1,0,4,2,11,10,5,0,0,0,0,0,9,3,8,1,0,1,0,18,0,18,0,18,0,3,0,11,30,48,0,0,1,0,6,3,0,0,2,2,7,15,1,0,6,17
game-588,588,"iron-hyena-pack-pressure","red-hunter-evolution",False,18,3,3,1,4,7,5,9,17,2,2,0,1,0,1,1,0,1,0,0,0,4,4,4,4,0,0,4,0,4,8,2,4,0,0,"red.ancestor.firsthunter","iron.ancestor.firstpack",1,0,4,2,6,5,0,4,0,0,0,0,8,1,5,1,0,0,0,13,0,13,0,13,0,4,0,7,18,31,0,0,1,0,3,1,0,0,1,1,4,15,1,0,0,7
game-589,589,"iron-hyena-pack-pressure","red-hunter-evolution",False,23,4,3,0,4,11,8,13,17,1,1,0,1,0,1,1,0,1,0,0,0,2,2,2,2,0,0,4,0,23,6,8,4,0,0,"red.ancestor.firsthunter","iron.ancestor.smithpassedfang",0,1,2,4,7,6,1,0,0,0,1,0,5,0,5,0,0,0,0,9,0,9,0,9,0,1,0,8,22,33,0,0,2,0,4,1,0,0,1,1,4,15,0,1,0,5
game-590,590,"red-hunter-evolution","iron-hyena-pack-pressure",False,29,5,1,3,7,7,10,9,20,4,3,1,1,0,1,3,1,2,0,0,0,6,6,6,6,2,0,5,2,18,2,8,1,0,0,"red.ancestor.firsthunter","iron.ancestor.firstpack",0,0,2,2,10,5,7,0,0,0,0,0,10,1,6,1,0,0,0,12,0,12,0,12,0,2,0,8,30,40,0,0,3,0,5,1,0,0,3,2,7,15,1,1,3,15
game-591,591,"iron-hyena-pack-pressure","red-hunter-evolution",False,18,3,3,2,4,7,7,6,,1,0,1,0,0,0,2,0,2,0,0,0,2,6,2,6,0,0,0,0,5,4,4,3,0,0,"red.ancestor.firsthunter","iron.ancestor.firstpack",2,1,6,4,5,5,3,1,0,0,0,0,3,0,2,0,0,0,0,7,0,7,0,7,0,3,0,6,18,25,0,0,0,0,2,0,0,0,1,1,4,10,1,0,10,11
game-592,592,"iron-hyena-pack-pressure","red-hunter-evolution",False,14,3,3,0,7,9,5,,,0,0,0,0,0,0,0,0,0,0,0,0,0,0,0,0,1,0,0,0,8,3,4,2,0,0,"red.ancestor.grandmother","iron.ancestor.firstpack",1,0,4,2,4,2,0,1,0,0,0,0,0,0,0,0,0,0,0,10,0,10,0,10,0,2,0,4,14,24,0,0,0,0,0,0,0,0,1,0,7,,1,0,0,7
game-593,593,"red-hunter-evolution","iron-hyena-pack-pressure",False,27,5,1,3,4,7,6,9,,4,2,2,0,0,0,3,1,2,0,0,0,4,4,3,4,0,1,3,0,18,11,8,8,0,0,"red.ancestor.firsthunter","iron.ancestor.firstpack",5,0,12,2,10,10,4,5,0,0,0,0,2,1,2,1,0,0,0,12,0,12,0,12,0,3,0,10,28,38,0,0,2,0,6,0,0,0,2,1,4,12,1,1,20,11
game-594,594,"iron-hyena-pack-pressure","red-hunter-evolution",False,19,4,3,0,5,9,5,9,,1,1,0,0,0,0,3,0,3,0,0,0,0,8,0,8,0,0,1,0,15,5,6,3,0,0,"red.ancestor.firsthunter","iron.ancestor.firstpack",2,0,6,2,6,6,0,2,0,0,0,0,2,0,2,0,0,0,0,8,0,8,0,8,0,4,0,7,18,28,0,0,2,0,1,4,0,0,1,1,5,,0,1,0,19
game-595,595,"red-hunter-evolution","iron-hyena-pack-pressure",False,24,4,2,3,6,15,5,10,,2,2,0,0,0,0,1,0,1,0,0,0,0,6,0,4,0,1,2,0,5,2,3,1,0,0,"red.ancestor.grandmother","iron.ancestor.firstpack",1,0,4,2,9,5,7,1,0,0,0,0,2,4,2,3,0,0,0,12,0,11,0,11,0,2,0,6,24,35,0,0,1,0,2,0,1,0,1,1,6,13,0,0,12,16
game-596,596,"red-hunter-evolution","iron-hyena-pack-pressure",False,17,3,2,3,3,7,9,12,,2,2,0,0,0,0,0,0,0,0,0,0,0,0,0,0,0,0,6,0,9,4,3,3,0,0,"red.ancestor.firsthunter","iron.ancestor.firstpack",1,0,4,2,4,3,1,3,0,0,0,0,4,0,4,0,0,0,0,9,0,9,0,9,0,0,0,5,18,25,0,0,3,0,2,0,0,0,1,1,4,3,1,1,5,9
game-597,597,"red-hunter-evolution","iron-hyena-pack-pressure",False,20,4,2,3,4,9,7,8,15,2,1,1,1,0,1,1,0,1,0,0,0,4,4,4,4,0,0,2,0,1,5,0,3,0,0,"","iron.ancestor.firstpack",0,1,0,4,0,6,0,0,0,0,1,0,1,3,1,1,0,0,0,9,0,9,0,9,0,3,0,6,20,29,0,0,1,0,5,2,1,0,1,1,4,10,0,0,15,8
game-598,598,"iron-hyena-pack-pressure","red-hunter-evolution",False,19,4,3,1,5,7,5,9,17,2,2,0,1,0,1,1,0,1,0,0,0,4,4,4,4,0,0,6,0,10,7,4,5,0,0,"red.ancestor.firsthunter","iron.ancestor.smithpassedfang",0,1,2,4,6,6,5,0,0,0,2,0,9,1,5,1,0,0,0,8,0,8,0,8,0,1,0,4,18,28,0,0,1,0,3,0,0,0,1,1,5,13,0,1,3,18
game-599,599,"red-hunter-evolution","iron-hyena-pack-pressure",False,24,4,2,3,4,7,5,12,15,2,2,0,1,0,1,2,0,2,0,0,0,2,4,2,4,0,0,6,1,18,9,8,5,0,0,"red.ancestor.firsthunter","iron.ancestor.firstpack",2,0,6,2,9,8,4,0,3,0,0,0,8,3,6,2,0,0,0,12,0,12,0,12,0,3,0,8,24,36,0,0,3,0,7,2,1,0,2,1,4,13,0,0,8,21
game-600,600,"red-hunter-evolution","iron-hyena-pack-pressure",False,24,4,2,3,4,17,8,10,15,3,2,1,1,0,1,3,1,2,0,0,0,4,4,4,4,1,0,4,5,14,5,6,4,0,0,"red.ancestor.firsthunter","iron.ancestor.firstpack",0,0,2,2,8,7,6,0,0,0,0,0,5,6,4,3,0,0,0,11,0,11,0,11,0,5,0,7,24,35,0,0,3,0,3,1,2,0,2,1,4,13,0,0,17,11
game-601,601,"red-hunter-evolution","iron-hyena-pack-pressure",False,25,5,2,3,4,7,7,12,25,2,1,1,1,0,1,1,0,1,0,0,0,4,4,4,4,0,0,3,1,11,9,6,5,0,0,"red.ancestor.firsthunter","iron.ancestor.firstpack",2,0,6,2,9,8,4,0,0,0,0,0,1,5,1,2,0,0,0,15,0,14,0,14,0,4,0,7,26,38,0,0,2,0,6,2,1,0,2,1,4,13,1,1,16,9
game-602,602,"iron-hyena-pack-pressure","red-hunter-evolution",False,21,4,3,0,4,7,7,9,,1,1,0,0,0,0,3,1,2,0,0,0,0,6,0,4,0,0,6,2,20,5,7,4,0,0,"red.ancestor.firsthunter","iron.ancestor.firstpack",0,2,2,6,6,7,1,0,0,0,1,0,1,3,1,1,0,0,0,17,0,17,0,17,0,6,0,9,20,39,0,0,2,0,3,2,0,0,1,1,4,,0,1,0,19
game-603,603,"iron-hyena-pack-pressure","red-hunter-evolution",False,19,4,3,2,4,13,8,10,13,2,2,0,1,0,1,2,2,0,0,0,0,2,0,2,0,0,1,4,3,6,5,3,4,0,0,"red.ancestor.firsthunter","iron.ancestor.firstpack",0,0,2,2,5,4,3,0,0,0,0,0,10,0,6,0,0,0,0,11,0,10,0,10,0,0,0,5,18,30,0,0,1,0,4,0,0,0,1,1,4,5,0,1,7,22
game-604,604,"red-hunter-evolution","iron-hyena-pack-pressure",False,32,6,2,3,4,7,8,11,,3,2,1,0,0,0,3,1,2,0,0,0,4,4,4,4,0,2,2,1,28,15,12,9,0,0,"red.ancestor.firsthunter","iron.ancestor.firstpack",5,0,12,2,12,11,6,1,0,0,0,0,0,0,0,0,0,0,0,16,0,16,0,16,0,2,0,11,32,48,0,0,2,0,12,1,0,0,2,2,4,13,0,0,15,14
game-605,605,"iron-hyena-pack-pressure","red-hunter-evolution",False,19,4,3,0,4,7,5,11,,2,1,1,0,0,0,2,0,2,0,0,0,2,8,2,6,0,0,2,0,16,5,6,3,0,0,"red.ancestor.firsthunter","iron.ancestor.firstpack",0,0,2,2,6,6,1,0,0,0,0,0,2,1,2,1,0,0,0,10,0,10,0,10,0,2,0,6,18,30,0,1,0,0,0,0,0,0,1,1,4,,0,1,0,10
game-606,606,"iron-hyena-pack-pressure","red-hunter-evolution",False,23,4,3,1,3,17,10,9,17,3,3,0,1,0,1,2,1,1,0,0,0,2,4,2,4,0,1,7,0,5,8,2,5,0,0,"red.ancestor.grandmother","iron.ancestor.firstpack",1,0,4,2,6,5,0,5,0,0,0,0,9,0,8,0,0,0,0,18,0,18,0,18,0,4,0,9,22,42,0,0,0,0,2,1,0,0,1,1,4,3,0,1,0,17
game-607,607,"red-hunter-evolution","iron-hyena-pack-pressure",False,32,6,2,3,4,11,7,10,17,4,2,2,1,0,1,3,1,2,0,0,0,6,6,6,6,0,0,6,2,17,13,9,8,0,0,"red.ancestor.grandmother","iron.ancestor.firstpack",4,0,10,2,12,12,9,2,0,0,0,0,7,3,7,2,0,0,0,16,0,16,0,16,0,3,0,10,32,48,0,0,2,0,6,2,0,0,3,2,4,15,0,0,6,11
game-608,608,"red-hunter-evolution","iron-hyena-pack-pressure",False,37,7,2,3,4,11,8,12,37,6,3,3,1,0,1,5,2,3,0,0,0,12,10,12,10,1,3,5,0,24,13,11,8,0,0,"red.ancestor.firsthunter","iron.ancestor.firstpack",3,2,8,6,15,13,8,5,0,0,0,0,2,4,2,4,0,0,0,19,0,19,0,19,0,4,0,11,38,55,0,0,3,0,7,1,0,0,3,2,4,13,1,1,11,17
game-609,609,"iron-hyena-pack-pressure","red-hunter-evolution",False,19,4,3,2,7,11,5,10,,2,2,0,0,0,0,0,0,0,0,0,0,0,0,0,0,0,0,4,0,7,6,5,5,0,0,"red.ancestor.firsthunter","iron.ancestor.firstpack",2,0,6,2,6,5,4,1,0,0,0,0,2,3,2,2,0,0,0,14,0,13,0,13,0,3,0,7,18,33,0,0,0,0,2,0,1,0,1,1,7,13,0,1,5,19
game-610,610,"red-hunter-evolution","iron-hyena-pack-pressure",False,25,5,2,3,4,7,5,10,25,3,3,0,1,0,1,3,2,1,0,0,0,2,2,2,2,0,1,7,3,9,10,5,7,0,0,"red.ancestor.firsthunter","iron.ancestor.firstpack",2,0,6,2,10,8,4,3,0,0,0,0,12,4,9,2,0,0,0,15,0,14,0,14,0,3,0,9,26,38,0,0,1,0,5,1,1,0,2,1,4,13,1,1,15,12
game-611,611,"iron-hyena-pack-pressure","red-hunter-evolution",False,21,4,3,1,4,9,6,10,,3,2,1,0,0,0,1,0,1,0,0,0,2,2,2,2,0,1,4,1,8,12,3,7,0,0,"red.ancestor.grandmother","iron.ancestor.firstpack",2,0,6,2,6,8,0,5,0,0,0,0,6,0,6,0,0,0,0,16,0,15,0,15,0,2,0,9,20,37,0,0,1,0,2,2,0,0,1,1,4,15,0,1,0,29
game-612,612,"iron-hyena-pack-pressure","red-hunter-evolution",False,18,3,3,0,7,7,5,9,,1,1,0,0,0,0,2,0,2,0,0,0,0,4,0,4,0,0,2,0,20,3,6,2,0,0,"red.ancestor.grandmother","iron.ancestor.firstpack",1,0,4,2,6,4,0,0,0,0,0,0,3,0,3,0,0,0,0,8,0,8,0,8,0,3,0,5,18,26,0,0,0,0,1,0,0,0,1,1,7,,1,0,0,15
game-613,613,"iron-hyena-pack-pressure","red-hunter-evolution",False,21,4,3,0,4,14,5,10,,3,3,0,0,0,0,1,1,0,0,0,0,0,0,0,0,0,0,7,1,15,9,6,8,0,0,"red.ancestor.firsthunter","iron.ancestor.firstpack",2,2,6,6,7,8,0,3,0,0,1,0,5,0,5,0,0,0,0,11,0,11,0,11,0,2,0,7,20,33,0,0,2,0,2,1,0,0,1,1,4,,0,1,0,23
game-614,614,"iron-hyena-pack-pressure","red-hunter-evolution",False,21,4,3,0,5,9,5,13,,2,2,0,0,0,0,2,1,1,0,0,0,0,4,0,4,0,1,2,0,16,9,6,6,0,0,"red.ancestor.firsthunter","iron.ancestor.firstpack",3,2,8,6,7,7,0,3,0,0,1,0,5,0,5,0,0,0,0,14,0,13,0,13,0,2,0,8,20,35,0,0,0,0,2,2,0,0,1,1,5,,0,1,0,14
game-615,615,"iron-hyena-pack-pressure","red-hunter-evolution",False,33,6,3,2,7,11,5,8,25,4,1,3,1,0,1,5,1,4,0,0,0,10,18,10,12,1,0,1,1,19,5,9,4,0,0,"red.ancestor.firsthunter","iron.ancestor.firstpack",3,0,8,2,13,12,3,0,2,0,0,0,5,3,5,3,0,0,0,17,0,16,0,16,0,6,0,9,32,50,0,1,3,0,8,0,1,0,3,2,7,24,0,1,8,16
game-616,616,"iron-hyena-pack-pressure","red-hunter-evolution",False,18,3,3,0,4,9,7,12,,2,1,1,0,0,0,1,0,1,0,0,0,2,2,2,2,1,0,3,0,6,6,4,4,0,0,"red.ancestor.grandmother","iron.ancestor.firstpack",1,0,4,2,5,5,2,1,0,0,0,0,5,2,4,2,0,0,0,10,0,10,0,10,0,1,0,6,18,28,0,0,1,0,2,0,0,0,1,1,4,,1,0,0,7
game-617,617,"iron-hyena-pack-pressure","red-hunter-evolution",False,18,3,3,0,4,7,8,9,,2,1,1,0,0,0,1,0,1,0,0,0,2,2,2,2,1,0,1,1,12,2,5,2,0,0,"red.ancestor.firsthunter","iron.ancestor.firstpack",2,0,6,2,5,4,0,0,0,0,0,0,3,0,3,0,0,0,0,11,0,11,0,11,0,2,0,6,18,29,0,0,1,0,2,2,0,0,1,1,4,,1,0,0,17
game-618,618,"red-hunter-evolution","iron-hyena-pack-pressure",False,27,5,2,3,4,7,9,13,20,4,3,1,1,0,1,3,2,1,0,0,0,4,2,3,2,1,0,10,2,18,7,8,5,0,0,"red.ancestor.grandmother","iron.ancestor.firstpack",2,0,6,2,9,8,4,1,0,0,0,0,7,1,5,1,0,0,0,14,0,14,0,14,0,2,0,8,28,40,0,0,1,0,8,1,0,0,2,1,4,5,1,1,15,17
game-619,619,"red-hunter-evolution","iron-hyena-pack-pressure",False,22,4,1,3,3,5,10,9,,2,2,0,0,0,0,2,0,2,0,0,0,0,8,0,6,0,0,7,0,10,2,5,1,0,0,"red.ancestor.firsthunter","iron.ancestor.firstpack",2,0,6,2,6,3,3,2,0,0,0,0,4,1,3,1,0,0,0,8,0,8,0,8,0,2,0,5,22,30,0,0,0,0,2,0,0,0,1,1,4,3,0,0,4,14
game-620,620,"iron-hyena-pack-pressure","red-hunter-evolution",False,19,4,3,1,6,11,5,11,,2,2,0,0,0,0,2,0,2,0,0,0,0,10,0,4,0,1,6,2,14,3,6,3,0,0,"red.ancestor.firsthunter","iron.ancestor.firstpack",0,0,2,2,6,5,3,0,0,0,0,0,1,1,1,1,0,0,0,8,0,7,0,7,0,2,0,4,18,27,0,0,2,0,1,1,0,0,1,1,6,15,0,1,0,22
game-621,621,"iron-hyena-pack-pressure","red-hunter-evolution",False,16,3,3,0,7,9,8,9,,0,0,0,0,0,0,1,0,1,0,0,0,0,2,0,1,0,0,0,0,9,5,4,3,0,0,"red.ancestor.grandmother","iron.ancestor.firstpack",1,0,4,2,4,3,0,1,0,0,0,0,2,0,2,0,0,0,0,9,0,9,0,9,0,2,0,5,16,25,0,0,1,0,1,2,0,0,1,1,7,,1,0,0,7
game-622,622,"iron-hyena-pack-pressure","red-hunter-evolution",False,19,4,3,0,4,7,5,9,,1,0,1,0,0,0,2,1,1,0,0,0,4,4,4,4,0,1,0,0,6,6,3,4,0,0,"red.ancestor.grandmother","iron.ancestor.firstpack",1,2,4,6,6,6,0,2,0,0,0,0,3,0,3,0,0,0,0,10,0,10,0,10,0,1,0,6,18,30,0,0,1,0,2,3,0,0,1,1,4,,0,1,0,24
