game_id,seed,winner,loser,timeout,turn_count,phase_count,final_red_shrines_broken,final_iron_shrines_broken,first_shrine_damage_turn,first_shrine_break_turn,first_ancestor_awakened_turn,first_l2_turn,first_l3_turn,red_l2_entered_battlefield,red_l2_hard_cast,red_l2_evolved,red_l3_entered_battlefield,red_l3_hard_cast,red_l3_evolved,iron_l2_entered_battlefield,iron_l2_hard_cast,iron_l2_evolved,iron_l3_entered_battlefield,iron_l3_hard_cast,iron_l3_evolved,legal_evolve_actions_generated_red,legal_evolve_actions_generated_iron,evolve_actions_chosen_red,evolve_actions_chosen_iron,hard_cast_chosen_while_legal_evolve_action_exists_red,hard_cast_chosen_while_legal_evolve_action_exists_iron,hard_cast_chosen_while_evolution_base_exists_red,hard_cast_chosen_while_evolution_base_exists_iron,legal_awaken_actions_generated_red,legal_awaken_actions_generated_iron,awaken_actions_chosen_red,awaken_actions_chosen_iron,awaken_actions_skipped_while_legal_red,awaken_actions_skipped_while_legal_iron,first_awakened_ancestor_red,first_awakened_ancestor_iron,ancestor_switches_red,ancestor_switches_iron,memory_spent_on_ancestors_red,memory_spent_on_ancestors_iron,turns_with_awakened_ancestor_red,turns_with_awakened_ancestor_iron,first_hunter_bonus_damage,grandmother_healing_done,child_draw_discard_triggers,iron_hyena_ancestor_bonus_damage,smith_offering_discount_saved,tooth_mother_bonus_damage,legal_block_options_red,legal_block_options_iron,blocks_chosen_red,blocks_chosen_iron,blocks_declined_red,blocks_declined_iron,pack_units_ready_at_combat_start_red,pack_units_ready_at_combat_start_iron,pack_assault_slots_generated_red,pack_assault_slots_generated_iron,pack_assault_slots_available_red,pack_assault_slots_available_iron,pack_assault_slots_skipped_red,pack_assault_slots_skipped_iron,turns_with_pack_bonus_red,turns_with_pack_bonus_iron,max_attacks_available_this_combat_red,max_attacks_available_this_combat_iron,attacks_prevented_by_assault_limit_red,attacks_prevented_by_assault_limit_iron,prepared_tactics_triggered_red,prepared_tactics_triggered_iron,wounded_events_red,wounded_events_iron,pierce_overflow_events_red,pierce_overflow_events_iron,deck_reshuffles_red,deck_reshuffles_iron,first_shrine_damage_turn_red,first_shrine_damage_turn_iron,wins_in_odd_phase,winner_was_first_player_in_final_phase,shrine_damage_dealt_during_double_turn_red,shrine_damage_dealt_during_double_turn_iron
game-123,123,"red-hunter-evolution","iron-hyena-pack-pressure",False,31,8,3,2,3,6,7,7,,1,1,0,0,0,0,3,0,3,0,0,0,0,8,0,8,0,1,1,1,0,20,0,7,0,0,"","red.ancestor.firsthunter",0,4,0,10,0,12,6,3,0,0,0,0,0,3,0,3,0,0,15,0,15,0,15,0,0,0,10,0,45,32,0,0,0,2,2,13,0,0,2,3,26,3,0,1,19,15
game-124,124,"iron-hyena-pack-pressure","red-hunter-evolution",False,22,6,1,3,3,8,7,9,,2,0,2,0,0,0,2,2,0,0,0,0,6,0,6,0,0,0,1,6,0,9,0,5,0,0,"","red.ancestor.firsthunter",0,2,0,6,0,7,3,1,0,0,0,0,1,6,1,4,0,0,12,0,12,0,12,0,2,0,9,0,34,22,0,0,0,2,2,2,0,0,1,1,15,3,0,0,15,10
game-125,125,"red-hunter-evolution","iron-hyena-pack-pressure",False,29,8,3,1,3,9,7,10,21,1,1,0,0,0,0,5,4,1,1,0,1,0,10,0,6,0,1,0,5,0,14,0,8,0,0,"","red.ancestor.firsthunter",0,3,0,8,0,11,6,1,0,0,0,0,0,3,0,3,0,0,13,0,13,0,13,0,1,0,7,0,41,30,0,0,0,1,0,8,0,0,2,2,5,3,0,1,3,18
game-126,126,"red-hunter-evolution","iron-hyena-pack-pressure",False,21,6,3,0,3,12,7,10,,0,0,0,0,0,0,2,2,0,0,0,0,0,0,0,0,0,0,2,2,0,5,0,3,0,0,"","red.ancestor.firsthunter",0,0,0,2,0,7,5,0,0,0,0,0,0,0,0,0,0,0,5,0,5,0,5,0,0,0,4,0,25,22,0,0,0,1,1,8,0,0,1,1,5,3,0,1,1,26
game-127,127,"iron-hyena-pack-pressure","red-hunter-evolution",False,30,8,1,3,3,9,5,10,18,2,1,1,0,0,0,5,4,1,1,0,1,4,4,4,4,0,0,1,11,0,25,0,10,0,0,"","red.ancestor.grandmother",0,4,0,10,0,12,4,4,0,0,0,0,0,11,0,10,0,0,18,0,18,0,18,0,3,0,10,0,48,30,0,0,0,3,2,7,0,0,2,2,15,3,0,0,14,8
game-128,128,"iron-hyena-pack-pressure","red-hunter-evolution",False,19,5,0,3,3,11,5,12,,0,0,0,0,0,0,2,1,1,0,0,0,0,2,0,2,0,1,0,4,0,5,0,3,0,0,"","red.ancestor.grandmother",0,1,0,4,0,6,3,2,0,0,0,0,1,3,1,3,0,0,13,0,13,0,13,0,4,0,7,0,33,18,0,0,0,0,0,3,0,0,1,1,15,3,1,1,15,0
game-129,129,"red-hunter-evolution","iron-hyena-pack-pressure",False,23,6,3,2,6,9,10,11,18,2,1,1,0,0,0,2,2,0,1,0,1,2,2,2,2,0,0,1,7,0,18,0,7,0,0,"","red.ancestor.firsthunter",0,1,0,4,0,7,2,2,0,0,0,0,0,8,0,6,0,0,8,0,8,0,8,0,1,0,6,0,30,24,0,0,0,1,0,5,0,0,1,1,7,6,0,1,13,9
game-130,130,"iron-hyena-pack-pressure","red-hunter-evolution",False,24,6,1,3,3,9,7,10,,3,0,3,0,0,0,3,3,0,0,0,0,8,0,8,0,0,0,0,3,0,23,0,7,0,0,"","red.ancestor.firsthunter",0,3,0,8,0,8,3,1,2,0,0,0,1,3,1,3,0,0,13,0,13,0,13,0,4,0,7,0,37,24,0,0,0,0,2,2,0,0,1,2,5,3,0,0,15,8
game-131,131,"iron-hyena-pack-pressure","red-hunter-evolution",False,27,7,2,3,3,9,7,10,,2,1,1,0,0,0,3,2,1,0,0,0,2,2,2,2,1,0,3,2,0,14,0,9,0,0,"","red.ancestor.firsthunter",0,4,0,10,0,9,4,2,3,0,0,0,3,3,2,3,0,0,19,0,18,0,18,0,4,0,10,0,46,26,0,0,0,1,1,4,0,0,2,2,5,3,1,1,28,10
game-132,132,"iron-hyena-pack-pressure","red-hunter-evolution",False,17,5,1,3,3,11,7,7,,1,0,1,0,0,0,2,1,1,0,0,0,4,4,4,4,0,0,0,0,0,3,0,2,0,0,"","red.ancestor.firsthunter",0,0,0,2,0,4,3,0,0,0,0,0,0,2,0,2,0,0,9,0,9,0,9,0,1,0,6,0,27,16,0,0,0,2,0,3,0,0,1,1,12,3,1,1,18,10
game-133,133,"iron-hyena-pack-pressure","red-hunter-evolution",False,17,5,0,3,3,9,7,12,15,1,0,1,0,0,0,1,1,0,1,0,1,2,2,2,2,0,0,0,2,0,5,0,3,0,0,"","red.ancestor.grandmother",0,1,0,4,0,4,1,1,0,0,0,0,0,4,0,3,0,0,8,0,8,0,8,0,2,0,6,0,26,16,1,0,0,0,0,1,0,0,1,1,13,3,1,1,19,5
game-134,134,"iron-hyena-pack-pressure","red-hunter-evolution",False,22,6,1,3,3,11,10,13,18,2,1,1,0,0,0,2,2,0,1,0,1,2,2,2,2,0,0,1,6,0,13,0,5,0,0,"","red.ancestor.grandmother",0,1,0,4,0,6,1,1,0,0,0,0,0,9,0,7,0,0,15,0,14,0,14,0,2,0,7,0,36,22,0,0,0,3,0,2,0,0,1,1,4,3,0,0,18,9
game-135,135,"iron-hyena-pack-pressure","red-hunter-evolution",False,24,6,1,3,3,9,5,10,,2,0,2,0,0,0,3,3,0,0,0,0,4,0,3,0,0,0,1,4,0,9,0,6,0,0,"","red.ancestor.firsthunter",0,2,0,6,0,9,5,1,0,0,0,0,1,8,1,5,0,0,12,0,12,0,12,0,2,0,7,0,36,24,0,0,0,0,1,3,0,0,1,1,7,3,0,0,26,7
game-136,136,"iron-hyena-pack-pressure","red-hunter-evolution",False,16,4,0,3,3,9,12,11,,2,0,2,0,0,0,1,1,0,0,0,0,6,0,6,0,0,0,2,5,0,5,0,2,0,0,"","red.ancestor.firsthunter",0,0,0,2,0,2,0,0,0,0,0,0,0,2,0,2,0,0,11,0,10,0,10,0,2,0,6,0,26,16,0,0,0,2,1,0,0,0,1,1,5,3,0,0,19,3
game-137,137,"red-hunter-evolution","iron-hyena-pack-pressure",False,21,6,3,1,3,11,7,10,15,2,1,1,0,0,0,2,2,0,1,0,1,2,2,2,2,0,0,2,2,0,2,0,2,0,0,"","red.ancestor.firsthunter",0,0,0,2,0,7,6,0,0,0,0,0,1,9,1,6,0,0,8,0,8,0,8,0,1,0,6,0,28,22,0,0,0,0,1,4,0,1,1,1,5,3,0,1,7,28
game-138,138,"red-hunter-evolution","iron-hyena-pack-pressure",False,29,8,3,2,3,8,7,9,23,3,1,2,0,0,0,2,1,1,1,0,1,4,6,4,6,0,0,0,3,0,20,0,8,0,0,"","red.ancestor.firsthunter",0,3,0,8,0,11,5,2,0,0,0,0,2,9,1,7,0,0,18,0,18,0,18,0,6,0,11,0,46,30,0,0,0,3,3,8,1,1,2,2,5,3,0,1,14,25
game-139,139,"iron-hyena-pack-pressure","red-hunter-evolution",False,17,5,0,3,3,8,5,9,,1,0,1,0,0,0,0,0,0,0,0,0,2,0,2,0,0,0,0,0,0,14,0,5,0,0,"","red.ancestor.grandmother",0,1,0,4,0,5,0,2,0,0,0,0,0,1,0,1,0,0,14,0,14,0,14,0,5,0,8,0,32,16,0,0,0,1,0,0,0,0,1,1,,3,1,1,23,0
game-140,140,"iron-hyena-pack-pressure","red-hunter-evolution",False,17,5,2,3,3,9,5,9,,2,0,2,0,0,0,1,1,0,0,0,0,6,0,5,0,0,0,0,1,0,5,0,3,0,0,"","red.ancestor.grandmother",0,1,0,4,0,5,3,2,0,0,0,0,0,1,0,1,0,0,10,0,10,0,10,0,1,0,6,0,28,16,0,0,0,1,0,1,0,0,1,1,12,3,1,1,25,17
game-141,141,"iron-hyena-pack-pressure","red-hunter-evolution",False,19,5,2,3,3,13,10,12,,0,0,0,0,0,0,2,1,1,0,0,0,0,2,0,2,0,0,0,4,0,8,0,3,0,0,"","red.ancestor.firsthunter",0,0,0,2,0,4,3,0,0,0,0,0,1,3,1,3,0,0,10,0,9,0,9,0,1,0,5,0,29,18,0,0,0,1,0,2,0,1,1,1,5,3,1,1,16,13
game-142,142,"iron-hyena-pack-pressure","red-hunter-evolution",False,33,9,1,3,3,14,5,13,,3,1,2,0,0,0,4,1,3,0,0,0,4,6,4,6,1,1,0,5,0,33,0,13,0,0,"","red.ancestor.firsthunter",0,0,0,2,0,13,6,0,0,0,0,0,2,1,2,1,0,0,18,0,18,0,18,0,2,0,10,0,52,32,0,0,0,2,1,12,0,0,2,3,15,3,1,1,11,11
game-143,143,"iron-hyena-pack-pressure","red-hunter-evolution",False,17,5,0,3,3,9,5,13,,0,0,0,0,0,0,1,1,0,0,0,0,0,0,0,0,0,0,0,2,0,12,0,5,0,0,"","red.ancestor.grandmother",0,1,0,4,0,5,1,4,0,0,0,0,0,1,0,1,0,0,7,0,7,0,7,0,2,0,4,0,25,16,0,0,0,2,0,2,0,0,1,1,15,3,1,1,13,0
game-144,144,"red-hunter-evolution","iron-hyena-pack-pressure",False,29,8,3,0,3,15,7,13,18,2,2,0,0,0,0,3,2,1,1,0,1,0,6,0,6,0,0,3,3,0,23,0,9,0,0,"","red.ancestor.firsthunter",0,0,0,2,0,11,6,0,0,0,0,0,0,0,0,0,0,0,10,0,10,0,10,0,0,0,7,0,38,30,0,0,0,1,2,11,0,0,2,2,5,3,0,1,5,18
game-145,145,"iron-hyena-pack-pressure","red-hunter-evolution",False,17,5,0,3,3,9,5,9,,2,0,2,0,0,0,1,1,0,0,0,0,4,0,3,0,1,0,2,3,0,15,0,6,0,0,"","red.ancestor.firsthunter",0,0,0,2,0,5,2,0,0,0,0,0,1,0,1,0,0,0,9,0,9,0,9,0,4,0,5,0,27,16,0,0,0,2,0,1,0,0,1,1,15,3,1,1,16,0
game-146,146,"red-hunter-evolution","iron-hyena-pack-pressure",False,21,6,3,2,3,9,5,9,20,1,0,1,0,0,0,2,1,1,1,0,1,4,4,4,4,0,1,0,1,0,7,0,3,0,0,"","red.ancestor.grandmother",0,1,0,4,0,8,5,2,0,0,0,0,2,2,1,2,0,0,11,0,10,0,10,0,3,0,5,0,30,22,0,0,0,1,0,3,0,1,1,1,12,3,0,1,22,21
game-147,147,"red-hunter-evolution","iron-hyena-pack-pressure",False,21,6,3,1,3,13,7,10,21,0,0,0,0,0,0,1,1,0,1,0,1,0,2,0,2,0,0,0,2,0,7,0,5,0,0,"","red.ancestor.grandmother",0,3,0,8,0,7,3,3,0,0,0,0,3,2,1,2,0,0,6,0,6,0,6,0,2,0,4,0,26,22,0,0,0,0,2,1,0,1,1,1,12,3,0,1,14,21
game-148,148,"iron-hyena-pack-pressure","red-hunter-evolution",False,17,5,0,3,3,9,5,9,,2,0,2,0,0,0,1,1,0,0,0,0,4,0,3,0,0,0,0,6,0,13,0,5,0,0,"","red.ancestor.firsthunter",0,0,0,2,0,5,1,0,0,0,0,0,0,2,0,2,0,0,10,0,10,0,10,0,3,0,7,0,28,16,0,0,0,2,0,2,0,0,1,1,15,3,1,1,18,0
game-149,149,"red-hunter-evolution","iron-hyena-pack-pressure",False,20,5,3,1,3,9,5,10,,1,0,1,0,0,0,2,2,0,0,0,0,4,0,4,0,0,0,0,6,0,9,0,5,0,0,"","red.ancestor.firsthunter",0,0,0,2,0,7,5,0,0,0,0,0,0,5,0,4,0,0,9,0,9,0,9,0,1,0,7,0,29,20,0,0,0,1,0,2,0,0,1,1,12,3,1,0,13,20
game-150,150,"iron-hyena-pack-pressure","red-hunter-evolution",False,19,5,1,3,3,8,7,13,,1,0,1,0,0,0,2,1,1,0,0,0,6,2,2,2,0,1,0,4,0,14,0,5,0,0,"","red.ancestor.firsthunter",0,1,0,4,0,5,1,1,0,0,0,0,0,2,0,2,0,0,8,0,7,0,7,0,0,0,5,0,27,18,1,0,0,1,0,1,0,0,1,1,15,3,1,1,19,0
game-151,151,"red-hunter-evolution","iron-hyena-pack-pressure",False,37,10,3,1,3,11,7,12,26,3,1,2,0,0,0,5,2,3,1,0,1,6,8,6,8,2,1,2,6,0,34,0,13,0,0,"","red.ancestor.grandmother",0,5,0,12,0,15,7,5,0,0,0,0,1,6,1,5,0,0,21,0,21,0,21,0,3,0,12,0,57,38,0,0,0,1,1,9,0,0,2,4,13,3,0,1,10,26
game-152,152,"red-hunter-evolution","iron-hyena-pack-pressure",False,18,5,3,1,3,9,7,12,,1,0,1,0,0,0,2,2,0,0,0,0,2,0,2,0,1,0,1,5,0,6,0,3,0,0,"","red.ancestor.grandmother",0,1,0,4,0,5,3,1,0,0,0,0,0,4,0,4,0,0,7,0,7,0,7,0,1,0,5,0,25,18,0,0,0,0,0,1,0,0,1,1,7,3,1,0,11,10
game-153,153,"iron-hyena-pack-pressure","red-hunter-evolution",False,27,7,2,3,3,13,10,10,15,3,2,1,0,0,0,4,4,0,1,0,1,6,2,2,2,0,0,3,7,0,19,0,8,0,0,"","red.ancestor.firsthunter",0,2,0,6,0,8,2,1,0,0,0,0,0,15,0,14,0,0,18,0,17,0,17,0,1,0,8,0,45,26,0,0,0,1,1,7,0,0,2,2,4,3,1,1,25,18
game-154,154,"iron-hyena-pack-pressure","red-hunter-evolution",False,17,5,0,3,3,9,10,10,,2,0,2,0,0,0,1,0,1,0,0,0,4,2,4,2,0,1,0,0,0,9,0,3,0,0,"","red.ancestor.firsthunter",0,0,0,2,0,3,0,0,0,0,0,0,0,3,0,3,0,0,9,0,9,0,9,0,3,0,5,0,27,16,0,0,0,4,1,2,0,0,1,1,,3,1,1,15,0
game-155,155,"iron-hyena-pack-pressure","red-hunter-evolution",False,22,6,2,3,3,7,10,11,20,2,0,2,0,0,0,2,2,0,1,0,1,6,2,6,2,2,0,1,3,0,6,0,4,0,0,"","red.ancestor.firsthunter",0,0,0,2,0,6,4,0,0,0,0,0,4,2,2,2,0,0,15,0,14,0,14,0,4,0,7,0,36,22,0,0,0,1,1,2,0,0,1,1,5,3,0,0,14,14
game-156,156,"iron-hyena-pack-pressure","red-hunter-evolution",False,11,3,0,3,3,8,5,8,,2,0,2,0,0,0,0,0,0,0,0,0,6,0,6,0,0,0,1,0,0,4,0,2,0,0,"","red.ancestor.grandmother",0,1,0,4,0,2,0,2,0,0,0,0,0,0,0,0,0,0,10,0,10,0,10,0,3,0,5,0,22,10,0,0,0,0,0,0,0,0,0,0,,3,1,1,16,0
game-157,157,"iron-hyena-pack-pressure","red-hunter-evolution",False,17,5,0,3,3,8,10,8,,2,0,2,0,0,0,0,0,0,0,0,0,4,0,4,0,0,0,0,0,0,13,0,4,0,0,"","red.ancestor.firsthunter",0,0,0,2,0,3,0,0,0,0,0,0,0,0,0,0,0,0,6,0,6,0,6,0,3,0,5,0,24,16,0,0,0,1,0,0,0,0,1,1,,3,1,1,22,0
game-158,158,"iron-hyena-pack-pressure","red-hunter-evolution",False,19,5,1,3,3,11,7,10,,1,0,1,0,0,0,2,2,0,0,0,0,2,0,2,0,0,0,0,1,0,3,0,2,0,0,"","red.ancestor.grandmother",0,1,0,4,0,5,5,1,0,0,0,0,5,1,3,1,0,0,12,0,12,0,12,0,3,0,6,0,32,18,0,0,0,0,0,2,0,1,1,1,13,3,1,1,13,5
game-159,159,"iron-hyena-pack-pressure","red-hunter-evolution",False,22,6,0,3,3,9,5,9,,3,1,2,0,0,0,2,1,1,0,0,0,6,2,5,2,0,1,2,4,0,18,0,7,0,0,"","red.ancestor.firsthunter",0,3,0,8,0,8,0,3,0,0,0,0,0,3,0,2,0,0,14,0,14,0,14,0,2,0,9,0,36,22,0,0,0,3,1,3,0,0,1,1,21,3,0,0,16,4
game-160,160,"red-hunter-evolution","iron-hyena-pack-pressure",False,21,6,3,1,3,13,7,12,18,1,0,1,0,0,0,2,2,0,1,0,1,2,2,2,2,0,0,0,2,0,8,0,3,0,0,"","red.ancestor.firsthunter",0,1,0,4,0,7,1,4,0,0,0,0,6,9,3,7,0,0,11,0,11,0,11,0,2,0,8,0,31,22,0,0,0,2,0,4,0,1,1,1,5,3,0,1,16,27
game-161,161,"iron-hyena-pack-pressure","red-hunter-evolution",False,19,5,1,3,3,13,7,9,,2,1,1,0,0,0,1,1,0,0,0,0,2,0,2,0,0,0,2,2,0,14,0,6,0,0,"","red.ancestor.firsthunter",0,0,0,2,0,5,3,0,0,0,0,0,2,0,1,0,0,0,10,0,10,0,10,0,3,0,6,0,30,18,0,0,0,3,2,1,0,0,1,1,5,3,1,1,20,10
game-162,162,"iron-hyena-pack-pressure","red-hunter-evolution",False,19,5,1,3,3,9,12,11,,2,0,2,0,0,0,1,1,0,0,0,0,6,0,4,0,0,0,1,2,0,12,0,4,0,0,"","red.ancestor.firsthunter",0,1,0,4,0,3,2,0,0,0,0,0,0,1,0,1,0,0,9,0,9,0,9,0,3,0,4,0,29,18,0,0,0,2,1,1,0,0,1,1,7,3,1,1,9,0
game-163,163,"iron-hyena-pack-pressure","red-hunter-evolution",False,35,9,1,3,3,11,12,7,18,4,3,1,0,0,0,4,1,3,1,0,1,2,8,2,8,1,0,6,6,0,14,0,7,0,0,"","red.ancestor.firsthunter",0,2,0,6,0,11,7,1,0,0,0,0,4,3,3,3,0,0,21,0,21,0,21,0,6,0,12,0,57,34,0,0,0,3,2,10,0,0,2,3,15,3,1,1,17,3
game-164,164,"iron-hyena-pack-pressure","red-hunter-evolution",False,19,5,0,3,3,9,7,11,,1,0,1,0,0,0,2,2,0,0,0,0,2,0,2,0,0,0,0,8,0,9,0,5,0,0,"","red.ancestor.grandmother",0,2,0,6,0,5,1,1,0,0,0,0,1,6,1,4,0,0,11,0,11,0,11,0,0,0,7,0,31,18,0,0,0,2,0,0,0,0,1,1,,3,1,1,13,0
game-165,165,"iron-hyena-pack-pressure","red-hunter-evolution",False,27,7,0,3,3,9,5,10,,2,1,1,0,0,0,3,2,1,0,0,0,4,2,4,2,0,1,2,3,0,16,0,8,0,0,"","red.ancestor.firsthunter",0,4,0,10,0,10,0,4,0,0,0,0,7,5,2,5,0,0,18,0,17,0,17,0,6,0,9,0,45,26,0,0,0,2,2,5,0,0,2,2,23,3,1,1,14,0
game-166,166,"red-hunter-evolution","iron-hyena-pack-pressure",False,47,12,3,1,3,9,10,10,26,4,3,1,0,0,0,8,1,7,1,0,1,4,22,4,20,1,3,4,5,0,27,0,12,0,0,"","red.ancestor.firsthunter",0,5,0,12,0,19,7,3,2,0,0,0,2,8,2,7,0,0,26,0,26,0,26,0,3,0,15,0,72,48,0,0,0,4,1,19,0,0,3,6,18,3,0,1,10,13
game-167,167,"iron-hyena-pack-pressure","red-hunter-evolution",False,19,5,0,3,3,11,7,13,,0,0,0,0,0,0,1,1,0,0,0,0,0,0,0,0,0,0,0,6,0,12,0,6,0,0,"","red.ancestor.firsthunter",0,2,0,6,0,5,0,2,0,0,0,0,3,7,1,4,0,0,11,0,11,0,11,0,2,0,7,0,31,18,0,0,0,0,0,1,0,0,1,1,15,3,1,1,17,0
game-168,168,"iron-hyena-pack-pressure","red-hunter-evolution",False,11,3,0,3,3,8,10,6,,1,0,1,0,0,0,0,0,0,0,0,0,2,0,2,0,0,0,0,0,0,2,0,1,0,0,"","red.ancestor.firsthunter",0,0,0,2,0,0,0,0,0,0,0,0,0,0,0,0,0,0,7,0,7,0,7,0,2,0,5,0,19,10,0,0,0,1,1,0,0,0,0,0,,3,1,1,17,0
game-169,169,"iron-hyena-pack-pressure","red-hunter-evolution",False,11,3,0,3,3,8,10,,,0,0,0,0,0,0,0,0,0,0,0,0,0,0,0,0,0,0,0,0,0,2,0,1,0,0,"","red.ancestor.firsthunter",0,0,0,2,0,0,0,0,0,0,0,0,0,0,0,0,0,0,7,0,7,0,7,0,1,0,3,0,19,10,0,0,0,1,0,0,0,0,0,0,,3,1,1,22,0
game-170,170,"iron-hyena-pack-pressure","red-hunter-evolution",False,25,7,1,3,3,9,10,13,,3,1,2,0,0,0,3,2,1,0,0,0,4,2,4,2,0,1,2,9,0,22,0,8,0,0,"","red.ancestor.grandmother",0,2,0,6,0,7,2,1,0,0,0,0,1,10,1,8,0,0,14,0,14,0,14,0,2,0,8,0,40,24,2,0,0,1,1,3,0,0,1,2,7,3,1,1,18,0
game-171,171,"iron-hyena-pack-pressure","red-hunter-evolution",False,17,5,0,3,3,9,7,13,,1,0,1,0,0,0,1,1,0,0,0,0,6,0,2,0,0,0,0,2,0,9,0,4,0,0,"","red.ancestor.grandmother",0,1,0,4,0,4,1,1,0,0,0,0,0,0,0,0,0,0,9,0,8,0,8,0,1,0,6,0,26,16,0,0,0,1,0,0,0,0,1,1,15,3,1,1,28,0
game-172,172,"iron-hyena-pack-pressure","red-hunter-evolution",False,25,7,2,3,3,11,7,10,18,3,1,2,0,0,0,2,2,0,1,0,1,6,2,4,2,2,0,2,4,0,1,0,1,0,0,"","red.ancestor.firsthunter",0,0,0,2,0,8,5,0,0,0,0,0,3,6,2,5,0,0,12,0,12,0,12,0,5,0,7,0,38,24,0,0,0,1,0,4,0,0,1,1,5,3,1,1,22,9
game-173,173,"iron-hyena-pack-pressure","red-hunter-evolution",False,17,5,0,3,3,9,7,13,,0,0,0,0,0,0,1,1,0,0,0,0,0,0,0,0,0,0,0,6,0,10,0,4,0,0,"","red.ancestor.firsthunter",0,0,0,2,0,4,0,0,0,0,0,0,0,4,0,4,0,0,6,0,6,0,6,0,1,0,5,0,24,16,0,0,0,1,1,1,0,0,1,1,,3,1,1,20,0
game-174,174,"iron-hyena-pack-pressure","red-hunter-evolution",False,25,7,0,3,3,9,7,10,,2,0,2,0,0,0,3,1,2,0,0,0,8,6,6,6,1,0,0,1,0,20,0,7,0,0,"","red.ancestor.firsthunter",0,2,0,6,0,8,3,2,0,0,0,0,2,4,2,3,0,0,15,0,15,0,15,0,5,0,8,0,41,24,0,0,0,0,2,5,0,0,1,1,21,3,1,1,18,7
game-175,175,"iron-hyena-pack-pressure","red-hunter-evolution",False,20,5,2,3,3,8,5,9,,1,0,1,0,0,0,1,1,0,0,0,0,2,0,2,0,0,0,0,3,0,11,0,6,0,0,"","red.ancestor.firsthunter",0,2,0,6,0,7,3,0,0,0,0,0,0,0,0,0,0,0,10,0,10,0,10,0,1,0,6,0,30,20,0,0,0,1,0,0,0,0,1,1,13,3,1,1,26,17
game-176,176,"iron-hyena-pack-pressure","red-hunter-evolution",False,17,5,0,3,3,9,10,7,,2,1,1,0,0,0,1,0,1,0,0,0,2,2,2,2,1,0,0,0,0,6,0,3,0,0,"","red.ancestor.grandmother",0,1,0,4,0,3,0,0,0,0,0,0,0,3,0,3,0,0,12,0,12,0,12,0,7,0,6,0,30,16,0,0,0,2,4,3,0,0,1,1,,3,1,1,15,0
game-177,177,"iron-hyena-pack-pressure","red-hunter-evolution",False,17,5,1,3,3,9,5,12,,2,1,1,0,0,0,1,1,0,0,0,0,2,0,1,0,1,0,0,3,0,8,0,3,0,0,"","red.ancestor.firsthunter",0,0,0,2,0,5,2,0,0,0,0,0,0,1,0,1,0,0,13,0,12,0,12,0,4,0,7,0,30,16,0,0,0,1,1,1,0,0,1,1,13,3,1,1,21,7
game-178,178,"red-hunter-evolution","iron-hyena-pack-pressure",False,29,8,3,2,3,9,5,7,18,2,1,1,0,0,0,4,3,1,1,0,1,2,4,2,4,0,0,2,5,0,20,0,9,0,0,"","red.ancestor.firsthunter",0,2,0,6,0,12,7,1,0,0,0,0,1,11,1,9,0,0,13,0,12,0,12,0,1,0,7,0,40,30,0,0,0,2,0,10,0,0,2,2,12,3,0,1,22,25
game-179,179,"iron-hyena-pack-pressure","red-hunter-evolution",False,19,5,1,3,3,11,5,10,,1,1,0,0,0,0,2,2,0,0,0,0,0,0,0,0,1,0,0,4,0,6,0,3,0,0,"","red.ancestor.firsthunter",0,1,0,4,0,6,0,3,0,0,0,0,3,3,2,3,0,0,13,0,12,0,12,0,3,0,5,0,32,18,0,0,0,1,2,1,0,0,1,1,13,3,1,1,24,3
game-180,180,"iron-hyena-pack-pressure","red-hunter-evolution",False,16,4,0,3,3,9,5,6,,2,0,2,0,0,0,0,0,0,0,0,0,4,0,4,0,0,0,0,0,0,14,0,5,0,0,"","red.ancestor.firsthunter",0,2,0,6,0,5,0,1,1,0,0,0,0,0,0,0,0,0,10,0,10,0,10,0,4,0,6,0,26,16,0,0,0,1,0,0,0,0,1,1,,3,0,0,12,0
game-181,181,"red-hunter-evolution","iron-hyena-pack-pressure",False,36,9,3,0,3,23,5,10,,2,2,0,0,0,0,5,2,3,0,0,0,0,8,0,8,0,2,3,0,0,28,0,10,0,0,"","red.ancestor.firsthunter",0,3,0,8,0,15,6,2,0,0,0,0,1,0,0,0,1,0,20,0,20,0,20,0,2,0,11,0,56,36,0,0,0,2,4,21,0,0,2,4,21,3,1,0,5,21
game-182,182,"iron-hyena-pack-pressure","red-hunter-evolution",False,17,5,0,3,3,9,7,11,,1,0,1,0,0,0,1,1,0,0,0,0,2,0,2,0,0,0,0,2,0,13,0,4,0,0,"","red.ancestor.firsthunter",0,0,0,2,0,4,1,0,0,0,0,0,0,2,0,2,0,0,6,0,6,0,6,0,0,0,5,0,24,16,0,0,0,1,0,1,0,0,1,1,15,3,1,1,15,0
game-183,183,"iron-hyena-pack-pressure","red-hunter-evolution",False,17,5,1,3,3,11,10,12,,1,0,1,0,0,0,1,1,0,0,0,0,4,0,4,0,0,0,0,4,0,3,0,2,0,0,"","red.ancestor.grandmother",0,1,0,4,0,3,0,3,0,0,0,0,1,3,1,2,0,0,13,0,12,0,12,0,1,0,5,0,30,16,0,0,0,1,0,0,0,0,1,1,5,3,1,1,17,13
game-184,184,"iron-hyena-pack-pressure","red-hunter-evolution",False,14,4,0,3,3,8,5,7,,0,0,0,0,0,0,1,0,1,0,0,0,0,2,0,2,0,0,0,0,0,4,0,2,0,0,"","red.ancestor.firsthunter",0,0,0,2,0,4,0,0,0,0,0,0,0,3,0,3,0,0,5,0,5,0,5,0,0,0,4,0,19,14,0,0,0,3,3,3,0,0,0,1,,3,0,0,7,0
game-185,185,"iron-hyena-pack-pressure","red-hunter-evolution",False,17,5,0,3,3,9,7,6,,1,0,1,0,0,0,0,0,0,0,0,0,2,0,2,0,0,0,0,0,0,7,0,3,0,0,"","red.ancestor.firsthunter",0,1,0,4,0,4,0,1,0,0,0,0,0,1,0,1,0,0,9,0,9,0,9,0,4,0,6,0,27,16,0,0,0,3,1,0,0,0,1,1,,3,1,1,9,0
game-186,186,"red-hunter-evolution","iron-hyena-pack-pressure",False,31,8,3,2,3,9,5,15,23,2,2,0,0,0,0,3,2,1,1,0,1,0,6,0,6,1,0,0,4,0,28,0,10,0,0,"","red.ancestor.grandmother",0,5,0,12,0,13,5,4,0,0,0,0,0,10,0,10,0,0,13,0,13,0,13,0,0,0,10,0,43,32,0,0,0,1,1,8,0,0,2,2,21,3,0,1,16,16
game-187,187,"red-hunter-evolution","iron-hyena-pack-pressure",False,21,6,3,2,3,11,7,7,13,1,0,1,0,0,0,2,1,1,1,0,1,4,4,4,4,0,0,0,3,0,6,0,4,0,0,"","red.ancestor.firsthunter",0,0,0,2,0,7,5,0,0,0,0,0,2,6,1,4,0,0,9,0,9,0,9,0,2,0,6,0,29,22,0,0,0,2,2,6,0,1,1,1,10,3,0,1,14,29
game-188,188,"red-hunter-evolution","iron-hyena-pack-pressure",False,15,4,3,0,3,12,10,10,,1,1,0,0,0,0,2,2,0,0,0,0,0,0,0,0,0,0,1,2,0,4,0,1,0,0,"","red.ancestor.grandmother",0,0,0,2,0,3,0,4,0,0,0,0,0,6,0,5,0,0,4,0,4,0,4,0,0,0,2,0,18,16,0,0,0,0,1,2,0,0,0,1,5,3,0,1,3,21
game-189,189,"iron-hyena-pack-pressure","red-hunter-evolution",False,17,5,2,3,3,6,12,11,,2,0,2,0,0,0,2,2,0,0,0,0,4,0,3,0,0,0,1,4,0,4,0,2,0,0,"","red.ancestor.firsthunter",0,0,0,2,0,2,2,0,0,0,0,0,0,3,0,3,0,0,9,0,9,0,9,0,3,0,5,0,27,16,0,0,0,1,0,2,0,0,1,1,5,3,1,1,15,8
game-190,190,"red-hunter-evolution","iron-hyena-pack-pressure",False,15,4,3,1,3,7,10,10,,0,0,0,0,0,0,2,1,1,0,0,0,0,2,0,2,0,1,0,5,0,1,0,1,0,0,"","red.ancestor.firsthunter",0,0,0,2,0,3,4,0,0,0,0,0,1,4,1,2,0,0,5,0,5,0,5,0,2,0,4,0,19,16,0,0,0,0,0,3,0,1,0,1,5,3,0,1,1,19
game-191,191,"red-hunter-evolution","iron-hyena-pack-pressure",False,36,9,3,2,3,9,7,11,34,4,1,3,0,0,0,5,3,2,1,0,1,8,10,8,8,1,2,2,4,0,30,0,12,0,0,"","red.ancestor.firsthunter",0,3,0,8,0,14,5,3,1,0,0,0,1,11,1,9,0,0,22,0,22,0,22,0,4,0,14,0,58,36,0,0,0,3,3,12,0,0,2,4,5,3,1,0,13,16
game-192,192,"red-hunter-evolution","iron-hyena-pack-pressure",False,20,5,3,1,3,13,10,12,18,1,0,1,0,0,0,2,2,0,1,0,1,4,4,4,4,0,0,0,5,0,5,0,3,0,0,"","red.ancestor.grandmother",0,1,0,4,0,5,6,1,0,0,0,0,1,10,1,7,0,0,10,0,10,0,10,0,1,0,6,0,30,20,0,0,0,0,0,3,0,0,1,1,5,3,1,0,8,20
game-193,193,"red-hunter-evolution","iron-hyena-pack-pressure",False,20,5,3,0,3,12,7,7,15,2,1,1,0,0,0,3,1,2,1,0,1,2,6,2,6,1,1,1,3,0,7,0,4,0,0,"","red.ancestor.firsthunter",0,0,0,2,0,6,5,0,0,0,0,0,1,10,1,6,0,0,7,0,7,0,7,0,1,0,5,0,27,20,0,0,0,1,0,7,0,1,1,1,10,3,1,0,7,24
game-194,194,"iron-hyena-pack-pressure","red-hunter-evolution",False,27,7,2,3,3,9,5,13,18,2,1,1,0,0,0,3,1,2,1,0,1,4,6,4,6,1,1,1,7,0,26,0,9,0,0,"","red.ancestor.firsthunter",0,1,0,4,0,10,5,2,0,0,0,0,1,6,1,6,0,0,15,0,15,0,15,0,2,0,8,0,43,26,0,0,0,1,0,3,0,0,1,2,7,3,1,1,21,3
game-195,195,"iron-hyena-pack-pressure","red-hunter-evolution",False,19,5,1,3,3,9,7,12,,0,0,0,0,0,0,2,2,0,0,0,0,0,0,0,0,0,0,0,5,0,5,0,3,0,0,"","red.ancestor.firsthunter",0,1,0,4,0,5,1,2,0,0,0,0,0,7,0,6,0,0,9,0,9,0,9,0,0,0,6,0,29,18,0,0,0,1,0,3,0,0,1,1,5,3,1,1,11,14
game-196,196,"red-hunter-evolution","iron-hyena-pack-pressure",False,29,8,3,2,3,16,7,13,20,2,1,1,0,0,0,3,2,1,1,0,1,2,4,2,4,2,0,0,5,0,24,0,10,0,0,"","red.ancestor.grandmother",0,2,0,6,0,11,5,1,0,0,0,0,2,4,1,4,0,0,15,0,15,0,15,0,2,0,9,0,43,30,0,0,0,3,2,10,0,0,2,3,15,3,0,1,20,31
game-197,197,"iron-hyena-pack-pressure","red-hunter-evolution",False,33,9,1,3,3,11,12,12,15,3,0,3,0,0,0,3,3,0,1,0,1,8,2,7,2,1,2,0,5,0,10,0,5,0,0,"","red.ancestor.firsthunter",0,2,0,6,0,10,2,3,0,0,0,0,2,14,2,12,0,0,18,0,18,0,18,0,3,0,11,0,52,32,0,0,0,0,1,6,0,0,2,2,4,3,1,1,15,14
game-198,198,"iron-hyena-pack-pressure","red-hunter-evolution",False,14,4,0,3,3,9,10,12,,0,0,0,0,0,0,1,1,0,0,0,0,0,0,0,0,0,0,0,2,0,11,0,3,0,0,"","red.ancestor.firsthunter",0,0,0,2,0,2,1,0,0,0,0,0,0,1,0,1,0,0,7,0,7,0,7,0,0,0,4,0,21,14,0,0,0,0,0,1,0,0,0,1,13,3,0,0,5,5
game-199,199,"red-hunter-evolution","iron-hyena-pack-pressure",False,21,6,3,2,3,9,7,10,,2,2,0,0,0,0,2,2,0,0,0,0,0,0,0,0,1,0,1,6,0,6,0,4,0,0,"","red.ancestor.firsthunter",0,2,0,6,0,7,2,4,0,0,0,0,0,12,0,9,0,0,14,0,11,0,11,0,0,0,6,0,31,22,0,0,0,2,0,3,0,0,1,1,5,3,0,1,19,30
game-200,200,"iron-hyena-pack-pressure","red-hunter-evolution",False,19,5,1,3,3,9,7,12,18,0,0,0,0,0,0,2,1,1,1,0,1,0,4,0,4,0,0,0,0,0,5,0,3,0,0,"","red.ancestor.grandmother",0,1,0,4,0,5,2,2,0,0,0,0,2,3,1,2,0,0,13,0,12,0,12,0,4,0,8,0,32,18,0,0,0,3,0,2,0,1,1,1,13,3,1,1,18,5
game-201,201,"iron-hyena-pack-pressure","red-hunter-evolution",False,22,6,2,3,3,11,7,13,,1,1,0,0,0,0,2,2,0,0,0,0,0,0,0,0,1,0,0,5,0,14,0,6,0,0,"","red.ancestor.firsthunter",0,2,0,6,0,7,2,1,0,0,0,0,0,4,0,4,0,0,10,0,10,0,10,0,2,0,6,0,32,22,0,0,0,1,1,2,0,0,1,1,5,3,0,0,13,25
game-202,202,"iron-hyena-pack-pressure","red-hunter-evolution",False,24,6,0,3,3,10,10,13,,3,1,2,0,0,0,2,1,1,0,0,0,4,2,4,2,2,0,0,7,0,20,0,8,0,0,"","red.ancestor.firsthunter",0,2,0,6,0,7,1,1,0,0,0,0,1,5,1,4,0,0,10,0,10,0,10,0,2,0,7,0,34,24,0,0,0,2,2,2,0,0,1,2,5,3,0,0,16,3
game-203,203,"iron-hyena-pack-pressure","red-hunter-evolution",False,22,6,0,3,3,9,7,9,,4,1,3,0,0,0,2,1,1,0,0,0,8,2,6,2,1,1,0,5,0,15,0,7,0,0,"","red.ancestor.firsthunter",0,3,0,8,0,7,0,3,0,0,0,0,1,3,1,3,0,0,9,0,9,0,9,0,4,0,6,0,31,22,0,0,0,2,2,2,0,0,1,1,,3,0,0,22,0
game-204,204,"iron-hyena-pack-pressure","red-hunter-evolution",False,19,5,1,3,3,10,10,11,,2,0,2,0,0,0,1,1,0,0,0,0,6,0,4,0,0,0,0,2,0,8,0,4,0,0,"","red.ancestor.firsthunter",0,2,0,6,0,4,3,1,0,0,0,0,0,4,0,3,0,0,12,0,12,0,12,0,2,0,6,0,32,18,0,0,0,1,1,2,0,0,1,1,13,3,1,1,19,8
game-205,205,"red-hunter-evolution","iron-hyena-pack-pressure",False,28,7,3,1,3,9,5,15,26,1,1,0,0,0,0,2,2,0,1,0,1,0,2,0,2,0,0,1,10,0,15,0,8,0,0,"","red.ancestor.firsthunter",0,4,0,10,0,11,6,0,0,0,0,0,0,4,0,3,0,0,12,0,12,0,12,0,0,0,8,0,40,28,0,0,0,2,3,11,0,0,2,2,13,3,1,0,11,21
game-206,206,"red-hunter-evolution","iron-hyena-pack-pressure",False,20,5,3,1,3,12,13,10,18,2,1,1,0,0,0,2,2,0,1,0,1,2,2,2,2,0,0,0,2,0,3,0,1,0,0,"","red.ancestor.firsthunter",0,0,0,2,0,3,3,0,0,0,0,0,1,7,1,6,0,0,7,0,7,0,7,0,1,0,5,0,27,20,0,0,0,1,1,5,0,1,1,1,4,3,1,0,11,29
game-207,207,"iron-hyena-pack-pressure","red-hunter-evolution",False,19,5,0,3,3,9,10,13,,2,2,0,0,0,0,2,1,1,0,0,0,0,2,0,2,1,0,3,7,0,4,0,3,0,0,"","red.ancestor.grandmother",0,1,0,4,0,4,2,1,0,0,0,0,1,4,1,4,0,0,10,0,10,0,10,0,2,0,7,0,30,18,0,0,0,1,0,3,0,0,1,1,15,3,1,1,22,0
game-208,208,"iron-hyena-pack-pressure","red-hunter-evolution",False,27,7,2,3,3,8,7,9,20,3,0,3,0,0,0,3,3,0,1,0,1,8,2,8,2,0,0,0,4,0,14,0,6,0,0,"","red.ancestor.firsthunter",0,2,0,6,0,9,4,1,0,0,0,0,1,6,1,5,0,0,13,0,13,0,13,0,3,0,10,0,41,26,0,0,0,1,0,4,0,1,2,2,5,3,1,1,19,17
game-209,209,"red-hunter-evolution","iron-hyena-pack-pressure",False,23,6,3,1,3,15,7,13,20,1,0,1,0,0,0,1,1,0,1,0,1,2,2,2,2,0,0,0,4,0,12,0,6,0,0,"","red.ancestor.firsthunter",0,2,0,6,0,8,5,1,0,0,0,0,3,5,2,4,0,0,9,0,9,0,9,0,1,0,6,0,31,24,0,0,0,2,0,4,0,1,1,2,4,3,0,1,8,21
game-210,210,"iron-hyena-pack-pressure","red-hunter-evolution",False,11,3,0,3,3,8,5,6,,2,0,2,0,0,0,0,0,0,0,0,0,6,0,5,0,0,0,0,0,0,4,0,2,0,0,"","red.ancestor.grandmother",0,1,0,4,0,2,0,2,0,0,0,0,0,0,0,0,0,0,8,0,8,0,8,0,2,0,5,0,20,10,0,0,0,1,0,0,0,0,0,0,,3,1,1,23,0
game-211,211,"red-hunter-evolution","iron-hyena-pack-pressure",False,39,10,3,2,3,13,7,10,,4,3,1,0,0,0,5,3,2,0,0,0,2,6,2,6,1,1,2,3,0,20,0,9,0,0,"","red.ancestor.firsthunter",0,5,0,12,0,16,4,3,1,0,0,0,0,14,0,11,0,0,21,0,21,0,21,0,2,0,13,0,59,40,0,0,0,2,1,12,0,0,2,3,5,3,0,1,13,29
game-212,212,"red-hunter-evolution","iron-hyena-pack-pressure",False,21,6,3,1,3,9,10,12,,1,1,0,0,0,0,2,2,0,0,0,0,0,0,0,0,1,0,0,4,0,8,0,4,0,0,"","red.ancestor.firsthunter",0,2,0,6,0,6,3,2,0,0,0,0,0,6,0,6,0,0,11,0,11,0,11,0,3,0,7,0,31,22,0,0,0,1,2,4,0,0,1,1,13,3,0,1,9,27
game-213,213,"red-hunter-evolution","iron-hyena-pack-pressure",False,29,8,3,1,3,6,5,10,26,3,1,2,0,0,0,4,2,2,1,0,1,4,6,4,6,1,1,3,6,0,13,0,7,0,0,"","red.ancestor.firsthunter",0,3,0,8,0,12,5,6,0,0,0,0,2,3,1,1,1,0,15,0,15,0,15,0,4,0,8,0,43,30,1,0,0,1,2,9,0,0,2,3,7,3,0,1,9,18
game-214,214,"iron-hyena-pack-pressure","red-hunter-evolution",False,19,5,0,3,3,11,7,15,,2,1,1,0,0,0,1,1,0,0,0,0,2,0,2,0,1,0,1,2,0,17,0,5,0,0,"","red.ancestor.firsthunter",0,0,0,2,0,5,0,0,0,0,0,0,0,3,0,3,0,0,8,0,8,0,8,0,1,0,5,0,28,18,0,0,0,2,0,1,0,0,1,1,,3,1,1,17,0
game-215,215,"red-hunter-evolution","iron-hyena-pack-pressure",False,26,7,3,1,8,9,5,12,15,1,1,0,0,0,0,3,3,0,1,0,1,0,2,0,2,0,0,0,4,0,19,0,8,0,0,"","red.ancestor.firsthunter",0,2,0,6,0,10,5,1,0,0,0,0,0,16,0,9,0,0,9,0,9,0,9,0,0,0,6,0,35,26,0,0,0,1,1,7,0,0,1,2,13,8,1,0,17,13
game-216,216,"iron-hyena-pack-pressure","red-hunter-evolution",False,22,6,2,3,3,6,5,13,20,2,1,1,0,0,0,2,2,0,1,0,1,4,2,4,2,0,0,2,5,0,19,0,7,0,0,"","red.ancestor.firsthunter",0,2,0,6,0,8,3,1,0,0,0,0,0,5,0,4,0,0,12,0,12,0,12,0,3,0,7,0,34,22,0,0,0,2,1,2,0,0,1,1,15,3,0,0,11,10
game-217,217,"iron-hyena-pack-pressure","red-hunter-evolution",False,24,6,1,3,3,9,10,9,,2,0,2,0,0,0,2,1,1,0,0,0,4,8,4,4,0,1,2,0,0,18,0,7,0,0,"","red.ancestor.firsthunter",0,2,0,6,0,7,2,1,0,0,0,0,0,4,0,4,0,0,11,0,11,0,11,0,2,0,7,0,35,24,0,0,0,2,1,3,0,0,1,2,21,3,0,0,24,5
game-218,218,"red-hunter-evolution","iron-hyena-pack-pressure",False,26,7,3,2,3,9,5,10,18,2,0,2,0,0,0,3,2,1,1,0,1,10,4,6,4,0,0,0,4,0,7,0,4,0,0,"","red.ancestor.firsthunter",0,2,0,6,0,10,6,4,0,0,0,0,2,4,2,3,0,0,15,0,14,0,14,0,4,0,9,0,40,26,0,0,0,2,1,10,0,1,1,2,15,3,1,0,14,10
game-219,219,"iron-hyena-pack-pressure","red-hunter-evolution",False,33,9,1,3,6,12,12,21,,2,0,2,0,0,0,3,2,1,0,0,0,6,2,6,2,1,2,0,2,0,34,0,11,0,0,"","red.ancestor.firsthunter",0,2,0,6,0,10,2,2,0,0,0,0,1,10,1,8,0,0,14,0,14,0,14,0,3,0,11,0,48,32,0,0,0,3,0,3,0,0,2,3,7,6,1,1,18,3
game-220,220,"red-hunter-evolution","iron-hyena-pack-pressure",False,29,8,3,2,3,8,7,9,,3,1,2,0,0,0,4,3,1,0,0,0,6,2,6,2,1,0,3,3,0,13,0,7,0,0,"","red.ancestor.grandmother",0,3,0,8,0,11,7,3,0,0,0,0,4,2,2,2,0,0,15,0,15,0,15,0,6,0,8,0,43,30,0,0,0,0,2,4,0,1,2,2,13,3,0,1,18,18
game-221,221,"iron-hyena-pack-pressure","red-hunter-evolution",False,19,5,0,3,3,9,7,9,,2,0,2,0,0,0,1,1,0,0,0,0,4,0,4,0,0,1,2,0,0,16,0,6,0,0,"","red.ancestor.grandmother",0,3,0,8,0,5,0,1,0,0,0,0,0,3,0,2,0,0,8,0,8,0,8,0,2,0,6,0,28,18,0,0,0,2,0,1,0,0,1,1,,3,1,1,17,0
game-222,222,"red-hunter-evolution","iron-hyena-pack-pressure",False,21,6,3,2,3,9,7,8,18,2,0,2,0,0,0,2,1,1,1,0,1,4,4,4,3,0,0,1,1,0,9,0,5,0,0,"","red.ancestor.grandmother",0,2,0,6,0,7,4,1,0,0,0,0,0,4,0,4,0,0,10,0,10,0,10,0,4,0,7,0,30,22,0,0,0,2,0,3,0,0,1,1,13,3,0,1,15,28
game-223,223,"red-hunter-evolution","iron-hyena-pack-pressure",False,26,7,3,1,3,9,5,10,,0,0,0,0,0,0,3,2,1,0,0,0,0,2,0,2,1,0,0,3,0,7,0,4,0,0,"","red.ancestor.grandmother",0,1,0,4,0,10,3,5,0,0,0,0,0,3,0,2,0,0,13,0,13,0,13,0,1,0,7,0,39,26,0,0,0,1,0,7,0,0,2,2,7,3,1,0,7,10
game-224,224,"iron-hyena-pack-pressure","red-hunter-evolution",False,17,5,1,3,3,9,10,12,,0,0,0,0,0,0,1,1,0,0,0,0,0,0,0,0,0,0,0,3,0,10,0,4,0,0,"","red.ancestor.firsthunter",0,0,0,2,0,3,2,0,0,0,0,0,1,1,1,1,0,0,8,0,8,0,8,0,2,0,7,0,26,16,0,0,0,2,0,1,0,1,1,1,5,3,1,1,19,12
game-225,225,"iron-hyena-pack-pressure","red-hunter-evolution",False,17,5,0,3,3,9,5,10,,1,1,0,0,0,0,2,1,1,0,0,0,0,2,0,2,1,0,0,2,0,9,0,4,0,0,"","red.ancestor.firsthunter",0,2,0,6,0,5,0,1,0,0,0,0,0,4,0,4,0,0,11,0,11,0,11,0,2,0,6,0,29,16,0,0,0,0,0,3,0,0,1,1,,3,1,1,25,0
game-226,226,"red-hunter-evolution","iron-hyena-pack-pressure",False,29,8,3,2,3,9,5,7,20,0,0,0,0,0,0,4,1,3,1,0,1,0,8,0,7,0,0,0,3,0,18,0,7,0,0,"","red.ancestor.firsthunter",0,2,0,6,0,12,6,0,1,0,0,0,0,2,0,2,0,0,12,0,12,0,12,0,0,0,8,0,40,30,0,0,0,2,1,12,0,0,2,2,15,3,0,1,14,26
game-227,227,"iron-hyena-pack-pressure","red-hunter-evolution",False,17,5,0,3,3,9,7,9,,1,0,1,0,0,0,2,2,0,0,0,0,2,0,2,0,0,0,0,0,0,14,0,5,0,0,"","red.ancestor.firsthunter",0,1,0,4,0,4,0,1,0,0,0,0,0,4,0,4,0,0,7,0,7,0,7,0,2,0,5,0,25,16,0,0,0,1,0,3,0,0,1,1,15,3,1,1,16,0
game-228,228,"red-hunter-evolution","iron-hyena-pack-pressure",False,18,5,3,0,3,12,,7,,0,0,0,0,0,0,2,1,1,0,0,0,0,4,0,4,0,0,0,0,0,0,0,0,0,0,"","",0,0,0,0,0,0,0,0,0,0,0,0,0,0,0,0,0,0,7,0,7,0,7,0,0,0,5,0,25,18,0,0,0,1,1,10,0,0,1,1,10,3,1,0,3,18
game-229,229,"iron-hyena-pack-pressure","red-hunter-evolution",False,25,7,2,3,3,9,7,10,,2,1,1,0,0,0,3,3,0,0,0,0,4,0,4,0,1,0,0,2,0,4,0,3,0,0,"","red.ancestor.firsthunter",0,2,0,6,0,8,4,2,0,0,0,0,4,10,1,8,0,0,15,0,14,0,14,0,3,0,8,0,40,24,0,0,0,3,1,4,0,1,1,1,5,3,1,1,18,18
game-230,230,"iron-hyena-pack-pressure","red-hunter-evolution",False,19,5,0,3,3,9,7,6,,2,0,2,0,0,0,3,2,1,0,0,0,4,2,4,2,0,0,0,2,0,7,0,4,0,0,"","red.ancestor.grandmother",0,1,0,4,0,5,0,4,0,0,0,0,0,6,0,5,0,0,13,0,13,0,13,0,4,0,8,0,33,18,0,0,0,2,2,3,0,0,1,1,,3,1,1,18,0
game-231,231,"red-hunter-evolution","iron-hyena-pack-pressure",False,23,6,3,1,3,9,7,13,20,0,0,0,0,0,0,2,2,0,1,0,1,0,2,0,2,0,0,0,8,0,17,0,7,0,0,"","red.ancestor.firsthunter",0,0,0,2,0,8,4,0,0,0,0,0,0,5,0,5,0,0,5,0,5,0,5,0,0,0,4,0,27,24,0,0,0,1,0,3,0,0,1,2,15,3,0,1,12,15
game-232,232,"red-hunter-evolution","iron-hyena-pack-pressure",False,36,9,3,0,3,15,7,12,15,3,3,0,0,0,0,4,3,1,1,0,1,0,10,0,6,0,0,5,7,0,25,0,10,0,0,"","red.ancestor.firsthunter",0,2,0,6,0,14,6,3,0,0,0,0,2,0,1,0,1,0,16,0,16,0,16,0,2,0,10,0,52,36,0,0,0,0,0,15,0,0,2,3,13,3,1,0,6,17
game-233,233,"red-hunter-evolution","iron-hyena-pack-pressure",False,28,7,3,2,6,9,7,12,15,2,1,1,0,0,0,2,2,0,1,0,1,2,2,2,2,1,0,0,4,0,16,0,7,0,0,"","red.ancestor.grandmother",0,1,0,4,0,10,7,1,0,0,0,0,1,1,1,1,0,0,12,0,12,0,12,0,2,0,8,0,40,28,0,0,0,1,0,11,0,0,2,2,13,6,1,0,14,22
game-234,234,"iron-hyena-pack-pressure","red-hunter-evolution",False,24,6,1,3,3,16,5,10,,2,1,1,0,0,0,3,3,0,0,0,0,4,0,4,0,1,0,2,5,0,8,0,4,0,0,"","red.ancestor.firsthunter",0,2,0,6,0,9,5,1,0,0,0,0,3,5,2,5,0,0,11,0,11,0,11,0,2,0,6,0,35,24,0,0,0,2,0,2,0,0,1,1,15,3,0,0,29,5
game-235,235,"iron-hyena-pack-pressure","red-hunter-evolution",False,27,7,1,3,3,8,5,8,,3,0,3,0,0,0,2,2,0,0,0,0,8,0,7,0,0,1,0,0,0,12,0,6,0,0,"","red.ancestor.firsthunter",0,2,0,6,0,10,4,3,0,0,0,0,3,5,2,4,0,0,15,0,15,0,15,0,4,0,10,0,43,26,0,0,0,1,0,7,0,0,2,2,15,3,1,1,10,8
game-236,236,"iron-hyena-pack-pressure","red-hunter-evolution",False,17,5,0,3,3,9,7,9,,2,1,1,0,0,0,0,0,0,0,0,0,2,0,2,0,0,0,0,0,0,4,0,2,0,0,"","red.ancestor.firsthunter",0,0,0,2,0,4,0,0,0,0,0,0,0,0,0,0,0,0,7,0,7,0,7,0,4,0,5,0,25,16,0,0,0,2,4,1,0,0,1,1,,3,1,1,21,0
game-237,237,"iron-hyena-pack-pressure","red-hunter-evolution",False,11,3,0,3,3,8,7,9,,1,0,1,0,0,0,0,0,0,0,0,0,2,0,2,0,0,0,1,0,0,2,0,1,0,0,"","red.ancestor.firsthunter",0,0,0,2,0,1,0,0,0,0,0,0,0,0,0,0,0,0,7,0,7,0,7,0,1,0,4,0,19,10,0,0,0,2,0,0,0,0,0,0,,3,1,1,16,0
game-238,238,"iron-hyena-pack-pressure","red-hunter-evolution",False,17,5,1,3,3,8,10,10,,1,0,1,0,0,0,2,1,1,0,0,0,4,2,2,2,0,1,0,3,0,3,0,2,0,0,"","red.ancestor.firsthunter",0,0,0,2,0,3,2,0,0,0,0,0,0,5,0,4,0,0,11,0,11,0,11,0,2,0,6,0,29,16,0,0,0,1,0,2,0,0,1,1,13,3,1,1,19,5
game-239,239,"iron-hyena-pack-pressure","red-hunter-evolution",False,14,4,0,3,3,8,7,12,,0,0,0,0,0,0,2,2,0,0,0,0,0,0,0,0,0,0,0,6,0,9,0,4,0,0,"","red.ancestor.firsthunter",0,1,0,4,0,3,1,1,0,0,0,0,0,1,0,1,0,0,7,0,7,0,7,0,0,0,5,0,21,14,0,0,0,1,0,0,0,0,0,1,13,3,0,0,15,5
game-240,240,"red-hunter-evolution","iron-hyena-pack-pressure",False,23,6,3,1,3,6,7,13,18,1,1,0,0,0,0,2,2,0,1,0,1,0,2,0,2,0,0,4,5,0,18,0,7,0,0,"","red.ancestor.firsthunter",0,2,0,6,0,8,5,1,0,0,0,0,0,3,0,2,0,0,5,0,5,0,5,0,0,0,4,0,27,24,0,0,0,0,0,4,0,0,1,2,15,3,0,1,4,15
game-241,241,"red-hunter-evolution","iron-hyena-pack-pressure",False,18,5,3,1,3,8,5,10,13,1,1,0,0,0,0,2,2,0,1,0,1,0,2,0,2,0,1,1,5,0,7,0,3,0,0,"","red.ancestor.firsthunter",0,0,0,2,0,6,6,0,0,0,0,0,0,8,0,5,0,0,5,0,5,0,5,0,0,0,3,0,23,18,0,0,0,0,0,3,0,0,1,1,7,3,1,0,9,6
game-242,242,"red-hunter-evolution","iron-hyena-pack-pressure",False,23,6,3,2,3,9,10,10,18,2,1,1,0,0,0,4,3,1,1,0,1,2,4,2,3,1,1,0,6,0,14,0,6,0,0,"","red.ancestor.firsthunter",0,0,0,2,0,7,3,0,0,0,0,0,0,4,0,4,0,0,11,0,11,0,11,0,2,0,6,0,33,24,0,0,0,2,0,5,0,0,1,2,5,3,0,1,7,15
game-243,243,"iron-hyena-pack-pressure","red-hunter-evolution",False,28,7,1,3,3,9,7,9,23,3,1,2,0,0,0,3,1,2,1,0,1,4,6,4,6,1,1,2,5,0,22,0,9,0,0,"","red.ancestor.firsthunter",0,2,0,6,0,10,1,2,0,0,0,0,0,5,0,4,0,0,16,0,16,0,16,0,2,0,9,0,44,28,0,0,0,1,3,5,0,0,2,2,15,3,1,1,22,5
game-244,244,"iron-hyena-pack-pressure","red-hunter-evolution",False,11,3,0,3,3,8,7,9,,1,0,1,0,0,0,0,0,0,0,0,0,2,0,2,0,0,0,0,0,0,1,0,1,0,0,"","red.ancestor.firsthunter",0,0,0,2,0,1,0,0,0,0,0,0,0,0,0,0,0,0,5,0,5,0,5,0,1,0,3,0,17,10,0,0,0,1,0,0,0,0,0,0,5,3,1,1,13,7
game-245,245,"iron-hyena-pack-pressure","red-hunter-evolution",False,17,5,0,3,3,9,7,13,,2,1,1,0,0,0,2,2,0,0,0,0,4,0,3,0,0,0,1,2,0,4,0,2,0,0,"","red.ancestor.grandmother",0,1,0,4,0,4,1,3,0,0,0,0,1,4,1,3,0,0,9,0,9,0,9,0,1,0,5,0,27,16,0,0,0,2,0,1,0,0,1,1,,3,1,1,16,0
game-246,246,"iron-hyena-pack-pressure","red-hunter-evolution",False,19,5,0,3,3,8,12,10,,2,1,1,0,0,0,2,2,0,0,0,0,2,0,2,0,1,0,2,7,0,9,0,4,0,0,"","red.ancestor.firsthunter",0,0,0,2,0,3,0,0,0,0,0,0,1,3,1,3,0,0,13,0,13,0,13,0,6,0,6,0,33,18,0,0,0,1,1,2,0,0,1,1,,3,1,1,11,0
game-247,247,"iron-hyena-pack-pressure","red-hunter-evolution",False,24,6,0,3,3,9,7,9,,3,1,2,0,0,0,2,1,1,0,0,0,4,2,4,2,0,1,2,6,0,27,0,9,0,0,"","red.ancestor.firsthunter",0,0,0,2,0,8,1,0,0,0,0,0,1,2,1,2,0,0,11,0,11,0,11,0,5,0,7,0,35,24,0,0,0,2,3,4,0,0,1,2,,3,0,0,24,0
game-248,248,"red-hunter-evolution","iron-hyena-pack-pressure",False,34,9,3,2,3,9,7,10,29,4,4,0,0,0,0,5,3,2,1,0,1,0,6,0,6,0,0,3,7,0,25,0,10,0,0,"","red.ancestor.firsthunter",0,3,0,8,0,13,5,2,0,0,0,0,0,13,0,10,0,0,18,0,18,0,18,0,1,0,11,0,52,34,0,0,0,1,1,12,0,0,2,3,15,3,1,0,20,14
game-249,249,"red-hunter-evolution","iron-hyena-pack-pressure",False,21,6,3,2,3,11,7,7,,1,0,1,0,0,0,3,2,1,0,0,0,2,2,2,2,0,2,2,0,0,8,0,5,0,0,"","red.ancestor.firsthunter",0,0,0,2,0,7,7,0,0,0,0,0,1,15,1,8,0,0,10,0,10,0,10,0,1,0,7,0,30,22,0,0,0,1,0,4,0,0,1,1,10,3,0,1,9,32
game-250,250,"red-hunter-evolution","iron-hyena-pack-pressure",False,21,6,3,1,3,11,7,12,18,0,0,0,0,0,0,2,2,0,1,0,1,0,2,0,2,0,0,1,4,0,4,0,3,0,0,"","red.ancestor.firsthunter",0,2,0,6,0,7,1,1,0,0,0,0,1,6,1,5,0,0,5,0,5,0,5,0,0,0,5,0,25,22,0,0,0,0,0,4,0,1,1,1,5,3,0,1,1,32
game-251,251,"red-hunter-evolution","iron-hyena-pack-pressure",False,20,5,3,2,3,11,5,9,18,2,1,1,0,0,0,2,2,0,1,0,1,2,4,2,4,1,0,2,5,0,4,0,2,0,0,"","red.ancestor.grandmother",0,1,0,4,0,7,7,2,0,0,0,0,1,6,1,4,0,0,10,0,10,0,10,0,2,0,6,0,30,20,0,0,0,1,0,2,0,0,1,1,13,3,1,0,18,15
game-252,252,"iron-hyena-pack-pressure","red-hunter-evolution",False,18,5,0,3,3,9,5,6,,2,0,2,0,0,0,1,1,0,0,0,0,6,0,5,0,1,0,0,3,0,11,0,4,0,0,"","red.ancestor.grandmother",0,1,0,4,0,6,1,1,0,0,0,0,1,1,1,1,0,0,7,0,7,0,7,0,1,0,5,0,25,18,0,0,0,3,0,1,0,0,1,1,,3,1,1,13,0
game-253,253,"iron-hyena-pack-pressure","red-hunter-evolution",False,16,4,0,3,3,9,7,10,,1,0,1,0,0,0,1,1,0,0,0,0,4,0,3,0,1,0,0,0,0,5,0,3,0,0,"","red.ancestor.firsthunter",0,2,0,6,0,4,0,1,0,0,0,0,0,2,0,2,0,0,12,0,11,0,11,0,2,0,5,0,27,16,0,0,0,1,2,0,0,0,1,1,5,3,0,0,13,4
game-254,254,"iron-hyena-pack-pressure","red-hunter-evolution",False,32,8,2,3,3,9,10,11,,5,2,3,0,0,0,4,3,1,0,0,0,8,12,6,4,3,0,2,5,0,13,0,6,0,0,"","red.ancestor.firsthunter",0,3,0,8,0,11,2,4,0,0,0,0,1,6,1,5,0,0,20,0,19,0,19,0,2,0,12,0,51,32,0,0,0,3,0,5,0,0,2,2,5,3,0,0,20,21
game-255,255,"iron-hyena-pack-pressure","red-hunter-evolution",False,16,4,1,3,3,8,10,9,,1,0,1,0,0,0,2,2,0,0,0,0,2,0,2,0,0,0,0,3,0,2,0,1,0,0,"","red.ancestor.firsthunter",0,0,0,2,0,3,2,0,0,0,0,0,0,3,0,3,0,0,13,0,12,0,12,0,1,0,6,0,28,16,0,0,0,1,0,2,0,0,1,1,13,3,0,0,19,5
game-256,256,"red-hunter-evolution","iron-hyena-pack-pressure",False,34,9,3,1,3,9,7,11,34,3,2,1,0,0,0,4,2,2,1,0,1,2,8,2,8,0,1,5,3,0,29,0,11,0,0,"","red.ancestor.firsthunter",0,3,0,8,0,13,4,0,2,0,0,0,0,1,0,1,0,0,17,0,17,0,17,0,1,0,11,0,51,34,0,0,0,1,0,13,0,0,2,3,13,3,1,0,5,15
game-257,257,"red-hunter-evolution","iron-hyena-pack-pressure",False,34,9,3,1,3,7,10,10,15,2,1,1,0,0,0,4,1,3,1,0,1,2,12,2,10,0,1,0,3,0,22,0,10,0,0,"","red.ancestor.firsthunter",0,2,0,6,0,12,6,2,0,0,0,0,2,18,2,12,0,0,19,0,19,0,19,0,3,0,10,0,53,34,0,0,0,2,0,12,0,0,2,3,4,3,1,0,9,11
game-258,258,"red-hunter-evolution","iron-hyena-pack-pressure",False,20,5,3,2,3,7,10,12,20,2,1,1,0,0,0,2,2,0,1,0,1,2,2,2,2,1,0,1,7,0,9,0,4,0,0,"","red.ancestor.firsthunter",0,0,0,2,0,5,3,0,0,0,0,0,0,5,0,4,0,0,11,0,11,0,11,0,2,0,5,0,31,20,0,0,0,2,0,1,0,0,1,1,5,3,1,0,9,15
game-259,259,"iron-hyena-pack-pressure","red-hunter-evolution",False,11,3,0,3,3,8,10,6,,1,0,1,0,0,0,0,0,0,0,0,0,2,0,2,0,0,0,0,2,0,2,0,1,0,0,"","red.ancestor.firsthunter",0,0,0,2,0,0,0,0,0,0,0,0,0,1,0,1,0,0,6,0,6,0,6,0,1,0,4,0,18,10,0,0,0,1,0,0,0,0,0,0,,3,1,1,20,0
game-260,260,"iron-hyena-pack-pressure","red-hunter-evolution",False,27,7,1,3,3,9,12,14,,3,1,2,0,0,0,3,2,1,0,0,0,4,2,4,2,2,1,2,4,0,21,0,7,0,0,"","red.ancestor.grandmother",0,4,0,10,0,7,1,2,0,0,0,0,0,9,0,6,0,0,16,0,16,0,16,0,2,0,11,0,44,26,0,0,0,3,3,4,0,0,2,2,7,3,1,1,13,0
game-261,261,"iron-hyena-pack-pressure","red-hunter-evolution",False,19,5,0,3,3,8,10,12,,2,1,1,0,0,0,2,2,0,0,0,0,2,0,2,0,2,1,1,5,0,9,0,5,0,0,"","red.ancestor.firsthunter",0,0,0,2,0,4,3,0,0,0,0,0,2,7,2,3,0,0,10,0,10,0,10,0,1,0,7,0,30,18,0,0,0,1,0,2,0,0,1,1,18,3,1,1,18,0
game-262,262,"iron-hyena-pack-pressure","red-hunter-evolution",False,19,5,1,3,3,9,10,7,15,2,0,2,0,0,0,2,1,1,1,0,1,4,4,3,4,0,0,0,3,0,14,0,5,0,0,"","red.ancestor.firsthunter",0,0,0,2,0,4,1,0,0,0,0,0,0,5,0,5,0,0,14,0,14,0,14,0,4,0,7,0,34,18,0,0,0,3,0,3,0,0,1,1,7,3,1,1,15,5
game-263,263,"iron-hyena-pack-pressure","red-hunter-evolution",False,25,7,2,3,3,11,10,13,,2,1,1,0,0,0,2,2,0,0,0,0,2,0,2,0,1,0,0,8,0,11,0,6,0,0,"","red.ancestor.firsthunter",0,3,0,8,0,7,1,2,1,0,0,0,5,7,2,6,0,0,12,0,12,0,12,0,3,0,7,0,38,24,0,0,0,0,1,4,1,1,1,2,4,3,1,1,21,8
game-264,264,"iron-hyena-pack-pressure","red-hunter-evolution",False,22,6,1,3,3,8,10,11,18,1,0,1,0,0,0,2,1,1,1,0,1,2,4,2,4,0,1,0,3,0,19,0,7,0,0,"","red.ancestor.firsthunter",0,1,0,4,0,6,1,2,0,0,0,0,0,5,0,5,0,0,12,0,12,0,12,0,2,0,8,0,34,22,0,0,0,2,2,2,0,0,1,2,15,3,0,0,18,4
game-265,265,"iron-hyena-pack-pressure","red-hunter-evolution",False,19,5,0,3,3,8,7,9,,2,0,2,0,0,0,1,1,0,0,0,0,6,0,6,0,0,0,0,1,0,20,0,6,0,0,"","red.ancestor.firsthunter",0,1,0,4,0,5,0,1,0,0,0,0,0,3,0,3,0,0,8,0,8,0,8,0,2,0,6,0,28,18,0,0,0,1,2,2,0,0,1,1,,3,1,1,20,0
game-266,266,"red-hunter-evolution","iron-hyena-pack-pressure",False,21,6,3,1,3,13,10,10,18,1,0,1,0,0,0,2,1,1,1,0,1,4,4,4,4,1,1,0,2,0,7,0,3,0,0,"","red.ancestor.firsthunter",0,0,0,2,0,6,5,0,0,0,0,0,0,7,0,6,0,0,8,0,8,0,8,0,1,0,6,0,28,22,0,0,0,2,1,4,0,0,1,1,5,3,0,1,17,36
game-267,267,"red-hunter-evolution","iron-hyena-pack-pressure",False,34,9,3,2,3,9,7,12,18,3,3,0,0,0,0,4,2,2,1,0,1,0,6,0,6,1,0,2,6,0,28,0,11,0,0,"","red.ancestor.grandmother",0,4,0,10,0,13,3,1,3,0,0,0,1,2,1,2,0,0,19,0,19,0,19,0,1,0,12,0,53,34,0,0,0,2,0,15,0,0,2,3,13,3,1,0,11,12
game-268,268,"iron-hyena-pack-pressure","red-hunter-evolution",False,19,5,0,3,3,9,7,9,,3,0,3,0,0,0,2,1,1,0,0,0,6,2,6,2,0,1,0,3,0,11,0,5,0,0,"","red.ancestor.grandmother",0,1,0,4,0,5,1,2,0,0,0,0,1,1,1,1,0,0,10,0,10,0,10,0,4,0,6,0,30,18,0,0,0,2,0,0,0,0,1,1,,3,1,1,14,0
game-269,269,"iron-hyena-pack-pressure","red-hunter-evolution",False,17,5,0,3,3,9,5,7,,2,0,2,0,0,0,2,1,1,0,0,0,6,2,5,2,1,0,1,0,0,5,0,3,0,0,"","red.ancestor.firsthunter",0,2,0,6,0,5,0,2,0,0,0,0,1,3,1,3,0,0,9,0,9,0,9,0,2,0,7,0,27,16,0,0,0,0,0,2,0,0,1,1,13,3,1,1,22,9
game-270,270,"red-hunter-evolution","iron-hyena-pack-pressure",False,15,4,3,0,3,12,10,10,,1,1,0,0,0,0,2,1,1,0,0,0,0,4,0,4,1,0,0,0,0,4,0,1,0,0,"","red.ancestor.firsthunter",0,0,0,2,0,3,5,0,0,0,0,0,0,3,0,2,0,0,3,0,3,0,3,0,0,0,3,0,17,16,0,0,0,3,0,2,0,0,0,1,5,3,0,1,2,24
game-271,271,"iron-hyena-pack-pressure","red-hunter-evolution",False,17,5,1,3,3,11,7,12,,1,0,1,0,0,0,2,2,0,0,0,0,6,0,2,0,0,0,0,4,0,6,0,4,0,0,"","red.ancestor.firsthunter",0,2,0,6,0,4,1,1,0,0,0,0,0,4,0,4,0,0,9,0,8,0,8,0,0,0,5,0,26,16,0,0,0,0,2,1,0,0,1,1,5,3,1,1,19,9
game-272,272,"red-hunter-evolution","iron-hyena-pack-pressure",False,20,5,3,2,3,9,12,11,,2,1,1,0,0,0,2,2,0,0,0,0,4,0,4,0,1,0,0,3,0,8,0,4,0,0,"","red.ancestor.firsthunter",0,1,0,4,0,4,4,0,0,0,0,0,0,7,0,4,0,0,11,0,11,0,11,0,1,0,6,0,31,20,0,0,0,1,0,1,0,0,1,1,7,3,1,0,16,15
game-273,273,"red-hunter-evolution","iron-hyena-pack-pressure",False,28,7,3,0,3,20,5,13,23,2,2,0,0,0,0,3,2,1,1,0,1,0,6,0,6,0,0,4,4,0,13,0,7,0,0,"","red.ancestor.firsthunter",0,4,0,10,0,11,5,2,0,0,0,0,0,0,0,0,0,0,12,0,12,0,12,0,0,0,8,0,40,28,0,0,0,0,0,12,0,0,2,2,15,3,1,0,3,17
game-274,274,"red-hunter-evolution","iron-hyena-pack-pressure",False,21,6,3,1,3,13,10,12,15,0,0,0,0,0,0,2,1,1,1,0,1,0,4,0,4,0,0,1,4,0,19,0,6,0,0,"","red.ancestor.firsthunter",0,1,0,4,0,6,2,2,0,0,0,0,0,10,0,7,0,0,5,0,5,0,5,0,0,0,5,0,25,22,0,0,0,0,0,5,0,0,1,1,4,3,0,1,6,34
game-275,275,"iron-hyena-pack-pressure","red-hunter-evolution",False,11,3,0,3,3,8,7,11,,1,0,1,0,0,0,0,0,0,0,0,0,6,0,3,0,0,0,0,0,0,4,0,2,0,0,"","red.ancestor.firsthunter",0,0,0,2,0,1,0,0,0,0,0,0,0,0,0,0,0,0,6,0,6,0,6,0,0,0,4,0,18,10,0,0,0,0,0,0,0,0,0,0,,3,1,1,17,0
game-276,276,"iron-hyena-pack-pressure","red-hunter-evolution",False,16,4,0,3,3,8,10,10,,2,0,2,0,0,0,2,2,0,0,0,0,8,0,6,0,0,0,0,2,0,6,0,3,0,0,"","red.ancestor.grandmother",0,1,0,4,0,3,0,1,0,0,0,0,0,5,0,4,0,0,12,0,11,0,11,0,3,0,7,0,27,16,0,0,0,2,1,1,0,0,1,1,,3,0,0,12,0
game-277,277,"iron-hyena-pack-pressure","red-hunter-evolution",False,25,7,1,3,3,11,10,12,15,1,1,0,0,0,0,2,2,0,1,0,1,0,2,0,2,1,1,0,4,0,21,0,8,0,0,"","red.ancestor.firsthunter",0,2,0,6,0,7,1,1,0,0,0,0,1,7,1,7,0,0,13,0,13,0,13,0,0,0,8,0,39,24,0,0,0,1,0,6,0,1,1,1,5,3,1,1,28,12
game-278,278,"iron-hyena-pack-pressure","red-hunter-evolution",False,19,5,1,3,3,6,7,11,,2,0,2,0,0,0,2,2,0,0,0,0,4,0,4,0,0,0,0,4,0,4,0,3,0,0,"","red.ancestor.firsthunter",0,2,0,6,0,5,0,4,0,0,0,0,5,1,2,1,0,0,10,0,10,0,10,0,5,0,6,0,30,18,0,0,0,1,0,2,0,1,1,1,5,3,1,1,20,6
game-279,279,"red-hunter-evolution","iron-hyena-pack-pressure",False,36,9,3,2,3,17,7,7,23,3,3,0,0,0,0,5,1,4,1,0,1,0,12,0,12,0,1,5,4,0,28,0,10,0,0,"","red.ancestor.firsthunter",0,0,0,2,0,14,5,0,0,0,0,0,1,16,1,15,0,0,14,0,14,0,14,0,2,0,8,0,50,36,0,0,0,3,1,13,0,1,2,3,21,3,1,0,20,18
game-280,280,"red-hunter-evolution","iron-hyena-pack-pressure",False,23,6,3,1,5,9,7,11,15,2,0,2,0,0,0,2,1,1,1,0,1,8,4,8,3,0,0,0,4,0,13,0,5,0,0,"","red.ancestor.firsthunter",0,2,0,6,0,8,4,2,0,0,0,0,0,0,0,0,0,0,7,0,7,0,7,0,2,0,5,0,29,24,0,0,0,1,1,8,0,0,1,2,5,6,0,1,8,24
game-281,281,"iron-hyena-pack-pressure","red-hunter-evolution",False,19,5,2,3,3,9,7,10,,2,1,1,0,0,0,2,1,1,0,0,0,4,2,2,2,1,1,3,2,0,3,0,2,0,0,"","red.ancestor.firsthunter",0,1,0,4,0,5,1,3,0,0,0,0,5,3,2,2,0,0,13,0,11,0,11,0,2,0,6,0,31,18,0,0,0,0,0,4,0,1,1,1,12,3,1,1,18,13
game-282,282,"iron-hyena-pack-pressure","red-hunter-evolution",False,24,6,0,3,3,9,7,7,,3,2,1,0,0,0,4,1,3,0,0,0,2,6,2,6,0,0,3,2,0,28,0,9,0,0,"","red.ancestor.firsthunter",0,1,0,4,0,8,0,3,0,0,0,0,0,8,0,8,0,0,14,0,14,0,14,0,2,0,7,0,38,24,0,0,0,3,0,5,0,0,1,2,,3,0,0,19,0
game-283,283,"iron-hyena-pack-pressure","red-hunter-evolution",False,17,5,0,3,3,10,7,6,,2,1,1,0,0,0,1,1,0,0,0,0,2,0,2,0,0,0,1,2,0,15,0,5,0,0,"","red.ancestor.firsthunter",0,0,0,2,0,4,1,0,0,0,0,0,0,1,0,1,0,0,6,0,6,0,6,0,1,0,4,0,24,16,0,0,0,2,0,0,0,0,1,1,15,3,1,1,25,0
game-284,284,"iron-hyena-pack-pressure","red-hunter-evolution",False,33,9,2,3,3,9,7,11,,3,2,1,0,0,0,3,2,1,0,0,0,4,4,4,4,0,0,1,6,0,27,0,11,0,0,"","red.ancestor.grandmother",0,3,0,8,0,12,7,2,0,0,0,0,0,2,0,2,0,0,21,0,19,0,19,0,1,0,11,0,53,32,0,0,0,1,1,10,0,0,2,3,15,3,1,1,32,10
game-285,285,"iron-hyena-pack-pressure","red-hunter-evolution",False,22,6,0,3,3,9,10,9,,2,0,2,0,0,0,2,1,1,0,0,0,4,2,4,2,0,1,1,1,0,8,0,3,0,0,"","red.ancestor.firsthunter",0,2,0,6,0,6,0,2,0,0,0,0,2,3,1,3,0,0,15,0,15,0,15,0,7,0,9,0,37,22,0,0,0,3,2,3,0,0,1,1,5,3,0,0,12,3
game-286,286,"iron-hyena-pack-pressure","red-hunter-evolution",False,17,5,0,3,3,8,7,13,,1,1,0,0,0,0,1,1,0,0,0,0,0,0,0,0,1,0,0,2,0,10,0,4,0,0,"","red.ancestor.firsthunter",0,0,0,2,0,4,0,0,0,0,0,0,0,3,0,3,0,0,7,0,7,0,7,0,1,0,6,0,25,16,0,0,0,2,0,2,0,0,1,1,,3,1,1,24,0
game-287,287,"iron-hyena-pack-pressure","red-hunter-evolution",False,25,7,0,3,3,11,7,10,,4,2,2,0,0,0,3,2,1,0,0,0,6,2,6,2,2,1,1,2,0,12,0,6,0,0,"","red.ancestor.grandmother",0,4,0,10,0,8,0,4,0,0,0,0,0,9,0,8,0,0,16,0,15,0,15,0,3,0,9,0,41,24,0,0,0,3,1,3,0,0,1,2,,3,1,1,14,0
game-288,288,"red-hunter-evolution","iron-hyena-pack-pressure",False,20,5,3,2,3,11,7,10,,1,1,0,0,0,0,2,2,0,0,0,0,0,0,0,0,0,0,3,3,0,2,0,2,0,0,"","red.ancestor.firsthunter",0,0,0,2,0,6,6,0,0,0,0,0,5,6,2,5,0,0,13,0,12,0,12,0,1,0,6,0,32,20,0,0,0,1,0,3,0,0,1,1,5,3,1,0,21,13
game-289,289,"red-hunter-evolution","iron-hyena-pack-pressure",False,31,8,3,2,3,9,7,13,23,2,2,0,0,0,0,3,3,0,1,0,1,0,2,0,2,0,0,1,7,0,15,0,7,0,0,"","red.ancestor.grandmother",0,3,0,8,0,12,6,2,0,0,0,0,0,8,0,6,0,0,21,0,20,0,20,0,2,0,11,0,50,32,0,0,0,3,3,15,0,0,2,2,15,3,0,1,12,18
game-290,290,"iron-hyena-pack-pressure","red-hunter-evolution",False,22,6,2,3,3,9,7,11,,2,0,2,0,0,0,2,2,0,0,0,0,6,0,6,0,0,0,0,3,0,8,0,4,0,0,"","red.ancestor.firsthunter",0,2,0,6,0,7,3,2,0,0,0,0,1,7,1,5,0,0,15,0,15,0,15,0,4,0,6,0,37,22,0,0,0,0,1,2,0,0,1,1,13,3,0,0,15,12
game-291,291,"iron-hyena-pack-pressure","red-hunter-evolution",False,16,4,0,3,3,6,7,11,,1,0,1,0,0,0,1,0,1,0,0,0,4,2,4,2,1,1,0,4,0,9,0,5,0,0,"","red.ancestor.grandmother",0,3,0,8,0,4,1,1,0,0,0,0,0,7,0,4,0,0,9,0,9,0,9,0,1,0,6,0,25,16,0,0,0,0,0,1,0,0,1,1,13,3,0,0,16,4
game-292,292,"iron-hyena-pack-pressure","red-hunter-evolution",False,17,5,0,3,3,9,7,11,,2,0,2,0,0,0,2,1,1,0,0,0,6,2,5,2,0,1,1,0,0,6,0,3,0,0,"","red.ancestor.firsthunter",0,2,0,6,0,4,1,1,0,0,0,0,1,2,1,2,0,0,8,0,8,0,8,0,3,0,5,0,26,16,0,0,0,1,0,2,0,0,1,1,15,3,1,1,26,0
game-293,293,"iron-hyena-pack-pressure","red-hunter-evolution",False,25,7,1,3,3,11,7,6,18,4,1,3,0,0,0,3,1,2,1,0,1,6,6,6,6,1,1,1,4,0,6,0,4,0,0,"","red.ancestor.grandmother",0,1,0,4,0,8,4,2,0,0,0,0,2,4,2,4,0,0,15,0,15,0,15,0,7,0,9,0,41,24,0,0,0,2,1,4,0,0,1,1,15,3,1,1,20,0
game-294,294,"iron-hyena-pack-pressure","red-hunter-evolution",False,19,5,2,3,3,9,7,10,18,2,0,2,0,0,0,1,1,0,1,0,1,4,2,4,2,0,0,0,2,0,6,0,3,0,0,"","red.ancestor.firsthunter",0,0,0,2,0,5,3,0,0,0,0,0,1,5,1,4,0,0,11,0,10,0,10,0,3,0,6,0,30,18,0,0,0,0,2,2,0,1,1,1,5,3,1,1,14,19
game-295,295,"iron-hyena-pack-pressure","red-hunter-evolution",False,16,4,0,3,3,9,5,10,,0,0,0,0,0,0,2,2,0,0,0,0,0,0,0,0,0,0,0,2,0,9,0,4,0,0,"","red.ancestor.firsthunter",0,2,0,6,0,5,0,1,0,0,0,0,0,5,0,5,0,0,9,0,9,0,9,0,2,0,6,0,25,16,0,0,0,1,1,2,0,0,1,1,,3,0,0,9,0
game-296,296,"red-hunter-evolution","iron-hyena-pack-pressure",False,26,7,3,2,3,5,12,12,18,3,0,3,0,0,0,3,2,1,1,0,1,16,4,10,4,0,1,1,5,0,9,0,6,0,0,"","red.ancestor.firsthunter",0,0,0,2,0,7,6,0,0,0,0,0,11,5,4,5,0,0,17,0,16,0,16,0,7,0,9,0,42,26,0,0,0,3,1,6,0,3,1,2,4,3,1,0,16,28
game-297,297,"red-hunter-evolution","iron-hyena-pack-pressure",False,29,8,3,2,3,8,7,9,26,2,1,1,0,0,0,2,2,0,1,0,1,2,2,2,2,0,0,3,2,0,18,0,8,0,0,"","red.ancestor.firsthunter",0,2,0,6,0,11,5,1,0,0,0,0,0,0,0,0,0,0,15,0,15,0,15,0,1,0,10,0,43,30,0,0,0,1,0,9,0,0,2,2,13,3,0,1,16,23
game-298,298,"iron-hyena-pack-pressure","red-hunter-evolution",False,27,7,0,3,3,22,7,15,,2,0,2,0,0,0,2,0,2,0,0,0,6,4,6,4,0,2,1,1,0,28,0,10,0,0,"","red.ancestor.firsthunter",0,3,0,8,0,9,0,2,0,0,0,0,0,4,0,4,0,0,14,0,14,0,14,0,4,0,8,0,42,26,0,0,0,1,2,5,0,0,2,2,,3,1,1,18,0
game-299,299,"iron-hyena-pack-pressure","red-hunter-evolution",False,24,6,2,3,3,9,7,11,20,2,0,2,0,0,0,2,2,0,1,0,1,4,2,4,2,0,0,1,7,0,16,0,7,0,0,"","red.ancestor.firsthunter",0,2,0,6,0,8,5,1,0,0,0,0,1,7,1,5,0,0,12,0,12,0,12,0,2,0,8,0,36,24,0,0,0,2,1,2,0,0,1,2,13,3,0,0,20,15
game-300,300,"iron-hyena-pack-pressure","red-hunter-evolution",False,22,6,2,3,3,9,10,12,,1,1,0,0,0,0,2,2,0,0,0,0,0,0,0,0,1,0,2,1,0,8,0,5,0,0,"","red.ancestor.firsthunter",0,0,0,2,0,6,5,0,0,0,0,0,0,6,0,5,0,0,11,0,11,0,11,0,3,0,7,0,33,22,0,0,0,2,4,3,0,0,1,1,7,3,0,0,15,19
game-301,301,"red-hunter-evolution","iron-hyena-pack-pressure",False,31,8,3,1,3,9,5,10,29,2,2,0,0,0,0,4,3,1,1,0,1,0,4,0,4,0,1,1,4,0,26,0,11,0,0,"","red.ancestor.firsthunter",0,5,0,12,0,13,3,4,0,0,0,0,2,4,0,3,1,0,17,0,17,0,17,0,4,0,8,0,47,32,0,0,0,1,2,11,0,0,2,2,12,3,0,1,11,16
game-302,302,"iron-hyena-pack-pressure","red-hunter-evolution",False,19,5,2,3,3,8,10,11,,1,0,1,0,0,0,1,1,0,0,0,0,2,0,2,0,0,0,0,2,0,12,0,5,0,0,"","red.ancestor.firsthunter",0,2,0,6,0,4,3,1,0,0,0,0,2,2,1,2,0,0,11,0,11,0,11,0,3,0,7,0,31,18,0,0,0,2,0,1,0,1,1,1,13,3,1,1,20,10
game-303,303,"iron-hyena-pack-pressure","red-hunter-evolution",False,25,7,0,3,3,9,5,9,23,2,1,1,0,0,0,2,1,1,1,0,1,2,8,2,6,0,0,0,2,0,26,0,9,0,0,"","red.ancestor.firsthunter",0,1,0,4,0,9,1,0,1,0,0,0,0,2,0,2,0,0,16,0,16,0,16,0,5,0,9,0,42,24,0,0,0,1,0,5,0,0,1,2,21,3,1,1,20,5
game-304,304,"iron-hyena-pack-pressure","red-hunter-evolution",False,22,6,2,3,3,9,5,10,20,2,1,1,0,0,0,2,1,1,1,0,1,2,4,2,4,1,1,0,3,0,18,0,7,0,0,"","red.ancestor.firsthunter",0,0,0,2,0,8,5,0,0,0,0,0,1,1,1,1,0,0,9,0,9,0,9,0,2,0,5,0,31,22,0,0,0,0,1,2,0,0,1,1,13,3,0,0,15,18
game-305,305,"iron-hyena-pack-pressure","red-hunter-evolution",False,24,6,1,3,3,9,10,11,,2,0,2,0,0,0,2,1,1,0,0,0,4,2,4,2,0,0,2,9,0,22,0,8,0,0,"","red.ancestor.firsthunter",0,3,0,8,0,7,2,2,0,0,0,0,2,4,2,3,0,0,10,0,10,0,10,0,3,0,7,0,34,24,0,0,0,1,0,2,0,0,1,1,5,3,0,0,15,7
game-306,306,"iron-hyena-pack-pressure","red-hunter-evolution",False,27,7,2,3,3,11,5,9,,3,0,3,0,0,0,2,2,0,0,0,0,6,0,6,0,1,0,2,3,0,23,0,11,0,0,"","red.ancestor.firsthunter",0,0,0,2,0,10,6,0,0,0,0,0,5,2,3,2,0,0,13,0,13,0,13,0,6,0,9,0,41,26,0,0,0,2,1,3,0,1,2,2,20,3,1,1,21,13
game-307,307,"iron-hyena-pack-pressure","red-hunter-evolution",False,17,5,0,3,3,8,5,12,,1,0,1,0,0,0,1,1,0,0,0,0,4,0,4,0,0,0,0,4,0,11,0,5,0,0,"","red.ancestor.firsthunter",0,0,0,2,0,5,2,0,0,0,0,0,1,1,1,1,0,0,10,0,10,0,10,0,3,0,7,0,28,16,0,0,0,2,0,0,0,0,1,1,13,3,1,1,15,5
game-308,308,"iron-hyena-pack-pressure","red-hunter-evolution",False,25,7,1,3,3,9,7,9,18,4,1,3,0,0,0,2,1,1,1,0,1,8,4,6,4,0,0,0,6,0,19,0,7,0,0,"","red.ancestor.grandmother",0,2,0,6,0,8,2,3,0,0,0,0,0,6,0,5,0,0,13,0,12,0,12,0,5,0,7,0,38,24,0,0,0,1,3,2,0,0,1,2,15,3,1,1,17,8
game-309,309,"iron-hyena-pack-pressure","red-hunter-evolution",False,17,5,0,3,3,9,5,13,,1,0,1,0,0,0,2,2,0,0,0,0,2,0,2,0,0,1,0,6,0,9,0,4,0,0,"","red.ancestor.firsthunter",0,1,0,4,0,5,2,1,0,0,0,0,0,4,0,4,0,0,9,0,9,0,9,0,1,0,6,0,27,16,0,0,0,0,1,1,0,0,1,1,7,3,1,1,23,0
game-310,310,"iron-hyena-pack-pressure","red-hunter-evolution",False,25,7,0,3,3,9,7,10,,0,0,0,0,0,0,3,3,0,0,0,0,0,0,0,0,1,1,0,4,0,19,0,6,0,0,"","red.ancestor.firsthunter",0,2,0,6,0,8,0,1,0,0,0,0,0,6,0,6,0,0,9,0,9,0,9,0,2,0,7,0,35,24,0,0,0,3,0,2,0,0,1,1,5,3,1,1,27,3
game-311,311,"red-hunter-evolution","iron-hyena-pack-pressure",False,29,8,3,2,3,9,7,10,,3,1,2,0,0,0,3,2,1,0,0,0,6,4,6,2,0,0,2,8,0,12,0,6,0,0,"","red.ancestor.firsthunter",0,2,0,6,0,11,8,1,0,0,0,0,5,10,3,7,1,0,19,0,18,0,18,0,2,0,9,0,46,30,0,0,0,3,3,8,0,2,2,2,12,3,0,1,13,24
game-312,312,"iron-hyena-pack-pressure","red-hunter-evolution",False,19,5,0,3,3,11,5,7,,2,1,1,0,0,0,1,0,1,0,0,0,2,2,1,2,1,0,1,0,0,17,0,6,0,0,"","red.ancestor.firsthunter",0,2,0,6,0,6,0,2,0,0,0,0,0,2,0,2,0,0,12,0,12,0,12,0,4,0,6,0,32,18,0,0,0,1,0,2,0,0,1,1,,3,1,1,10,0
game-313,313,"iron-hyena-pack-pressure","red-hunter-evolution",False,25,7,1,3,3,10,10,10,,3,1,2,0,0,0,3,3,0,0,0,0,4,0,4,0,1,1,1,3,0,22,0,7,0,0,"","red.ancestor.firsthunter",0,2,0,6,0,7,3,2,0,0,0,0,2,3,2,3,0,0,12,0,12,0,12,0,2,0,7,0,38,24,0,0,0,2,1,2,0,0,1,1,4,3,1,1,19,11
game-314,314,"red-hunter-evolution","iron-hyena-pack-pressure",False,31,8,3,2,3,9,7,10,31,3,2,1,0,0,0,4,3,1,1,0,1,2,6,2,5,0,1,5,3,0,13,0,7,0,0,"","red.ancestor.firsthunter",0,2,0,6,0,12,7,0,2,0,0,0,0,4,0,4,0,0,16,0,16,0,16,0,1,0,12,0,46,32,0,0,0,1,1,8,0,0,2,2,18,3,0,1,12,20
game-315,315,"iron-hyena-pack-pressure","red-hunter-evolution",False,24,6,0,3,3,9,10,10,,2,1,1,0,0,0,3,1,2,0,0,0,4,4,4,4,1,1,1,1,0,31,0,8,0,0,"","red.ancestor.firsthunter",0,3,0,8,0,7,1,2,0,0,0,0,0,4,0,4,0,0,12,0,12,0,12,0,2,0,7,0,36,24,0,0,0,1,1,3,0,0,1,2,23,3,0,0,23,0
game-316,316,"iron-hyena-pack-pressure","red-hunter-evolution",False,41,11,1,3,3,9,10,10,,5,2,3,0,0,0,7,3,4,0,0,0,6,10,6,10,0,2,2,4,0,24,0,7,0,0,"","red.ancestor.firsthunter",0,3,0,8,0,15,2,8,0,0,0,0,3,9,2,8,1,0,23,0,23,0,23,0,8,0,15,0,65,40,0,0,0,3,6,11,0,0,3,3,13,3,1,1,23,7
game-317,317,"red-hunter-evolution","iron-hyena-pack-pressure",False,37,10,3,2,3,9,5,10,,4,2,2,0,0,0,6,3,3,0,0,0,4,12,4,8,0,3,3,6,0,28,0,11,0,0,"","red.ancestor.firsthunter",0,6,0,14,0,16,7,4,3,0,0,0,2,8,1,7,1,0,21,0,21,0,21,0,4,0,14,0,57,38,1,0,0,1,2,13,0,0,2,3,20,3,0,1,16,25
game-318,318,"iron-hyena-pack-pressure","red-hunter-evolution",False,19,5,0,3,3,9,7,13,18,1,1,0,0,0,0,1,1,0,1,0,1,0,2,0,2,0,0,1,7,0,14,0,6,0,0,"","red.ancestor.firsthunter",0,0,0,2,0,5,1,0,0,0,0,0,0,2,0,2,0,0,7,0,7,0,7,0,1,0,4,0,27,18,0,0,0,2,0,1,0,0,1,1,15,3,1,1,18,0
game-319,319,"iron-hyena-pack-pressure","red-hunter-evolution",False,25,7,1,3,3,9,7,11,15,2,1,1,0,0,0,3,2,1,1,0,1,2,4,2,4,0,1,6,3,0,16,0,7,0,0,"","red.ancestor.firsthunter",0,2,0,6,0,8,2,0,2,0,0,0,0,7,0,7,0,0,10,0,10,0,10,0,1,0,6,0,36,24,0,0,0,2,0,5,0,0,1,2,13,3,1,1,18,9
game-320,320,"iron-hyena-pack-pressure","red-hunter-evolution",False,25,7,0,3,3,11,5,7,,2,0,2,0,0,0,3,1,2,0,0,0,4,4,4,4,0,0,1,3,0,18,0,7,0,0,"","red.ancestor.firsthunter",0,2,0,6,0,9,0,3,0,0,0,0,4,3,2,3,0,0,12,0,12,0,12,0,6,0,9,0,38,24,0,0,0,0,2,4,0,0,1,1,15,3,1,1,17,0
game-321,321,"red-hunter-evolution","iron-hyena-pack-pressure",False,21,6,3,1,3,13,10,12,,2,1,1,0,0,0,2,2,0,0,0,0,2,0,2,0,2,0,1,7,0,14,0,6,0,0,"","red.ancestor.firsthunter",0,0,0,2,0,6,6,0,0,0,0,0,1,4,1,3,0,0,8,0,8,0,8,0,1,0,6,0,28,22,0,0,0,0,0,0,0,0,1,1,5,3,0,1,11,24
game-322,322,"red-hunter-evolution","iron-hyena-pack-pressure",False,34,9,3,1,3,9,7,9,31,4,2,2,0,0,0,3,1,2,1,0,1,4,6,4,6,1,0,3,2,0,16,0,8,0,0,"","red.ancestor.firsthunter",0,3,0,8,0,13,5,3,0,0,0,0,1,11,1,6,0,0,19,0,19,0,19,0,2,0,12,0,53,34,0,0,0,0,2,14,0,0,2,3,13,3,1,0,17,17
game-323,323,"iron-hyena-pack-pressure","red-hunter-evolution",False,19,5,0,3,3,9,10,10,,1,0,1,0,0,0,1,1,0,0,0,0,2,0,2,0,0,0,0,0,0,16,0,5,0,0,"","red.ancestor.firsthunter",0,3,0,8,0,4,0,2,0,0,0,0,0,3,0,3,0,0,10,0,10,0,10,0,1,0,6,0,30,18,0,0,0,0,1,0,0,0,1,1,5,3,1,1,16,6
game-324,324,"iron-hyena-pack-pressure","red-hunter-evolution",False,17,5,0,3,3,9,7,6,,1,0,1,0,0,0,0,0,0,0,0,0,2,0,2,0,0,0,0,0,0,12,0,4,0,0,"","red.ancestor.firsthunter",0,1,0,4,0,4,0,1,0,0,0,0,0,2,0,2,0,0,10,0,10,0,10,0,2,0,6,0,28,16,0,0,0,2,0,0,0,0,1,1,,3,1,1,18,0
game-325,325,"iron-hyena-pack-pressure","red-hunter-evolution",False,33,9,2,3,3,9,10,17,23,3,1,2,0,0,0,2,2,0,1,0,1,6,2,6,2,0,0,2,2,0,28,0,8,0,0,"","red.ancestor.firsthunter",0,4,0,10,0,11,6,2,0,0,0,0,1,13,1,10,0,0,17,0,17,0,17,0,4,0,12,0,51,32,0,0,0,3,0,7,0,1,2,3,21,3,1,1,16,23
game-326,326,"iron-hyena-pack-pressure","red-hunter-evolution",False,19,5,0,3,3,9,7,19,,1,0,1,0,0,0,0,0,0,0,0,0,2,0,1,0,1,0,0,0,0,17,0,6,0,0,"","red.ancestor.firsthunter",0,2,0,6,0,5,0,1,0,0,0,0,0,3,0,2,0,0,11,0,10,0,10,0,3,0,6,0,30,18,1,0,0,1,0,2,0,0,1,1,,3,1,1,14,0
game-327,327,"iron-hyena-pack-pressure","red-hunter-evolution",False,25,7,1,3,3,13,5,10,15,2,0,2,0,0,0,2,2,0,1,0,1,6,2,6,2,0,1,1,1,0,21,0,8,0,0,"","red.ancestor.firsthunter",0,2,0,6,0,9,4,1,0,0,0,0,2,7,2,6,0,0,14,0,14,0,14,0,3,0,8,0,40,24,0,0,0,0,1,4,0,0,1,2,12,3,1,1,15,14
game-328,328,"iron-hyena-pack-pressure","red-hunter-evolution",False,17,5,0,3,3,9,5,10,,1,0,1,0,0,0,1,1,0,0,0,0,4,0,3,0,0,0,0,0,0,6,0,3,0,0,"","red.ancestor.firsthunter",0,1,0,4,0,5,0,1,0,0,0,0,0,2,0,2,0,0,10,0,10,0,10,0,0,0,6,0,28,16,0,0,0,1,1,2,0,0,1,1,,3,1,1,17,0
game-329,329,"iron-hyena-pack-pressure","red-hunter-evolution",False,25,7,1,3,3,6,5,10,,3,1,2,0,0,0,3,3,0,0,0,0,6,0,6,0,0,0,1,3,0,17,0,7,0,0,"","red.ancestor.firsthunter",0,2,0,6,0,9,2,2,0,0,0,0,0,5,0,5,0,0,12,0,12,0,12,0,3,0,7,0,38,24,0,0,0,2,2,2,0,0,1,2,21,3,1,1,19,5
game-330,330,"iron-hyena-pack-pressure","red-hunter-evolution",False,14,4,0,3,3,9,10,11,,1,0,1,0,0,0,1,1,0,0,0,0,2,0,1,0,0,0,1,4,0,8,0,3,0,0,"","red.ancestor.grandmother",0,1,0,4,0,2,1,1,0,0,0,0,0,1,0,1,0,0,7,0,7,0,7,0,1,0,4,0,21,14,0,0,0,1,0,0,0,0,0,1,13,3,0,0,10,5
game-331,331,"iron-hyena-pack-pressure","red-hunter-evolution",False,19,5,1,3,3,6,10,11,,1,0,1,0,0,0,2,1,1,0,0,0,2,2,2,2,0,1,0,5,0,8,0,4,0,0,"","red.ancestor.grandmother",0,2,0,6,0,4,1,3,0,0,0,0,0,3,0,3,0,0,7,0,7,0,7,0,1,0,6,0,27,18,0,0,0,1,1,2,0,0,1,1,15,3,1,1,15,0
game-332,332,"iron-hyena-pack-pressure","red-hunter-evolution",False,33,9,1,3,3,9,7,11,18,3,1,2,0,0,0,3,1,2,1,0,1,4,8,4,8,0,1,4,4,0,37,0,13,0,0,"","red.ancestor.grandmother",0,1,0,4,0,12,2,1,0,0,0,0,0,9,0,8,0,0,15,0,15,0,15,0,3,0,11,0,49,32,1,0,0,2,0,6,0,0,2,3,15,3,1,1,21,4
game-333,333,"iron-hyena-pack-pressure","red-hunter-evolution",False,16,4,0,3,3,9,10,15,,1,0,1,0,0,0,1,1,0,0,0,0,2,0,1,0,0,0,0,8,0,7,0,3,0,0,"","red.ancestor.firsthunter",0,0,0,2,0,3,0,0,0,0,0,0,0,3,0,2,0,0,9,0,8,0,8,0,1,0,4,0,24,16,0,0,0,1,0,0,0,0,1,1,,3,0,0,18,0
game-334,334,"iron-hyena-pack-pressure","red-hunter-evolution",False,34,9,1,3,3,9,10,9,31,4,1,3,0,0,0,4,3,1,1,0,1,6,6,6,6,1,2,1,9,0,33,0,12,0,0,"","red.ancestor.firsthunter",0,4,0,10,0,12,2,3,0,0,0,0,0,9,0,8,0,0,22,0,22,0,22,0,5,0,14,0,56,34,0,0,0,3,0,7,0,0,2,3,15,3,1,1,12,10
game-335,335,"red-hunter-evolution","iron-hyena-pack-pressure",False,28,7,3,0,3,20,5,7,,2,2,0,0,0,0,4,1,3,0,0,0,0,8,0,8,0,0,1,3,0,15,0,7,0,0,"","red.ancestor.firsthunter",0,3,0,8,0,11,6,2,0,0,0,0,0,0,0,0,0,0,13,0,13,0,13,0,0,0,10,0,41,28,0,0,0,1,1,12,0,0,2,2,10,3,1,0,8,21
game-336,336,"red-hunter-evolution","iron-hyena-pack-pressure",False,20,5,3,2,3,9,7,10,18,1,1,0,0,0,0,2,2,0,1,0,1,0,2,0,2,0,0,1,2,0,11,0,5,0,0,"","red.ancestor.firsthunter",0,1,0,4,0,6,3,0,1,0,0,0,0,10,0,9,0,0,10,0,10,0,10,0,0,0,5,0,30,20,0,0,0,1,1,6,0,0,1,1,5,3,1,0,9,23
game-337,337,"iron-hyena-pack-pressure","red-hunter-evolution",False,17,5,0,3,3,9,7,11,,3,1,2,0,0,0,1,1,0,0,0,0,6,0,6,0,1,0,0,3,0,5,0,3,0,0,"","red.ancestor.grandmother",0,1,0,4,0,4,0,2,0,0,0,0,1,0,1,0,0,0,9,0,9,0,9,0,1,0,6,0,27,16,0,0,0,1,0,0,0,0,1,1,,3,1,1,26,0
game-338,338,"iron-hyena-pack-pressure","red-hunter-evolution",False,19,5,0,3,3,9,7,13,,2,2,0,0,0,0,2,1,1,0,0,0,0,2,0,2,1,0,4,2,0,4,0,3,0,0,"","red.ancestor.firsthunter",0,2,0,6,0,5,0,3,0,0,0,0,1,7,1,4,0,0,11,0,11,0,11,0,1,0,7,0,31,18,0,0,0,1,0,1,0,0,1,1,15,3,1,1,12,0
game-339,339,"iron-hyena-pack-pressure","red-hunter-evolution",False,22,6,0,3,3,8,5,10,,2,1,1,0,0,0,3,3,0,0,0,0,2,0,2,0,0,0,2,3,0,21,0,8,0,0,"","red.ancestor.firsthunter",0,2,0,6,0,8,1,1,0,0,0,0,0,4,0,4,0,0,12,0,12,0,12,0,1,0,7,0,34,22,0,0,0,1,2,2,0,0,1,1,21,3,0,0,15,7
game-340,340,"red-hunter-evolution","iron-hyena-pack-pressure",False,21,6,3,2,3,11,7,12,18,0,0,0,0,0,0,2,2,0,1,0,1,0,4,0,4,0,0,0,5,0,9,0,4,0,0,"","red.ancestor.firsthunter",0,1,0,4,0,7,3,0,2,0,0,0,2,6,2,5,0,0,10,0,9,0,9,0,0,0,4,0,29,22,0,0,0,1,2,5,0,0,1,2,15,3,0,1,19,24
game-341,341,"iron-hyena-pack-pressure","red-hunter-evolution",False,25,7,0,3,3,9,7,7,,2,0,2,0,0,0,4,3,1,0,0,0,4,4,4,4,0,0,1,2,0,18,0,7,0,0,"","red.ancestor.firsthunter",0,4,0,10,0,8,1,4,0,0,0,0,2,4,2,4,0,0,12,0,12,0,12,0,2,0,9,0,38,24,0,0,0,2,1,5,0,0,1,1,,3,1,1,25,0
game-342,342,"iron-hyena-pack-pressure","red-hunter-evolution",False,19,5,1,3,3,8,5,9,,1,0,1,0,0,0,2,2,0,0,0,0,4,0,4,0,0,0,2,5,0,6,0,3,0,0,"","red.ancestor.grandmother",0,1,0,4,0,6,3,3,0,0,0,0,0,3,0,3,0,0,7,0,7,0,7,0,1,0,5,0,27,18,0,0,0,2,0,1,0,0,1,1,13,3,1,1,11,5
game-343,343,"iron-hyena-pack-pressure","red-hunter-evolution",False,26,7,1,3,3,11,10,13,23,2,1,1,0,0,0,2,2,0,1,0,1,4,2,4,2,1,0,0,7,0,18,0,8,0,0,"","red.ancestor.firsthunter",0,2,0,6,0,8,3,0,2,0,0,0,2,3,1,3,0,0,13,0,13,0,13,0,3,0,8,0,39,26,0,0,0,1,0,4,0,0,1,2,15,3,1,1,21,5
game-344,344,"iron-hyena-pack-pressure","red-hunter-evolution",False,31,8,2,3,7,9,7,9,,3,2,1,0,0,0,3,2,1,0,0,0,2,4,2,4,0,0,1,4,0,10,0,5,0,0,"","red.ancestor.firsthunter",0,2,0,6,0,12,2,1,0,0,0,0,0,3,0,2,0,0,18,0,18,0,18,0,2,0,10,0,48,32,0,0,0,3,0,9,0,0,2,3,13,7,0,0,14,10
game-345,345,"red-hunter-evolution","iron-hyena-pack-pressure",False,23,6,3,2,6,9,5,9,,2,0,2,0,0,0,3,3,0,0,0,0,6,0,6,0,0,1,0,3,0,10,0,5,0,0,"","red.ancestor.firsthunter",0,2,0,6,0,9,4,1,0,0,0,0,2,8,1,7,0,0,11,0,11,0,11,0,3,0,6,0,33,24,0,0,0,3,1,4,0,1,1,2,15,6,0,1,17,16
game-346,346,"iron-hyena-pack-pressure","red-hunter-evolution",False,16,4,1,3,3,8,7,9,,1,0,1,0,0,0,2,1,1,0,0,0,2,2,2,2,0,1,1,4,0,9,0,4,0,0,"","red.ancestor.firsthunter",0,1,0,4,0,4,1,2,0,0,0,0,0,1,0,1,0,0,8,0,8,0,8,0,2,0,4,0,24,16,0,0,0,1,0,1,0,0,1,1,13,3,0,0,21,5
game-347,347,"iron-hyena-pack-pressure","red-hunter-evolution",False,17,5,0,3,3,9,10,10,,1,0,1,0,0,0,1,0,1,0,0,0,2,2,2,2,0,1,0,0,0,5,0,2,0,0,"","red.ancestor.firsthunter",0,0,0,2,0,3,0,0,0,0,0,0,0,3,0,3,0,0,13,0,13,0,13,0,3,0,6,0,31,16,0,0,0,1,4,4,0,0,1,1,5,3,1,1,20,4
game-348,348,"iron-hyena-pack-pressure","red-hunter-evolution",False,17,5,0,3,3,8,7,13,,0,0,0,0,0,0,2,1,1,0,0,0,0,2,0,2,0,1,0,5,0,6,0,3,0,0,"","red.ancestor.firsthunter",0,0,0,2,0,4,1,0,0,0,0,0,3,2,1,2,0,0,13,0,13,0,13,0,4,0,7,0,31,16,0,0,0,2,1,4,0,0,1,1,5,3,1,1,23,5
game-349,349,"iron-hyena-pack-pressure","red-hunter-evolution",False,17,5,1,3,3,6,10,12,,2,0,2,0,0,0,1,1,0,0,0,0,4,0,4,0,0,0,0,3,0,3,0,2,0,0,"","red.ancestor.firsthunter",0,0,0,2,0,3,2,0,0,0,0,0,3,2,1,2,0,0,13,0,13,0,13,0,2,0,6,0,31,16,0,0,0,2,0,1,0,1,1,1,7,3,1,1,17,5
game-350,350,"red-hunter-evolution","iron-hyena-pack-pressure",False,21,6,3,0,3,15,10,12,,1,1,0,0,0,0,2,2,0,0,0,0,0,0,0,0,0,0,1,6,0,11,0,4,0,0,"","red.ancestor.firsthunter",0,1,0,4,0,6,2,4,0,0,0,0,0,13,0,6,0,0,8,0,8,0,8,0,0,0,5,0,28,22,0,0,0,3,0,4,0,0,1,1,5,3,0,1,5,24
game-351,351,"red-hunter-evolution","iron-hyena-pack-pressure",False,26,7,3,1,3,9,10,10,,1,1,0,0,0,0,3,0,3,0,0,0,0,8,0,8,1,1,0,0,0,8,0,4,0,0,"","red.ancestor.firsthunter",0,2,0,6,0,8,5,3,0,0,0,0,0,2,0,2,0,0,14,0,14,0,14,0,0,0,10,0,40,26,0,0,0,2,0,11,0,0,1,2,5,3,1,0,8,15
game-352,352,"iron-hyena-pack-pressure","red-hunter-evolution",False,18,5,0,3,3,11,10,9,,2,1,1,0,0,0,1,1,0,0,0,0,2,0,2,0,1,0,0,2,0,17,0,5,0,0,"","red.ancestor.firsthunter",0,0,0,2,0,4,0,0,0,0,0,0,0,5,0,4,0,0,8,0,8,0,8,0,1,0,7,0,26,18,0,0,0,0,1,3,0,0,1,1,,3,1,1,15,0
game-353,353,"red-hunter-evolution","iron-hyena-pack-pressure",False,36,9,3,2,3,9,10,10,23,2,0,2,0,0,0,4,1,3,1,0,1,16,10,8,10,0,2,1,4,0,15,0,6,0,0,"","red.ancestor.firsthunter",0,3,0,8,0,13,2,5,0,0,0,0,1,3,1,3,0,0,26,0,25,0,25,0,8,0,13,0,61,36,0,0,0,3,2,18,0,0,2,3,21,3,1,0,16,14
game-354,354,"red-hunter-evolution","iron-hyena-pack-pressure",False,21,6,3,1,3,9,10,10,,2,1,1,0,0,0,3,3,0,0,0,0,4,0,3,0,0,0,3,6,0,6,0,3,0,0,"","red.ancestor.firsthunter",0,2,0,6,0,6,5,1,0,0,0,0,0,15,0,8,0,0,9,0,9,0,9,0,1,0,7,0,29,22,0,0,0,3,1,3,0,0,1,1,7,3,0,1,11,21
game-355,355,"iron-hyena-pack-pressure","red-hunter-evolution",False,11,3,0,3,3,8,5,6,,2,0,2,0,0,0,0,0,0,0,0,0,6,0,6,0,0,0,0,2,0,4,0,2,0,0,"","red.ancestor.grandmother",0,1,0,4,0,2,0,2,0,0,0,0,0,0,0,0,0,0,9,0,9,0,9,0,4,0,4,0,21,10,0,0,0,0,0,0,0,0,0,0,,3,1,1,23,0
game-356,356,"iron-hyena-pack-pressure","red-hunter-evolution",False,17,5,1,3,3,9,10,11,,2,1,1,0,0,0,1,1,0,0,0,0,4,0,3,0,0,0,1,7,0,6,0,3,0,0,"","red.ancestor.firsthunter",0,0,0,2,0,3,1,0,0,0,0,0,0,2,0,2,0,0,9,0,9,0,9,0,0,0,4,0,27,16,0,0,0,1,0,1,0,0,1,1,7,3,1,1,18,0
game-357,357,"iron-hyena-pack-pressure","red-hunter-evolution",False,19,5,0,3,3,6,5,13,,2,1,1,0,0,0,1,1,0,0,0,0,4,0,2,0,1,0,3,1,0,7,0,4,0,0,"","red.ancestor.firsthunter",0,3,0,8,0,6,0,3,0,0,0,0,0,2,0,2,0,0,12,0,10,0,10,0,1,0,6,0,30,18,0,0,0,1,0,0,0,0,1,1,,3,1,1,15,0
game-358,358,"red-hunter-evolution","iron-hyena-pack-pressure",False,29,8,3,0,3,23,7,7,,0,0,0,0,0,0,3,0,3,0,0,0,0,6,0,6,0,0,1,3,0,23,0,8,0,0,"","red.ancestor.firsthunter",0,1,0,4,0,11,4,0,1,0,0,0,0,4,0,3,0,0,11,0,11,0,11,0,0,0,7,0,39,30,0,0,0,1,3,14,0,0,2,3,21,3,0,1,8,22
game-359,359,"iron-hyena-pack-pressure","red-hunter-evolution",False,25,7,2,3,3,12,10,7,18,2,0,2,0,0,0,3,1,2,1,0,1,8,6,8,6,0,1,0,2,0,7,0,4,0,0,"","red.ancestor.firsthunter",0,0,0,2,0,7,5,0,0,0,0,0,1,6,1,6,0,0,15,0,14,0,14,0,4,0,7,0,40,24,0,0,0,2,2,5,0,0,2,2,7,3,1,1,18,11
game-360,360,"red-hunter-evolution","iron-hyena-pack-pressure",False,39,10,3,2,3,11,10,7,15,4,3,1,0,0,0,7,3,4,1,0,1,2,14,2,14,2,2,2,4,0,34,0,14,0,0,"","red.ancestor.firsthunter",0,3,0,8,0,15,7,2,3,0,0,0,3,8,1,8,1,0,22,0,22,0,22,0,4,0,13,0,60,40,1,0,0,4,1,20,0,0,2,5,13,3,0,1,11,18
game-361,361,"iron-hyena-pack-pressure","red-hunter-evolution",False,29,8,0,3,3,11,10,7,,2,2,0,0,0,0,4,3,1,0,0,0,0,2,0,2,0,1,2,4,0,25,0,9,0,0,"","red.ancestor.grandmother",0,3,0,8,0,10,0,2,0,0,0,0,0,10,0,10,0,0,13,0,13,0,13,0,0,0,8,0,41,30,0,0,0,1,0,7,0,0,2,2,,3,0,0,19,0
game-362,362,"red-hunter-evolution","iron-hyena-pack-pressure",False,21,6,3,1,3,11,7,10,15,0,0,0,0,0,0,2,2,0,1,0,1,0,4,0,4,0,0,0,6,0,11,0,5,0,0,"","red.ancestor.firsthunter",0,0,0,2,0,7,7,0,0,0,0,0,1,8,1,6,0,0,7,0,7,0,7,0,1,0,6,0,27,22,0,0,0,0,0,3,0,0,1,1,5,3,0,1,5,31
game-363,363,"iron-hyena-pack-pressure","red-hunter-evolution",False,17,5,1,3,3,9,5,10,,0,0,0,0,0,0,1,1,0,0,0,0,0,0,0,0,0,0,0,2,0,7,0,4,0,0,"","red.ancestor.firsthunter",0,0,0,2,0,5,3,0,0,0,0,0,0,4,0,3,0,0,9,0,9,0,9,0,0,0,6,0,27,16,0,0,0,0,0,1,0,0,1,1,12,3,1,1,22,12
game-364,364,"iron-hyena-pack-pressure","red-hunter-evolution",False,19,5,0,3,3,8,7,8,,1,0,1,0,0,0,2,1,1,0,0,0,2,2,2,2,0,0,0,2,0,12,0,5,0,0,"","red.ancestor.firsthunter",0,2,0,6,0,5,0,2,0,0,0,0,0,5,0,5,0,0,11,0,11,0,11,0,2,0,8,0,31,18,0,0,0,0,0,2,0,0,1,1,13,3,1,1,20,4
game-365,365,"iron-hyena-pack-pressure","red-hunter-evolution",False,17,5,0,3,3,9,10,10,,0,0,0,0,0,0,3,2,1,0,0,0,0,2,0,2,0,1,0,2,0,6,0,3,0,0,"","red.ancestor.grandmother",0,1,0,4,0,3,0,1,0,0,0,0,0,5,0,5,0,0,11,0,11,0,11,0,1,0,6,0,29,16,0,0,0,1,1,2,0,0,1,1,,3,1,1,11,0
game-366,366,"iron-hyena-pack-pressure","red-hunter-evolution",False,23,6,2,3,3,5,10,13,18,2,2,0,0,0,0,2,2,0,1,0,1,0,2,0,2,2,0,4,7,0,23,0,8,0,0,"","red.ancestor.firsthunter",0,0,0,2,0,7,3,0,0,0,0,0,0,8,0,7,0,0,10,0,10,0,10,0,0,0,6,0,32,24,0,0,0,2,3,6,0,0,1,2,4,3,0,0,17,19
game-367,367,"red-hunter-evolution","iron-hyena-pack-pressure",False,36,9,3,1,3,9,7,13,23,3,2,1,0,0,0,4,3,1,1,0,1,2,4,2,4,0,1,3,12,0,27,0,12,0,0,"","red.ancestor.firsthunter",0,5,0,12,0,14,5,2,0,0,0,0,1,1,1,1,0,0,18,0,18,0,18,0,5,0,11,0,54,36,0,0,0,2,2,15,0,0,2,3,15,3,1,0,12,20
game-368,368,"iron-hyena-pack-pressure","red-hunter-evolution",False,24,6,2,3,3,9,7,10,,2,2,0,0,0,0,2,1,1,0,0,0,0,4,0,4,1,0,4,1,0,17,0,9,0,0,"","red.ancestor.firsthunter",0,2,0,6,0,8,5,0,0,0,0,0,3,6,2,5,0,0,11,0,11,0,11,0,2,0,6,0,35,24,0,0,0,2,0,2,0,1,1,2,12,3,0,0,19,18
game-369,369,"iron-hyena-pack-pressure","red-hunter-evolution",False,17,5,0,3,3,9,7,13,,2,0,2,0,0,0,1,1,0,0,0,0,6,0,4,0,0,0,0,4,0,10,0,4,0,0,"","red.ancestor.firsthunter",0,2,0,6,0,4,0,1,0,0,0,0,0,3,0,3,0,0,10,0,8,0,8,0,0,0,4,0,26,16,1,0,0,0,1,1,0,0,1,1,,3,1,1,21,0
game-370,370,"iron-hyena-pack-pressure","red-hunter-evolution",False,33,9,0,3,3,11,7,15,31,2,2,0,0,0,0,5,3,2,1,0,1,0,12,0,8,1,1,1,3,0,36,0,11,0,0,"","red.ancestor.grandmother",0,5,0,12,0,12,0,3,0,0,0,0,0,13,0,10,0,0,17,0,17,0,17,0,1,0,10,0,51,32,1,0,0,3,2,8,0,0,2,3,29,3,1,1,20,4
game-371,371,"red-hunter-evolution","iron-hyena-pack-pressure",False,20,5,3,1,3,9,7,9,,2,0,2,0,0,0,2,1,1,0,0,0,6,2,6,2,1,1,0,2,0,11,0,6,0,0,"","red.ancestor.firsthunter",0,2,0,6,0,6,3,1,0,0,0,0,0,2,0,2,0,0,9,0,9,0,9,0,3,0,7,0,29,20,0,0,0,0,1,1,0,0,1,1,13,3,1,0,9,15
game-372,372,"red-hunter-evolution","iron-hyena-pack-pressure",False,29,8,3,1,6,19,7,12,15,1,1,0,0,0,0,4,2,2,1,0,1,0,10,0,10,1,0,3,5,0,24,0,9,0,0,"","red.ancestor.firsthunter",0,2,0,6,0,11,6,0,2,0,0,0,0,9,0,9,0,0,11,0,11,0,11,0,0,0,8,0,39,30,0,0,0,2,1,5,0,0,2,2,13,6,0,1,11,28
game-373,373,"iron-hyena-pack-pressure","red-hunter-evolution",False,25,7,2,3,3,15,10,12,,2,1,1,0,0,0,2,1,1,0,0,0,8,2,4,2,0,1,1,4,0,12,0,5,0,0,"","red.ancestor.firsthunter",0,1,0,4,0,7,5,0,1,0,0,0,1,14,1,9,0,0,18,0,15,0,15,0,2,0,6,0,41,24,0,0,0,2,0,2,0,0,1,2,5,3,1,1,24,16
game-374,374,"red-hunter-evolution","iron-hyena-pack-pressure",False,28,7,3,1,3,9,10,10,23,2,1,1,0,0,0,3,2,1,1,0,1,2,4,2,4,0,0,1,4,0,18,0,7,0,0,"","red.ancestor.firsthunter",0,0,0,2,0,9,5,0,0,0,0,0,0,4,0,3,0,0,12,0,12,0,12,0,2,0,9,0,40,28,0,0,0,1,2,9,0,0,2,2,7,3,1,0,7,10
game-375,375,"iron-hyena-pack-pressure","red-hunter-evolution",False,33,9,1,3,3,11,5,6,,5,1,4,0,0,0,3,1,2,0,0,0,8,8,8,8,0,0,2,0,0,18,0,10,0,0,"","red.ancestor.firsthunter",0,4,0,10,0,13,4,5,0,0,0,0,8,0,4,0,0,0,20,0,20,0,20,0,8,0,12,0,54,32,0,0,0,4,6,12,0,2,2,3,12,3,1,1,16,15
game-376,376,"red-hunter-evolution","iron-hyena-pack-pressure",False,31,8,3,2,3,6,7,13,28,1,0,1,0,0,0,4,3,1,1,0,1,2,6,2,6,0,0,1,7,0,16,0,7,0,0,"","red.ancestor.firsthunter",0,4,0,10,0,12,6,3,0,0,0,0,0,6,0,6,0,0,16,0,16,0,16,0,1,0,11,0,46,32,0,0,0,3,0,11,0,0,2,3,20,3,0,1,10,19
game-377,377,"iron-hyena-pack-pressure","red-hunter-evolution",False,27,7,1,3,3,11,7,7,,2,1,1,0,0,0,4,2,2,0,0,0,2,6,2,6,1,1,2,0,0,20,0,8,0,0,"","red.ancestor.firsthunter",0,3,0,8,0,9,4,1,1,0,0,0,3,8,2,7,0,0,17,0,16,0,16,0,4,0,8,0,44,26,0,0,0,2,1,8,0,0,2,2,10,3,1,1,17,0
game-378,378,"red-hunter-evolution","iron-hyena-pack-pressure",False,18,5,3,1,3,11,7,7,,1,1,0,0,0,0,2,1,1,0,0,0,0,2,0,2,0,0,1,6,0,4,0,3,0,0,"","red.ancestor.firsthunter",0,1,0,4,0,5,4,2,0,0,0,0,1,7,1,6,0,0,7,0,7,0,7,0,1,0,5,0,25,18,0,0,0,1,0,7,0,1,1,1,10,3,1,0,5,12
game-379,379,"iron-hyena-pack-pressure","red-hunter-evolution",False,27,7,0,3,3,9,10,10,,0,0,0,0,0,0,3,3,0,0,0,0,0,0,0,0,0,0,2,8,0,26,0,8,0,0,"","red.ancestor.firsthunter",0,1,0,4,0,8,0,1,0,0,0,0,0,10,0,9,0,0,12,0,12,0,12,0,1,0,8,0,40,26,0,0,0,3,0,4,0,0,2,2,5,3,1,1,18,4
game-380,380,"iron-hyena-pack-pressure","red-hunter-evolution",False,22,6,0,3,3,9,10,11,,3,0,3,0,0,0,2,1,1,0,0,0,10,2,8,2,0,1,0,3,0,16,0,6,0,0,"","red.ancestor.firsthunter",0,1,0,4,0,6,1,2,0,0,0,0,1,4,1,4,0,0,14,0,14,0,14,0,5,0,8,0,36,22,0,0,0,0,2,2,0,0,1,1,,3,0,0,17,0
game-381,381,"red-hunter-evolution","iron-hyena-pack-pressure",False,21,6,3,2,3,11,7,12,,2,1,1,0,0,0,2,2,0,0,0,0,4,0,4,0,0,0,1,2,0,6,0,3,0,0,"","red.ancestor.grandmother",0,1,0,4,0,7,5,1,0,0,0,0,2,5,1,5,0,0,9,0,9,0,9,0,2,0,6,0,29,22,0,0,0,1,1,3,0,1,1,1,13,3,0,1,14,24
game-382,382,"red-hunter-evolution","iron-hyena-pack-pressure",False,36,9,3,2,3,9,10,14,,4,1,3,0,0,0,4,2,2,0,0,0,8,4,8,4,0,0,2,5,0,35,0,14,0,0,"","red.ancestor.grandmother",0,3,0,8,0,13,7,1,1,0,0,0,3,3,3,2,0,0,21,0,21,0,21,0,5,0,13,0,57,36,0,0,0,1,2,14,0,0,2,4,23,3,1,0,13,11
game-383,383,"iron-hyena-pack-pressure","red-hunter-evolution",False,16,4,0,3,3,8,7,11,,1,0,1,0,0,0,1,1,0,0,0,0,4,0,4,0,0,0,1,0,0,6,0,3,0,0,"","red.ancestor.firsthunter",0,1,0,4,0,4,0,2,0,0,0,0,1,2,1,2,0,0,8,0,8,0,8,0,1,0,5,0,24,16,0,0,0,1,1,1,0,0,1,1,15,3,0,0,17,0
game-384,384,"iron-hyena-pack-pressure","red-hunter-evolution",False,19,5,0,3,3,9,7,13,,0,0,0,0,0,0,1,1,0,0,0,0,0,0,0,0,0,0,0,2,0,19,0,6,0,0,"","red.ancestor.firsthunter",0,1,0,4,0,5,0,1,0,0,0,0,0,2,0,2,0,0,11,0,11,0,11,0,2,0,7,0,31,18,0,0,0,2,0,1,0,0,1,1,,3,1,1,15,0
game-385,385,"iron-hyena-pack-pressure","red-hunter-evolution",False,20,5,0,3,3,11,7,11,,1,0,1,0,0,0,0,0,0,0,0,0,2,0,2,0,1,0,2,0,0,16,0,5,0,0,"","red.ancestor.grandmother",0,2,0,6,0,6,0,2,0,0,0,0,0,1,0,1,0,0,10,0,10,0,10,0,4,0,6,0,30,20,0,0,0,2,1,0,0,0,1,1,,3,1,1,12,0
game-386,386,"iron-hyena-pack-pressure","red-hunter-evolution",False,17,5,0,3,3,9,7,11,,1,0,1,0,0,0,2,2,0,0,0,0,4,0,3,0,1,0,0,5,0,3,0,2,0,0,"","red.ancestor.firsthunter",0,0,0,2,0,4,1,0,0,0,0,0,1,2,1,2,0,0,9,0,9,0,9,0,2,0,5,0,27,16,0,0,0,1,0,0,0,0,1,1,5,3,1,1,16,4
game-387,387,"iron-hyena-pack-pressure","red-hunter-evolution",False,25,7,2,3,3,8,5,9,20,3,0,3,0,0,0,2,1,1,1,0,1,10,6,10,4,0,0,0,3,0,15,0,7,0,0,"","red.ancestor.firsthunter",0,2,0,6,0,9,4,1,0,0,0,0,5,6,2,4,0,0,14,0,13,0,13,0,5,0,8,0,39,24,0,0,0,1,0,4,0,2,1,1,13,3,1,1,24,19
game-388,388,"iron-hyena-pack-pressure","red-hunter-evolution",False,24,6,1,3,3,6,7,9,15,3,2,1,0,0,0,3,1,2,1,0,1,2,6,2,6,0,0,4,4,0,15,0,6,0,0,"","red.ancestor.firsthunter",0,2,0,6,0,8,1,1,0,0,0,0,0,6,0,6,0,0,12,0,12,0,12,0,2,0,7,0,36,24,0,0,0,3,0,4,0,0,1,2,13,3,0,0,14,9
game-389,389,"red-hunter-evolution","iron-hyena-pack-pressure",False,21,6,3,1,3,8,7,7,13,1,0,1,0,0,0,1,0,1,1,0,1,2,4,2,4,0,0,0,0,0,3,0,2,0,0,"","red.ancestor.firsthunter",0,0,0,2,0,7,6,0,0,0,0,0,1,2,1,2,0,0,8,0,8,0,8,0,1,0,7,0,28,22,0,0,0,1,0,9,0,1,1,1,10,3,0,1,6,34
game-390,390,"iron-hyena-pack-pressure","red-hunter-evolution",False,25,7,1,3,3,9,7,13,,2,2,0,0,0,0,2,2,0,0,0,0,0,0,0,0,1,0,2,4,0,26,0,9,0,0,"","red.ancestor.firsthunter",0,2,0,6,0,8,2,1,0,0,0,0,0,0,0,0,0,0,11,0,11,0,11,0,4,0,7,0,37,24,0,0,0,1,1,4,0,0,1,2,15,3,1,1,20,4
game-391,391,"iron-hyena-pack-pressure","red-hunter-evolution",False,17,5,0,3,3,8,10,9,,1,0,1,0,0,0,2,0,2,0,0,0,2,6,2,6,0,0,0,1,0,10,0,4,0,0,"","red.ancestor.firsthunter",0,2,0,6,0,3,1,1,0,0,0,0,0,5,0,5,0,0,9,0,9,0,9,0,0,0,6,0,27,16,0,0,0,1,0,3,0,0,1,1,13,3,1,1,23,6
game-392,392,"iron-hyena-pack-pressure","red-hunter-evolution",False,22,6,2,3,3,12,7,10,,2,1,1,0,0,0,2,2,0,0,0,0,4,0,4,0,1,0,0,0,0,7,0,4,0,0,"","red.ancestor.firsthunter",0,2,0,6,0,7,2,0,3,0,0,0,1,5,1,4,0,0,13,0,13,0,13,0,4,0,6,0,35,22,0,0,0,2,3,0,0,0,1,1,5,3,0,0,19,22
game-393,393,"red-hunter-evolution","iron-hyena-pack-pressure",False,23,6,3,2,3,11,10,11,,2,0,2,0,0,0,2,2,0,0,0,0,8,0,5,0,1,0,0,5,0,9,0,4,0,0,"","red.ancestor.firsthunter",0,2,0,6,0,7,4,2,0,0,0,0,10,4,4,3,0,0,9,0,9,0,9,0,4,0,6,0,31,24,0,0,0,1,1,3,0,2,1,2,5,3,0,1,16,20
game-394,394,"red-hunter-evolution","iron-hyena-pack-pressure",False,21,6,3,1,3,7,18,10,,1,0,1,0,0,0,3,3,0,0,0,0,8,0,4,0,0,0,0,10,0,2,0,1,0,0,"","red.ancestor.firsthunter",0,0,0,2,0,2,3,0,0,0,0,0,1,9,1,6,0,0,11,0,10,0,10,0,0,0,6,0,30,22,0,0,0,3,0,3,0,0,1,1,5,3,0,1,6,24
game-395,395,"iron-hyena-pack-pressure","red-hunter-evolution",False,14,4,0,3,3,8,10,11,,2,0,2,0,0,0,0,0,0,0,0,0,6,0,5,0,0,0,0,5,0,7,0,3,0,0,"","red.ancestor.firsthunter",0,0,0,2,0,2,0,0,0,0,0,0,0,0,0,0,0,0,10,0,9,0,9,0,2,0,5,0,23,14,0,0,0,2,0,0,0,0,0,1,,3,0,0,10,0
game-396,396,"iron-hyena-pack-pressure","red-hunter-evolution",False,25,7,0,3,3,10,7,6,23,4,1,3,0,0,0,3,1,2,1,0,1,6,6,6,6,1,0,0,2,0,27,0,9,0,0,"","red.ancestor.grandmother",0,1,0,4,0,8,1,1,0,0,0,0,0,6,0,4,0,0,10,0,10,0,10,0,4,0,7,0,36,24,1,0,0,1,1,5,0,0,1,2,21,3,1,1,16,5
game-397,397,"red-hunter-evolution","iron-hyena-pack-pressure",False,21,6,3,2,3,8,7,9,15,2,1,1,0,0,0,2,2,0,1,0,1,4,2,3,2,1,0,0,2,0,6,0,3,0,0,"","red.ancestor.firsthunter",0,1,0,4,0,7,1,6,0,0,0,0,0,6,0,6,0,0,11,0,11,0,11,0,1,0,7,0,31,22,0,0,0,1,2,5,0,0,1,1,5,3,0,1,17,38
game-398,398,"red-hunter-evolution","iron-hyena-pack-pressure",False,39,10,3,1,3,26,10,15,,2,2,0,0,0,0,4,1,3,0,0,0,0,10,0,10,0,3,6,0,0,33,0,12,0,0,"","red.ancestor.firsthunter",0,1,0,4,0,15,4,0,0,0,0,0,1,0,0,0,1,0,21,0,20,0,20,0,3,0,12,0,58,40,0,0,0,2,1,15,0,0,3,4,23,3,0,1,5,14
game-399,399,"iron-hyena-pack-pressure","red-hunter-evolution",False,27,7,1,3,3,17,7,7,,2,1,1,0,0,0,3,0,3,0,0,0,2,6,2,6,0,1,1,1,0,15,0,6,0,0,"","red.ancestor.firsthunter",0,2,0,6,0,9,3,2,0,0,0,0,4,7,1,5,0,0,17,0,16,0,16,0,4,0,8,0,44,26,0,0,0,2,2,7,0,1,2,2,21,3,1,1,24,6
game-400,400,"iron-hyena-pack-pressure","red-hunter-evolution",False,22,6,0,3,3,6,5,13,,1,1,0,0,0,0,2,1,1,0,0,0,0,2,0,2,0,0,1,6,0,11,0,5,0,0,"","red.ancestor.firsthunter",0,4,0,10,0,8,0,4,0,0,0,0,0,5,0,4,0,0,13,0,13,0,13,0,0,0,7,0,35,22,0,0,0,1,3,5,0,0,1,1,,3,0,0,2,0
game-401,401,"iron-hyena-pack-pressure","red-hunter-evolution",False,11,3,0,3,3,8,10,,,0,0,0,0,0,0,0,0,0,0,0,0,0,0,0,0,0,0,0,0,0,2,0,1,0,0,"","red.ancestor.firsthunter",0,0,0,2,0,0,0,0,0,0,0,0,0,0,0,0,0,0,6,0,6,0,6,0,1,0,3,0,18,10,0,0,0,1,0,0,0,0,0,0,,3,1,1,21,0
game-402,402,"red-hunter-evolution","iron-hyena-pack-pressure",False,31,8,3,2,3,9,10,9,20,5,3,2,0,0,0,4,1,3,1,0,1,6,8,6,8,1,0,1,1,0,17,0,7,0,0,"","red.ancestor.firsthunter",0,2,0,6,0,11,6,1,0,0,0,0,0,1,0,1,0,0,20,0,19,0,19,0,4,0,10,0,49,32,0,0,0,2,0,13,0,0,2,3,5,3,0,1,10,17
game-403,403,"red-hunter-evolution","iron-hyena-pack-pressure",False,21,6,3,2,6,9,10,13,20,1,1,0,0,0,0,2,2,0,1,0,1,0,2,0,2,1,0,2,9,0,15,0,6,0,0,"","red.ancestor.firsthunter",0,1,0,4,0,6,3,1,0,0,0,0,0,3,0,3,0,0,5,0,5,0,5,0,0,0,4,0,25,22,0,0,0,0,1,2,0,0,1,1,7,6,0,1,12,13
game-404,404,"red-hunter-evolution","iron-hyena-pack-pressure",False,23,6,3,1,3,7,5,7,20,3,3,0,0,0,0,4,3,1,1,0,1,0,4,0,4,0,0,3,5,0,13,0,6,0,0,"","red.ancestor.firsthunter",0,2,0,6,0,9,4,3,0,0,0,0,0,2,0,2,0,0,10,0,10,0,10,0,0,0,7,0,32,24,0,0,0,0,1,9,0,0,1,2,12,3,0,1,5,18
game-405,405,"iron-hyena-pack-pressure","red-hunter-evolution",False,30,8,2,3,3,9,10,10,15,2,1,1,0,0,0,4,3,1,1,0,1,2,6,2,6,0,0,2,4,0,17,0,6,0,0,"","red.ancestor.grandmother",0,3,0,8,0,10,1,4,0,0,0,0,0,12,0,11,0,0,19,0,18,0,18,0,4,0,11,0,48,30,0,0,0,2,3,8,0,0,2,2,12,3,0,0,17,18
game-406,406,"iron-hyena-pack-pressure","red-hunter-evolution",False,17,5,0,3,3,6,7,8,,2,0,2,0,0,0,1,1,0,0,0,0,4,0,3,0,0,0,0,1,0,8,0,4,0,0,"","red.ancestor.firsthunter",0,2,0,6,0,4,0,2,0,0,0,0,0,1,0,1,0,0,10,0,10,0,10,0,3,0,7,0,28,16,0,0,0,0,1,0,0,0,1,1,13,3,1,1,19,5
game-407,407,"iron-hyena-pack-pressure","red-hunter-evolution",False,17,5,0,3,3,6,10,13,,1,0,1,0,0,0,1,1,0,0,0,0,2,0,2,0,2,0,0,4,0,10,0,4,0,0,"","red.ancestor.firsthunter",0,1,0,4,0,3,1,1,0,0,0,0,1,2,1,1,0,0,8,0,8,0,8,0,1,0,5,0,26,16,0,0,0,1,0,0,0,0,1,1,7,3,1,1,16,0
game-408,408,"iron-hyena-pack-pressure","red-hunter-evolution",False,17,5,0,3,3,9,7,9,,2,0,2,0,0,0,2,1,1,0,0,0,14,2,3,2,0,1,0,3,0,13,0,5,0,0,"","red.ancestor.firsthunter",0,1,0,4,0,4,1,1,0,0,0,0,0,4,0,3,0,0,13,0,13,0,13,0,5,0,8,0,31,16,0,0,0,2,0,0,0,0,1,1,15,3,1,1,17,0
game-409,409,"red-hunter-evolution","iron-hyena-pack-pressure",False,29,8,3,1,3,14,7,13,18,2,2,0,0,0,0,4,3,1,1,0,1,0,4,0,4,1,0,2,6,0,21,0,9,0,0,"","red.ancestor.grandmother",0,3,0,8,0,11,8,1,0,0,0,0,0,3,0,3,0,0,10,0,10,0,10,0,0,0,7,0,38,30,0,0,0,2,1,6,0,0,2,3,15,3,0,1,8,14
game-410,410,"red-hunter-evolution","iron-hyena-pack-pressure",False,28,7,3,1,3,7,10,10,,3,1,2,0,0,0,3,3,0,0,0,0,4,0,4,0,1,0,0,6,0,20,0,10,0,0,"","red.ancestor.firsthunter",0,4,0,10,0,9,6,2,0,0,0,0,3,4,2,4,1,0,14,0,14,0,14,0,2,0,8,0,42,28,0,0,0,2,1,11,0,0,2,2,5,3,1,0,8,14
game-411,411,"red-hunter-evolution","iron-hyena-pack-pressure",False,44,11,3,2,3,9,5,13,,3,2,1,0,0,0,6,1,5,0,0,0,6,12,4,12,0,1,2,8,0,45,0,18,0,0,"","red.ancestor.grandmother",0,8,0,18,0,19,5,7,0,0,0,0,2,7,1,7,1,0,27,0,27,0,27,0,6,0,16,0,71,44,0,0,0,2,1,16,0,0,3,5,15,3,1,0,16,17
game-412,412,"iron-hyena-pack-pressure","red-hunter-evolution",False,25,7,1,3,3,6,12,12,15,2,2,0,0,0,0,2,2,0,1,0,1,0,2,0,2,1,0,1,3,0,15,0,6,0,0,"","red.ancestor.firsthunter",0,4,0,10,0,6,1,2,0,0,0,0,0,12,0,9,0,0,17,0,17,0,17,0,2,0,10,0,43,24,0,0,0,0,3,5,0,0,1,1,7,3,1,1,15,5
game-413,413,"iron-hyena-pack-pressure","red-hunter-evolution",False,35,9,1,3,3,15,5,12,15,3,1,2,0,0,0,4,3,1,1,0,1,6,4,6,4,1,1,0,5,0,19,0,8,0,0,"","red.ancestor.firsthunter",0,3,0,8,0,14,2,4,0,0,0,0,9,6,3,6,0,0,27,0,25,0,25,0,7,0,13,0,61,34,0,0,0,3,1,7,0,0,2,3,13,3,1,1,25,6
game-414,414,"red-hunter-evolution","iron-hyena-pack-pressure",False,23,6,3,1,3,13,10,7,13,1,0,1,0,0,0,2,1,1,1,0,1,2,4,2,4,1,0,1,2,0,10,0,6,0,0,"","red.ancestor.firsthunter",0,1,0,4,0,7,4,2,0,0,0,0,1,4,1,4,0,0,7,0,7,0,7,0,1,0,4,0,29,24,0,0,0,3,1,5,0,1,1,2,7,3,0,1,9,23
game-415,415,"iron-hyena-pack-pressure","red-hunter-evolution",False,24,6,2,3,3,9,7,10,20,2,1,1,0,0,0,4,4,0,1,0,1,4,2,4,2,1,0,1,7,0,14,0,7,0,0,"","red.ancestor.firsthunter",0,2,0,6,0,8,4,1,0,0,0,0,0,4,0,4,0,0,12,0,11,0,11,0,3,0,6,0,35,24,0,0,0,2,1,3,0,0,1,2,15,3,0,0,15,12
game-416,416,"red-hunter-evolution","iron-hyena-pack-pressure",False,21,6,3,2,3,9,10,12,20,1,1,0,0,0,0,2,2,0,1,0,1,0,2,0,2,0,0,1,4,0,13,0,5,0,0,"","red.ancestor.firsthunter",0,1,0,4,0,6,4,1,0,0,0,0,0,6,0,4,0,0,9,0,9,0,9,0,1,0,5,0,29,22,0,0,0,2,0,2,0,0,1,1,13,3,0,1,5,18
game-417,417,"iron-hyena-pack-pressure","red-hunter-evolution",False,27,7,1,3,3,5,13,10,,2,0,2,0,0,0,3,3,0,0,0,0,6,0,6,0,0,0,2,5,0,12,0,6,0,0,"","red.ancestor.firsthunter",0,2,0,6,0,6,0,3,0,0,0,0,1,15,1,10,0,0,15,0,15,0,15,0,3,0,8,0,43,26,0,0,0,2,1,3,0,0,2,2,4,3,1,1,12,12
game-418,418,"red-hunter-evolution","iron-hyena-pack-pressure",False,21,6,3,1,3,9,5,12,18,0,0,0,0,0,0,2,2,0,1,0,1,0,2,0,2,1,0,0,7,0,11,0,5,0,0,"","red.ancestor.firsthunter",0,1,0,4,0,8,2,4,0,0,0,0,0,6,0,5,0,0,10,0,10,0,10,0,2,0,7,0,30,22,0,0,0,2,0,5,0,0,1,1,13,3,0,1,5,23
game-419,419,"iron-hyena-pack-pressure","red-hunter-evolution",False,18,5,0,3,3,9,5,12,,0,0,0,0,0,0,2,2,0,0,0,0,0,0,0,0,1,0,1,3,0,16,0,6,0,0,"","red.ancestor.firsthunter",0,0,0,2,0,6,3,0,0,0,0,0,1,1,1,1,0,0,6,0,6,0,6,0,0,0,4,0,24,18,0,0,0,3,1,1,0,0,1,1,13,3,1,1,15,5
game-420,420,"iron-hyena-pack-pressure","red-hunter-evolution",False,27,7,1,3,3,9,7,7,18,2,1,1,0,0,0,3,2,1,1,0,1,2,4,2,4,1,0,4,6,0,19,0,8,0,0,"","red.ancestor.firsthunter",0,4,0,10,0,9,1,3,0,0,0,0,1,6,1,6,0,0,9,0,9,0,9,0,1,0,6,0,37,26,0,0,0,2,0,2,0,0,2,2,13,3,1,1,25,4
game-421,421,"red-hunter-evolution","iron-hyena-pack-pressure",False,34,9,3,1,3,13,5,12,18,3,2,1,0,0,0,5,3,2,1,0,1,2,10,2,8,1,1,3,5,0,28,0,12,0,0,"","red.ancestor.firsthunter",0,3,0,8,0,14,7,1,0,0,0,0,1,11,1,10,0,0,17,0,17,0,17,0,2,0,12,0,51,34,0,0,0,3,2,12,0,0,2,3,13,3,1,0,14,25
game-422,422,"iron-hyena-pack-pressure","red-hunter-evolution",False,17,5,0,3,3,9,7,10,,0,0,0,0,0,0,2,2,0,0,0,0,0,0,0,0,0,0,0,2,0,5,0,2,0,0,"","red.ancestor.firsthunter",0,0,0,2,0,4,1,0,0,0,0,0,0,4,0,4,0,0,8,0,8,0,8,0,1,0,6,0,26,16,0,0,0,2,1,2,0,0,1,1,5,3,1,1,30,4
game-423,423,"iron-hyena-pack-pressure","red-hunter-evolution",False,17,5,0,3,3,9,7,12,,1,0,1,0,0,0,1,1,0,0,0,0,6,0,2,0,1,0,0,2,0,8,0,3,0,0,"","red.ancestor.firsthunter",0,1,0,4,0,4,0,2,0,0,0,0,3,2,1,2,0,0,14,0,13,0,13,0,7,0,5,0,31,16,0,0,0,1,0,2,0,1,1,1,13,3,1,1,17,4
game-424,424,"iron-hyena-pack-pressure","red-hunter-evolution",False,19,5,2,3,3,9,7,12,,1,1,0,0,0,0,2,2,0,0,0,0,0,0,0,0,0,0,1,4,0,13,0,6,0,0,"","red.ancestor.firsthunter",0,2,0,6,0,5,2,1,0,0,0,0,3,3,1,3,0,0,14,0,12,0,12,0,2,0,6,0,32,18,0,0,0,0,0,2,0,1,1,1,5,3,1,1,22,12
game-425,425,"iron-hyena-pack-pressure","red-hunter-evolution",False,17,5,0,3,3,9,10,9,,1,0,1,0,0,0,1,1,0,0,0,0,2,0,2,0,0,0,0,6,0,7,0,3,0,0,"","red.ancestor.firsthunter",0,0,0,2,0,3,0,0,0,0,0,0,0,4,0,3,0,0,8,0,8,0,8,0,0,0,6,0,26,16,0,0,0,1,0,1,0,0,1,1,,3,1,1,17,0
game-426,426,"red-hunter-evolution","iron-hyena-pack-pressure",False,21,6,3,0,3,13,7,12,15,2,2,0,0,0,0,2,2,0,1,0,1,0,2,0,2,0,0,5,4,0,15,0,6,0,0,"","red.ancestor.firsthunter",0,0,0,2,0,7,3,0,0,0,0,0,0,4,0,2,0,0,4,0,4,0,4,0,0,0,3,0,24,22,0,0,0,0,2,7,0,0,1,1,5,3,0,1,3,33
game-427,427,"iron-hyena-pack-pressure","red-hunter-evolution",False,23,6,1,3,3,11,7,14,,2,2,0,0,0,0,2,1,1,0,0,0,0,2,0,2,1,0,2,3,0,20,0,6,0,0,"","red.ancestor.firsthunter",0,0,0,2,0,8,2,0,0,0,0,0,0,3,0,3,0,0,11,0,11,0,11,0,0,0,5,0,33,24,0,0,0,2,2,5,0,0,1,2,21,3,0,0,14,5
game-428,428,"red-hunter-evolution","iron-hyena-pack-pressure",False,31,8,3,2,3,6,7,14,21,2,2,0,0,0,0,4,2,2,1,0,1,0,8,0,8,4,1,1,4,0,21,0,8,0,0,"","red.ancestor.grandmother",0,3,0,8,0,12,6,2,0,0,0,0,0,8,0,7,0,0,16,0,16,0,16,0,0,0,12,0,46,32,0,0,0,1,0,12,0,0,2,3,20,3,0,1,10,18
game-429,429,"red-hunter-evolution","iron-hyena-pack-pressure",False,15,4,3,0,3,7,10,10,,0,0,0,0,0,0,2,2,0,0,0,0,0,0,0,0,0,0,0,5,0,4,0,2,0,0,"","red.ancestor.firsthunter",0,0,0,2,0,3,4,0,0,0,0,0,0,8,0,5,0,0,5,0,5,0,5,0,0,0,4,0,19,16,0,0,0,0,0,4,0,0,0,1,5,3,0,1,3,16
game-430,430,"red-hunter-evolution","iron-hyena-pack-pressure",False,20,5,3,1,3,11,10,12,18,0,0,0,0,0,0,2,1,1,1,0,1,0,6,0,6,1,0,1,3,0,8,0,3,0,0,"","red.ancestor.firsthunter",0,1,0,4,0,5,1,2,0,0,0,0,0,13,0,8,0,0,10,0,10,0,10,0,1,0,7,0,30,20,0,0,0,0,0,6,0,0,1,1,13,3,1,0,9,17
game-431,431,"iron-hyena-pack-pressure","red-hunter-evolution",False,19,5,0,3,3,9,7,13,,1,0,1,0,0,0,1,1,0,0,0,0,2,0,2,0,0,0,0,2,0,16,0,6,0,0,"","red.ancestor.firsthunter",0,0,0,2,0,5,1,0,0,0,0,0,1,6,1,4,0,0,11,0,11,0,11,0,1,0,7,0,31,18,0,0,0,1,0,2,0,0,1,1,,3,1,1,16,0
game-432,432,"red-hunter-evolution","iron-hyena-pack-pressure",False,39,10,3,2,3,9,7,12,15,3,2,1,0,0,0,5,2,3,1,0,1,4,8,4,7,1,0,2,7,0,42,0,14,0,0,"","red.ancestor.firsthunter",0,3,0,8,0,16,5,1,0,0,0,0,2,3,2,3,0,0,23,0,22,0,22,0,4,0,12,0,60,40,0,0,0,4,2,15,0,0,3,4,13,3,0,1,15,13
game-433,433,"iron-hyena-pack-pressure","red-hunter-evolution",False,17,5,0,3,3,11,7,7,,2,1,1,0,0,0,1,0,1,0,0,0,4,2,3,2,1,0,2,0,0,4,0,2,0,0,"","red.ancestor.firsthunter",0,1,0,4,0,4,0,2,0,0,0,0,0,1,0,1,0,0,12,0,12,0,12,0,3,0,6,0,30,16,0,0,0,2,2,2,0,0,1,1,,3,1,1,17,0
game-434,434,"iron-hyena-pack-pressure","red-hunter-evolution",False,17,5,1,3,3,9,10,13,,1,0,1,0,0,0,1,1,0,0,0,0,4,0,4,0,0,0,0,6,0,12,0,4,0,0,"","red.ancestor.firsthunter",0,0,0,2,0,3,1,0,0,0,0,0,2,3,1,2,0,0,11,0,11,0,11,0,4,0,6,0,29,16,0,0,0,1,1,1,0,1,1,1,5,3,1,1,17,5
game-435,435,"iron-hyena-pack-pressure","red-hunter-evolution",False,19,5,1,3,3,9,7,10,,2,1,1,0,0,0,3,3,0,0,0,0,2,0,2,0,1,0,1,6,0,5,0,3,0,0,"","red.ancestor.firsthunter",0,2,0,6,0,5,2,1,0,0,0,0,0,5,0,4,0,0,9,0,9,0,9,0,1,0,6,0,29,18,0,0,0,0,1,0,0,0,1,1,5,3,1,1,16,4
game-436,436,"iron-hyena-pack-pressure","red-hunter-evolution",False,25,7,0,3,3,8,5,11,,3,2,1,0,0,0,2,0,2,0,0,0,2,4,2,4,1,3,0,3,0,26,0,9,0,0,"","red.ancestor.firsthunter",0,3,0,8,0,9,0,2,0,0,0,0,1,2,1,2,0,0,13,0,12,0,12,0,3,0,9,0,38,24,0,0,0,0,3,3,0,0,1,1,,3,1,1,22,0
game-437,437,"iron-hyena-pack-pressure","red-hunter-evolution",False,25,7,2,3,3,17,5,15,21,2,1,1,0,0,0,2,1,1,1,0,1,2,4,1,4,0,1,4,3,0,16,0,6,0,0,"","red.ancestor.firsthunter",0,0,0,2,0,9,5,0,0,0,0,0,1,9,1,5,0,0,12,0,12,0,12,0,3,0,6,0,38,24,0,0,0,1,0,5,0,0,1,2,20,3,1,1,23,11
game-438,438,"red-hunter-evolution","iron-hyena-pack-pressure",False,36,9,3,1,3,11,12,10,29,3,3,0,0,0,0,4,4,0,1,0,1,0,2,0,2,0,1,4,1,0,22,0,9,0,0,"","red.ancestor.grandmother",0,4,0,10,0,12,4,2,0,0,0,0,1,7,0,4,1,0,22,0,22,0,22,0,3,0,14,0,58,36,0,0,0,2,2,14,0,0,2,3,4,3,1,0,7,30
game-439,439,"iron-hyena-pack-pressure","red-hunter-evolution",False,20,5,1,3,3,8,5,9,18,2,1,1,0,0,0,2,2,0,1,0,1,2,2,2,2,1,0,0,4,0,17,0,7,0,0,"","red.ancestor.firsthunter",0,2,0,6,0,7,2,2,0,0,0,0,0,4,0,4,0,0,9,0,9,0,9,0,1,0,6,0,29,20,0,0,0,2,1,4,0,0,1,1,15,3,1,1,21,6
game-440,440,"iron-hyena-pack-pressure","red-hunter-evolution",False,24,6,2,3,3,11,10,11,21,2,0,2,0,0,0,2,1,1,1,0,1,8,4,8,4,1,1,1,6,0,11,0,7,0,0,"","red.ancestor.grandmother",0,3,0,8,0,7,5,1,1,0,0,0,2,7,2,4,0,0,11,0,11,0,11,0,3,0,7,0,35,24,0,0,0,1,0,2,0,1,1,2,5,3,0,0,20,13
game-441,441,"red-hunter-evolution","iron-hyena-pack-pressure",False,20,5,3,2,3,9,5,9,13,2,0,2,0,0,0,2,2,0,1,0,1,6,2,6,2,0,1,1,4,0,12,0,6,0,0,"","red.ancestor.firsthunter",0,2,0,6,0,7,3,2,0,0,0,0,2,3,1,3,0,0,9,0,9,0,9,0,3,0,6,0,29,20,0,0,0,1,0,3,0,1,1,1,12,3,1,0,15,22
game-442,442,"red-hunter-evolution","iron-hyena-pack-pressure",False,31,8,3,2,3,11,7,12,18,1,0,1,0,0,0,4,2,2,1,0,1,8,10,4,8,1,1,0,2,0,21,0,9,0,0,"","red.ancestor.grandmother",0,2,0,6,0,12,5,1,0,0,0,0,2,10,1,7,0,0,12,0,11,0,11,0,3,0,8,0,41,32,0,0,0,4,0,6,0,0,2,3,15,3,0,1,12,18
game-443,443,"iron-hyena-pack-pressure","red-hunter-evolution",False,16,4,0,3,3,8,5,9,,1,0,1,0,0,0,1,1,0,0,0,0,2,0,2,0,0,0,0,4,0,8,0,4,0,0,"","red.ancestor.firsthunter",0,0,0,2,0,5,2,0,0,0,0,0,1,1,1,1,0,0,9,0,9,0,9,0,2,0,7,0,25,16,0,0,0,0,0,1,0,0,1,1,15,3,0,0,17,0
game-444,444,"iron-hyena-pack-pressure","red-hunter-evolution",False,30,8,1,3,3,9,5,6,,3,1,2,0,0,0,3,3,0,0,0,0,4,0,4,0,0,0,1,4,0,24,0,9,0,0,"","red.ancestor.firsthunter",0,4,0,10,0,12,3,5,1,0,0,0,1,4,1,3,0,0,20,0,19,0,19,0,3,0,11,0,49,30,0,0,0,2,1,6,0,0,2,2,13,3,0,0,21,12
game-445,445,"red-hunter-evolution","iron-hyena-pack-pressure",False,23,6,3,1,3,11,10,10,18,2,0,2,0,0,0,3,1,2,1,0,1,6,6,6,5,1,2,2,7,0,4,0,3,0,0,"","red.ancestor.firsthunter",0,0,0,2,0,7,6,0,0,0,0,0,4,9,2,6,0,0,10,0,10,0,10,0,4,0,5,0,32,24,0,0,0,0,1,6,0,0,1,2,7,3,0,1,10,11
game-446,446,"iron-hyena-pack-pressure","red-hunter-evolution",False,25,7,1,3,3,9,5,13,21,2,1,1,0,0,0,2,1,1,1,0,1,2,4,2,4,0,0,2,6,0,16,0,7,0,0,"","red.ancestor.firsthunter",0,2,0,6,0,9,2,1,0,0,0,0,0,5,0,4,0,0,15,0,14,0,14,0,1,0,10,0,40,24,0,0,0,3,1,6,0,0,1,2,20,3,1,1,27,6
game-447,447,"iron-hyena-pack-pressure","red-hunter-evolution",False,14,4,0,3,3,9,10,,,0,0,0,0,0,0,0,0,0,0,0,0,0,0,0,0,0,0,0,5,0,7,0,3,0,0,"","red.ancestor.firsthunter",0,0,0,2,0,2,0,0,0,0,0,0,0,1,0,1,0,0,7,0,7,0,7,0,1,0,3,0,21,14,0,0,0,1,0,0,0,0,0,1,7,3,0,0,5,0
game-448,448,"iron-hyena-pack-pressure","red-hunter-evolution",False,27,7,1,3,3,9,5,9,,2,1,1,0,0,0,2,1,1,0,0,0,2,4,2,4,1,0,0,2,0,20,0,10,0,0,"","red.ancestor.firsthunter",0,6,0,14,0,10,2,3,0,0,0,0,3,1,1,1,0,0,17,0,16,0,16,0,4,0,8,0,44,26,0,0,0,2,3,4,0,1,2,2,15,3,1,1,25,0
game-449,449,"red-hunter-evolution","iron-hyena-pack-pressure",False,18,5,3,2,3,9,5,10,,0,0,0,0,0,0,2,2,0,0,0,0,0,0,0,0,0,0,0,4,0,2,0,2,0,0,"","red.ancestor.grandmother",0,1,0,4,0,6,4,4,0,0,0,0,0,13,0,7,0,0,9,0,9,0,9,0,0,0,6,0,27,18,0,0,0,1,1,4,0,0,1,1,7,3,1,0,18,10
game-450,450,"red-hunter-evolution","iron-hyena-pack-pressure",False,20,5,3,2,3,6,5,10,18,1,1,0,0,0,0,2,1,1,1,0,1,0,4,0,4,0,0,1,3,0,9,0,4,0,0,"","red.ancestor.firsthunter",0,0,0,2,0,7,5,0,0,0,0,0,0,16,0,9,0,0,10,0,10,0,10,0,0,0,8,0,30,20,0,0,0,2,4,7,2,0,1,1,12,3,1,0,15,25
game-451,451,"iron-hyena-pack-pressure","red-hunter-evolution",False,14,4,0,3,3,6,5,9,,1,0,1,0,0,0,1,1,0,0,0,0,2,0,2,0,0,0,0,2,0,15,0,5,0,0,"","red.ancestor.firsthunter",0,0,0,2,0,4,1,0,0,0,0,0,0,0,0,0,0,0,6,0,6,0,6,0,1,0,5,0,20,14,0,0,0,0,1,0,0,0,0,1,13,3,0,0,8,5
game-452,452,"iron-hyena-pack-pressure","red-hunter-evolution",False,19,5,1,3,3,8,10,9,,2,0,2,0,0,0,2,2,0,0,0,0,4,0,4,0,0,0,0,2,0,2,0,1,0,0,"","red.ancestor.firsthunter",0,0,0,2,0,4,3,0,0,0,0,0,0,6,0,5,0,0,8,0,8,0,8,0,3,0,6,0,28,18,0,0,0,1,2,2,1,0,1,1,13,3,1,1,19,5
game-453,453,"red-hunter-evolution","iron-hyena-pack-pressure",False,20,5,3,1,3,9,10,12,15,1,1,0,0,0,0,2,2,0,1,0,1,0,2,0,2,0,0,0,3,0,9,0,4,0,0,"","red.ancestor.firsthunter",0,2,0,6,0,5,2,1,0,0,0,0,0,7,0,6,0,0,5,0,5,0,5,0,1,0,5,0,25,20,0,0,0,1,0,3,0,0,1,1,5,3,1,0,5,20
game-454,454,"iron-hyena-pack-pressure","red-hunter-evolution",False,22,6,1,3,3,9,10,10,,1,0,1,0,0,0,3,1,2,0,0,0,4,6,4,6,0,1,0,5,0,14,0,6,0,0,"","red.ancestor.firsthunter",0,2,0,6,0,6,1,1,0,0,0,0,0,7,0,5,0,0,11,0,11,0,11,0,2,0,6,0,33,22,0,0,0,1,0,3,0,0,1,1,7,3,0,0,14,10
game-455,455,"iron-hyena-pack-pressure","red-hunter-evolution",False,19,5,1,3,3,9,5,11,,3,1,2,0,0,0,2,1,1,0,0,0,4,2,3,2,1,0,2,4,0,9,0,5,0,0,"","red.ancestor.grandmother",0,3,0,8,0,6,2,3,0,0,0,0,0,4,0,4,0,0,12,0,11,0,11,0,1,0,6,0,31,18,0,0,0,2,0,1,0,0,1,1,13,3,1,1,7,5
game-456,456,"iron-hyena-pack-pressure","red-hunter-evolution",False,17,5,0,3,3,9,7,9,,2,0,2,0,0,0,1,1,0,0,0,0,8,0,7,0,0,0,0,0,0,9,0,3,0,0,"","red.ancestor.firsthunter",0,1,0,4,0,4,0,2,0,0,0,0,0,1,0,1,0,0,12,0,11,0,11,0,4,0,6,0,29,16,0,0,0,1,1,0,0,0,1,1,,3,1,1,20,0
game-457,457,"iron-hyena-pack-pressure","red-hunter-evolution",False,19,5,0,3,3,9,5,10,18,0,0,0,0,0,0,2,2,0,1,0,1,0,2,0,2,0,1,0,5,0,14,0,6,0,0,"","red.ancestor.firsthunter",0,0,0,2,0,6,1,0,0,0,0,0,0,6,0,6,0,0,9,0,9,0,9,0,0,0,6,0,29,18,0,0,0,0,0,4,0,0,1,1,15,3,1,1,20,0
game-458,458,"iron-hyena-pack-pressure","red-hunter-evolution",False,19,5,2,3,3,11,10,12,,1,0,1,0,0,0,2,2,0,0,0,0,2,0,2,0,1,0,0,6,0,7,0,3,0,0,"","red.ancestor.firsthunter",0,0,0,2,0,4,3,0,0,0,0,0,0,6,0,4,0,0,8,0,8,0,8,0,1,0,6,0,28,18,0,0,0,3,0,0,0,0,1,1,5,3,1,1,13,9
game-459,459,"iron-hyena-pack-pressure","red-hunter-evolution",False,16,4,0,3,3,9,7,11,,1,0,1,0,0,0,0,0,0,0,0,0,2,0,2,0,1,0,0,0,0,13,0,5,0,0,"","red.ancestor.grandmother",0,1,0,4,0,4,0,1,0,0,0,0,0,0,0,0,0,0,6,0,6,0,6,0,0,0,4,0,22,16,0,0,0,0,1,0,0,0,1,1,,3,0,0,15,0
game-460,460,"iron-hyena-pack-pressure","red-hunter-evolution",False,17,5,0,3,8,11,5,11,,1,0,1,0,0,0,1,1,0,0,0,0,2,0,2,0,0,0,2,3,0,12,0,5,0,0,"","red.ancestor.firsthunter",0,0,0,2,0,5,2,0,0,0,0,0,1,1,1,1,0,0,7,0,7,0,7,0,1,0,4,0,25,16,0,0,0,2,1,1,0,0,1,1,15,8,1,1,19,0
game-461,461,"iron-hyena-pack-pressure","red-hunter-evolution",False,17,5,1,3,3,11,10,12,,1,0,1,0,0,0,1,1,0,0,0,0,6,0,2,0,0,0,0,3,0,7,0,3,0,0,"","red.ancestor.firsthunter",0,0,0,2,0,3,2,0,0,0,0,0,1,0,1,0,0,0,10,0,9,0,9,0,1,0,5,0,27,16,0,0,0,2,0,1,0,1,1,1,5,3,1,1,14,9
game-462,462,"red-hunter-evolution","iron-hyena-pack-pressure",False,28,7,3,2,3,9,7,15,21,1,0,1,0,0,0,3,2,1,1,0,1,2,4,2,4,0,1,2,2,0,25,0,10,0,0,"","red.ancestor.grandmother",0,2,0,6,0,10,5,2,0,0,0,0,1,11,1,7,0,0,9,0,9,0,9,0,2,0,7,0,37,28,0,0,0,2,0,4,0,0,2,2,20,3,1,0,10,20
game-463,463,"red-hunter-evolution","iron-hyena-pack-pressure",False,26,7,3,2,3,9,7,9,18,1,0,1,0,0,0,2,2,0,1,0,1,2,2,2,2,1,0,0,3,0,19,0,8,0,0,"","red.ancestor.firsthunter",0,4,0,10,0,9,4,3,0,0,0,0,0,6,0,6,0,0,10,0,10,0,10,0,3,0,7,0,36,26,0,0,0,1,0,5,0,0,1,2,15,3,1,0,15,13
game-464,464,"red-hunter-evolution","iron-hyena-pack-pressure",False,18,5,3,1,3,5,10,10,,0,0,0,0,0,0,1,1,0,0,0,0,0,0,0,0,0,0,0,1,0,4,0,3,0,0,"","red.ancestor.firsthunter",0,2,0,6,0,4,2,2,0,0,0,0,2,6,1,3,0,0,4,0,4,0,4,0,2,0,2,0,22,18,0,0,0,0,0,2,0,1,1,1,4,3,1,0,13,24
game-465,465,"iron-hyena-pack-pressure","red-hunter-evolution",False,19,5,0,3,3,11,7,12,18,0,0,0,0,0,0,1,1,0,1,0,1,0,2,0,2,0,0,0,3,0,12,0,5,0,0,"","red.ancestor.firsthunter",0,0,0,2,0,5,2,0,0,0,0,0,2,3,1,3,0,0,10,0,10,0,10,0,3,0,6,0,30,18,0,0,0,1,0,2,0,0,1,1,15,3,1,1,12,0
game-466,466,"red-hunter-evolution","iron-hyena-pack-pressure",False,23,6,3,2,3,9,7,12,18,1,0,1,0,0,0,2,2,0,1,0,1,4,2,4,2,0,0,0,5,0,16,0,8,0,0,"","red.ancestor.firsthunter",0,3,0,8,0,8,5,1,0,0,0,0,1,5,1,5,0,0,11,0,11,0,11,0,2,0,8,0,33,24,0,0,0,1,1,5,0,1,1,2,5,3,0,1,14,23
game-467,467,"iron-hyena-pack-pressure","red-hunter-evolution",False,27,7,0,3,3,9,5,10,,2,1,1,0,0,0,3,2,1,0,0,0,2,2,2,2,0,0,1,6,0,25,0,9,0,0,"","red.ancestor.grandmother",0,1,0,4,0,10,2,4,0,0,0,0,1,5,1,4,0,0,17,0,17,0,17,0,4,0,10,0,45,26,0,0,0,2,3,6,0,0,2,2,15,3,1,1,13,0
game-468,468,"iron-hyena-pack-pressure","red-hunter-evolution",False,17,5,0,3,3,9,5,13,,1,0,1,0,0,0,1,1,0,0,0,0,2,0,1,0,0,0,0,2,0,10,0,4,0,0,"","red.ancestor.grandmother",0,1,0,4,0,5,1,4,0,0,0,0,0,5,0,4,0,0,9,0,9,0,9,0,1,0,6,0,27,16,0,0,0,1,1,2,0,0,1,1,15,3,1,1,26,0
game-469,469,"iron-hyena-pack-pressure","red-hunter-evolution",False,17,5,0,3,3,8,5,8,,3,0,3,0,0,0,1,1,0,0,0,0,8,0,8,0,0,0,1,1,0,10,0,4,0,0,"","red.ancestor.firsthunter",0,1,0,4,0,5,0,1,0,0,0,0,0,1,0,1,0,0,12,0,12,0,12,0,5,0,8,0,30,16,0,0,0,1,0,0,0,0,1,1,,3,1,1,23,0
game-470,470,"red-hunter-evolution","iron-hyena-pack-pressure",False,23,6,3,1,3,9,5,10,18,0,0,0,0,0,0,2,2,0,1,0,1,0,2,0,2,0,0,0,4,0,5,0,3,0,0,"","red.ancestor.grandmother",0,1,0,4,0,9,7,2,0,0,0,0,0,3,0,2,0,0,11,0,11,0,11,0,1,0,7,0,33,24,0,0,0,1,1,8,0,0,1,2,12,3,0,1,13,25
game-471,471,"red-hunter-evolution","iron-hyena-pack-pressure",False,31,8,3,2,3,9,5,9,20,4,1,3,0,0,0,3,2,1,1,0,1,12,4,8,4,0,2,2,6,0,22,0,7,0,0,"","red.ancestor.grandmother",0,1,0,4,0,13,6,2,0,0,0,0,0,4,0,2,0,0,12,0,12,0,12,0,5,0,9,0,42,32,0,0,0,2,1,5,0,0,2,3,18,3,0,1,12,20
game-472,472,"iron-hyena-pack-pressure","red-hunter-evolution",False,27,7,0,3,3,9,7,15,,1,0,1,0,0,0,3,0,3,0,0,0,2,10,1,10,1,2,0,2,0,26,0,9,0,0,"","red.ancestor.grandmother",0,3,0,8,0,9,1,2,0,0,0,0,0,9,0,6,0,0,16,0,15,0,15,0,2,0,9,0,43,26,0,0,0,4,1,6,0,0,2,2,23,3,1,1,14,0
game-473,473,"iron-hyena-pack-pressure","red-hunter-evolution",False,17,5,0,3,3,8,7,11,,1,0,1,0,0,0,1,1,0,0,0,0,2,0,2,0,0,0,1,2,0,3,0,2,0,0,"","red.ancestor.firsthunter",0,1,0,4,0,4,0,4,0,0,0,0,0,6,0,4,0,0,10,0,10,0,10,0,1,0,7,0,28,16,0,0,0,2,1,1,0,0,1,1,,3,1,1,20,0
game-474,474,"iron-hyena-pack-pressure","red-hunter-evolution",False,25,7,0,3,3,6,10,13,,1,0,1,0,0,0,2,1,1,0,0,0,4,2,4,2,0,1,0,8,0,22,0,8,0,0,"","red.ancestor.grandmother",0,4,0,10,0,7,1,3,0,0,0,0,1,2,0,2,1,0,14,0,14,0,14,0,3,0,10,0,40,24,0,0,0,1,1,7,0,0,1,2,23,3,1,1,13,0
game-475,475,"iron-hyena-pack-pressure","red-hunter-evolution",False,16,4,0,3,3,9,5,9,,1,0,1,0,0,0,2,2,0,0,0,0,2,0,2,0,0,0,1,3,0,13,0,5,0,0,"","red.ancestor.firsthunter",0,0,0,2,0,5,2,0,0,0,0,0,1,2,1,2,0,0,9,0,9,0,9,0,1,0,6,0,25,16,0,0,0,2,1,1,0,0,1,1,15,3,0,0,16,0
game-476,476,"red-hunter-evolution","iron-hyena-pack-pressure",False,20,5,3,2,3,11,7,12,,2,0,2,0,0,0,2,2,0,0,0,0,6,0,6,0,0,0,1,3,0,11,0,6,0,0,"","red.ancestor.firsthunter",0,0,0,2,0,6,7,0,0,0,0,0,5,3,4,3,0,0,8,0,7,0,7,0,2,0,4,0,27,20,0,0,0,0,0,4,0,2,1,1,5,3,1,0,14,14
game-477,477,"red-hunter-evolution","iron-hyena-pack-pressure",False,39,10,3,2,3,11,5,11,18,5,2,3,0,0,0,5,2,3,1,0,1,6,14,6,14,2,2,2,8,0,29,0,13,0,0,"","red.ancestor.firsthunter",0,6,0,14,0,17,5,2,2,0,0,0,2,6,0,6,1,0,22,0,22,0,22,0,6,0,11,0,60,40,0,0,0,3,0,11,0,0,2,4,13,3,0,1,13,10
game-478,478,"iron-hyena-pack-pressure","red-hunter-evolution",False,17,5,0,3,3,9,7,12,,1,0,1,0,0,0,1,1,0,0,0,0,6,0,4,0,0,0,0,3,0,11,0,5,0,0,"","red.ancestor.firsthunter",0,0,0,2,0,4,2,0,0,0,0,0,1,0,1,0,0,0,13,0,11,0,11,0,3,0,5,0,29,16,0,0,0,3,0,1,0,0,1,1,13,3,1,1,15,5
game-479,479,"red-hunter-evolution","iron-hyena-pack-pressure",False,20,5,3,2,3,6,10,10,13,1,1,0,0,0,0,2,1,1,1,0,1,0,6,0,6,0,0,2,1,0,10,0,5,0,0,"","red.ancestor.firsthunter",0,0,0,2,0,5,5,0,0,0,0,0,1,6,1,5,0,0,8,0,8,0,8,0,0,0,6,0,28,20,0,0,0,2,0,6,0,1,1,1,5,3,1,0,9,26
game-480,480,"iron-hyena-pack-pressure","red-hunter-evolution",False,22,6,0,3,3,9,5,9,,2,1,1,0,0,0,3,3,0,0,0,0,2,0,2,0,0,0,2,2,0,21,0,7,0,0,"","red.ancestor.grandmother",0,1,0,4,0,8,0,0,0,0,0,0,0,5,0,5,0,0,10,0,10,0,10,0,2,0,6,0,32,22,0,0,0,1,0,1,0,0,1,1,,3,0,0,19,0
game-481,481,"red-hunter-evolution","iron-hyena-pack-pressure",False,21,6,3,2,3,9,7,9,21,2,0,2,0,0,0,2,2,0,1,0,1,6,2,5,1,0,0,1,6,0,11,0,6,0,0,"","red.ancestor.firsthunter",0,2,0,6,0,7,4,1,0,0,0,0,1,4,1,3,0,0,7,0,7,0,7,0,1,0,6,0,27,22,0,0,0,0,0,0,0,0,1,1,5,3,0,1,12,21
game-482,482,"red-hunter-evolution","iron-hyena-pack-pressure",False,18,5,3,2,3,8,7,7,,1,0,1,0,0,0,2,1,1,0,0,0,8,2,4,2,1,0,1,2,0,4,0,2,0,0,"","red.ancestor.firsthunter",0,0,0,2,0,5,7,0,0,0,0,0,5,3,2,2,0,0,10,0,10,0,10,0,3,0,6,0,28,18,0,0,0,1,1,3,0,1,1,1,10,3,1,0,14,17
game-483,483,"red-hunter-evolution","iron-hyena-pack-pressure",False,21,6,3,1,3,9,5,8,15,1,0,1,0,0,0,2,1,1,1,0,1,2,4,2,4,0,0,0,6,0,11,0,5,0,0,"","red.ancestor.firsthunter",0,2,0,6,0,8,2,1,0,0,0,0,0,8,0,6,0,0,8,0,8,0,8,0,1,0,5,0,28,22,0,0,0,1,1,3,0,0,1,1,13,3,0,1,17,24
game-484,484,"red-hunter-evolution","iron-hyena-pack-pressure",False,31,8,3,2,3,11,10,7,15,2,1,1,0,0,0,4,1,3,1,0,1,4,14,4,12,3,0,0,2,0,29,0,11,0,0,"","red.ancestor.firsthunter",0,3,0,8,0,11,6,2,0,0,0,0,0,4,0,4,0,0,12,0,12,0,12,0,2,0,9,0,42,32,0,0,0,1,1,7,0,0,2,2,13,3,0,1,13,12
game-485,485,"iron-hyena-pack-pressure","red-hunter-evolution",False,19,5,0,3,3,9,7,10,18,2,1,1,0,0,0,2,2,0,1,0,1,2,2,2,2,2,0,0,6,0,8,0,4,0,0,"","red.ancestor.grandmother",0,1,0,4,0,5,1,1,0,0,0,0,0,5,0,5,0,0,13,0,12,0,12,0,2,0,6,0,32,18,0,0,0,1,0,2,0,0,1,1,15,3,1,1,20,0
game-486,486,"red-hunter-evolution","iron-hyena-pack-pressure",False,23,6,3,2,3,17,5,10,20,1,0,1,0,0,0,3,2,1,1,0,1,2,4,2,4,0,0,0,9,0,18,0,8,0,0,"","red.ancestor.firsthunter",0,2,0,6,0,9,3,1,0,0,0,0,4,5,2,4,0,0,7,0,7,0,7,0,3,0,5,0,29,24,0,0,0,0,0,4,0,2,1,1,15,3,0,1,14,15
game-487,487,"iron-hyena-pack-pressure","red-hunter-evolution",False,19,5,0,3,3,8,5,13,18,1,1,0,0,0,0,2,1,1,1,0,1,0,4,0,4,0,1,1,6,0,10,0,4,0,0,"","red.ancestor.grandmother",0,2,0,6,0,6,1,5,0,0,0,0,0,7,0,5,0,0,13,0,12,0,12,0,2,0,7,0,32,18,0,0,0,3,0,2,0,0,1,1,15,3,1,1,21,0
game-488,488,"red-hunter-evolution","iron-hyena-pack-pressure",False,26,7,3,2,3,18,7,13,20,2,1,1,0,0,0,3,3,0,1,0,1,2,2,2,2,1,0,1,7,0,15,0,9,0,0,"","red.ancestor.grandmother",0,2,0,6,0,9,5,3,0,0,0,0,2,11,2,9,0,0,13,0,13,0,13,0,3,0,9,0,39,26,0,0,0,2,0,6,0,2,1,2,15,3,1,0,13,12
game-489,489,"iron-hyena-pack-pressure","red-hunter-evolution",False,25,7,2,3,3,11,10,11,21,3,0,3,0,0,0,2,1,1,1,0,1,10,4,8,4,0,0,1,9,0,8,0,5,0,0,"","red.ancestor.grandmother",0,1,0,4,0,7,5,1,0,0,0,0,3,5,2,5,0,0,16,0,15,0,15,0,4,0,9,0,41,24,0,0,0,3,2,5,0,2,1,2,5,3,1,1,24,16
game-490,490,"red-hunter-evolution","iron-hyena-pack-pressure",False,31,8,3,1,3,8,5,12,,1,1,0,0,0,0,4,1,3,0,0,0,0,16,0,10,0,0,6,3,0,26,0,10,0,0,"","red.ancestor.firsthunter",0,3,0,8,0,13,5,4,0,0,0,0,0,2,0,2,0,0,12,0,12,0,12,0,1,0,8,0,42,32,0,0,0,1,0,7,0,0,2,3,13,3,0,1,5,18
game-491,491,"iron-hyena-pack-pressure","red-hunter-evolution",False,25,7,0,3,3,8,5,10,,2,1,1,0,0,0,3,2,1,0,0,0,2,2,2,2,3,0,0,3,0,6,0,3,0,0,"","red.ancestor.firsthunter",0,2,0,6,0,9,1,4,0,0,0,0,1,7,1,7,0,0,16,0,16,0,16,0,5,0,10,0,42,24,0,0,0,4,1,3,0,0,1,2,,3,1,1,13,0
game-492,492,"iron-hyena-pack-pressure","red-hunter-evolution",False,16,4,0,3,3,8,5,15,,0,0,0,0,0,0,1,0,1,0,0,0,0,2,0,2,0,1,0,3,0,15,0,5,0,0,"","red.ancestor.firsthunter",0,0,0,2,0,5,0,0,0,0,0,0,0,0,0,0,0,0,4,0,4,0,4,0,1,0,4,0,20,16,0,0,0,1,0,0,0,0,1,1,,3,0,0,15,0
game-493,493,"iron-hyena-pack-pressure","red-hunter-evolution",False,32,8,2,3,3,11,7,7,,3,2,1,0,0,0,4,1,3,0,0,0,2,6,1,6,1,1,1,3,0,28,0,11,0,0,"","red.ancestor.firsthunter",0,6,0,14,0,12,3,4,0,0,0,0,1,6,1,5,0,0,18,0,17,0,17,0,3,0,10,0,49,32,1,0,0,1,1,5,0,0,2,3,13,3,0,0,19,7
game-494,494,"iron-hyena-pack-pressure","red-hunter-evolution",False,27,7,2,3,3,11,7,11,20,3,1,2,0,0,0,3,1,2,1,0,1,8,8,8,8,0,1,1,2,0,13,0,6,0,0,"","red.ancestor.firsthunter",0,2,0,6,0,9,2,3,0,0,0,0,0,5,0,5,0,0,19,0,18,0,18,0,6,0,9,0,46,26,0,0,0,1,1,5,0,0,2,2,5,3,1,1,17,16
game-495,495,"iron-hyena-pack-pressure","red-hunter-evolution",False,25,7,0,3,3,9,10,13,,2,1,1,0,0,0,2,2,0,0,0,0,2,0,2,0,2,0,2,8,0,22,0,8,0,0,"","red.ancestor.firsthunter",0,3,0,8,0,7,2,1,0,0,0,0,1,4,1,4,0,0,11,0,11,0,11,0,3,0,7,0,37,24,0,0,0,1,0,1,0,0,1,2,15,3,1,1,21,0
game-496,496,"red-hunter-evolution","iron-hyena-pack-pressure",False,42,11,3,2,6,9,7,10,,4,0,4,0,0,0,5,2,3,0,0,0,10,8,10,8,0,2,1,5,0,10,0,5,0,0,"","red.ancestor.firsthunter",0,3,0,8,0,17,0,11,0,0,0,0,3,10,3,7,0,0,21,0,21,0,21,0,4,0,12,0,63,42,0,0,0,1,0,14,0,0,3,4,29,6,1,0,17,11
game-497,497,"iron-hyena-pack-pressure","red-hunter-evolution",False,17,5,0,3,3,8,7,9,,2,0,2,0,0,0,0,0,0,0,0,0,4,0,3,0,0,0,1,0,0,9,0,3,0,0,"","red.ancestor.firsthunter",0,1,0,4,0,4,0,1,0,0,0,0,0,4,0,2,0,0,10,0,10,0,10,0,4,0,6,0,28,16,0,0,0,1,0,1,0,0,1,1,,3,1,1,26,0
game-498,498,"red-hunter-evolution","iron-hyena-pack-pressure",False,34,9,3,2,3,9,7,7,,3,2,1,0,0,0,5,3,2,0,0,0,2,6,2,6,0,0,2,4,0,11,0,4,0,0,"","red.ancestor.firsthunter",0,1,0,4,0,13,0,5,0,0,0,0,1,3,1,3,0,0,17,0,17,0,17,0,2,0,9,0,51,34,0,0,0,1,2,12,0,0,2,2,26,3,1,0,8,8
game-499,499,"red-hunter-evolution","iron-hyena-pack-pressure",False,23,6,3,2,3,12,10,12,,1,1,0,0,0,0,2,2,0,0,0,0,0,0,0,0,0,0,2,3,0,14,0,6,0,0,"","red.ancestor.firsthunter",0,4,0,10,0,7,3,2,0,0,0,0,0,9,0,5,0,0,9,0,9,0,9,0,0,0,5,0,31,24,0,0,0,1,0,2,0,0,1,1,5,3,0,1,18,28
game-500,500,"iron-hyena-pack-pressure","red-hunter-evolution",False,17,5,0,3,3,9,7,13,,0,0,0,0,0,0,1,1,0,0,0,0,0,0,0,0,0,1,1,8,0,7,0,3,0,0,"","red.ancestor.firsthunter",0,0,0,2,0,4,1,0,0,0,0,0,0,1,0,1,0,0,7,0,7,0,7,0,0,0,5,0,25,16,0,0,0,1,0,2,0,0,1,1,15,3,1,1,22,0
game-501,501,"red-hunter-evolution","iron-hyena-pack-pressure",False,15,4,3,1,3,12,10,11,,1,0,1,0,0,0,2,2,0,0,0,0,4,0,4,0,0,0,1,7,0,4,0,2,0,0,"","red.ancestor.grandmother",0,1,0,4,0,3,4,1,0,0,0,0,1,1,1,1,0,0,5,0,5,0,5,0,1,0,3,0,19,16,0,0,0,1,0,2,0,0,0,1,5,3,0,1,3,20
game-502,502,"iron-hyena-pack-pressure","red-hunter-evolution",False,17,5,0,3,3,9,10,9,,1,0,1,0,0,0,2,2,0,0,0,0,2,0,2,0,0,0,1,6,0,12,0,4,0,0,"","red.ancestor.firsthunter",0,1,0,4,0,3,0,1,0,0,0,0,0,7,0,7,0,0,11,0,11,0,11,0,3,0,6,0,29,16,0,0,0,0,0,3,0,0,1,1,5,3,1,1,12,3
game-503,503,"iron-hyena-pack-pressure","red-hunter-evolution",False,25,7,2,3,6,7,10,12,18,2,2,0,0,0,0,2,2,0,1,0,1,0,2,0,2,0,0,2,6,0,9,0,5,0,0,"","red.ancestor.firsthunter",0,2,0,6,0,7,1,2,0,0,0,0,0,11,0,9,0,0,13,0,12,0,12,0,1,0,8,0,38,24,0,0,0,0,0,4,0,0,1,1,7,6,1,1,32,5
game-504,504,"red-hunter-evolution","iron-hyena-pack-pressure",False,31,8,3,1,3,9,7,15,29,2,2,0,0,0,0,3,3,0,1,0,1,0,2,0,2,0,0,1,5,0,29,0,13,0,0,"","red.ancestor.grandmother",0,6,0,14,0,12,4,4,0,0,0,0,0,9,0,7,0,0,15,0,15,0,15,0,0,0,9,0,45,32,0,0,0,1,0,8,0,0,2,2,21,3,0,1,9,15
game-505,505,"red-hunter-evolution","iron-hyena-pack-pressure",False,23,6,3,2,3,6,5,10,20,2,0,2,0,0,0,3,3,0,1,0,1,8,2,6,2,1,0,0,4,0,6,0,3,0,0,"","red.ancestor.firsthunter",0,1,0,4,0,9,0,7,0,0,0,0,5,8,2,7,0,0,14,0,13,0,13,0,4,0,7,0,35,24,0,0,0,1,2,4,0,2,1,1,13,3,0,1,13,20
game-506,506,"iron-hyena-pack-pressure","red-hunter-evolution",False,16,4,1,3,3,6,7,12,,0,0,0,0,0,0,2,2,0,0,0,0,0,0,0,0,0,0,0,3,0,6,0,3,0,0,"","red.ancestor.firsthunter",0,0,0,2,0,4,2,0,0,0,0,0,2,5,1,4,0,0,10,0,10,0,10,0,2,0,5,0,26,16,0,0,0,0,0,2,0,0,1,1,5,3,0,0,16,6
game-507,507,"red-hunter-evolution","iron-hyena-pack-pressure",False,20,5,3,2,3,11,12,7,20,2,1,1,0,0,0,2,1,1,1,0,1,2,4,2,4,0,0,1,6,0,4,0,4,0,0,"","red.ancestor.firsthunter",0,0,0,2,0,4,4,0,0,0,0,0,1,3,1,3,0,0,9,0,9,0,9,0,1,0,6,0,29,20,0,0,0,1,2,2,0,0,1,1,10,3,1,0,10,18
game-508,508,"iron-hyena-pack-pressure","red-hunter-evolution",False,25,7,0,3,3,19,7,7,,1,1,0,0,0,0,4,2,2,0,0,0,0,4,0,4,0,0,1,2,0,22,0,7,0,0,"","red.ancestor.firsthunter",0,1,0,4,0,8,0,2,0,0,0,0,0,11,0,9,0,0,17,0,16,0,16,0,2,0,8,0,42,24,0,0,0,3,5,8,0,0,1,2,,3,1,1,18,0
game-509,509,"iron-hyena-pack-pressure","red-hunter-evolution",False,19,5,0,3,3,8,7,11,,3,1,2,0,0,0,2,2,0,0,0,0,10,0,5,0,1,0,2,6,0,10,0,5,0,0,"","red.ancestor.firsthunter",0,2,0,6,0,5,1,0,0,0,0,0,1,2,1,2,0,0,8,0,8,0,8,0,2,0,6,0,28,18,0,0,0,0,1,2,0,0,1,1,13,3,1,1,9,5
game-510,510,"red-hunter-evolution","iron-hyena-pack-pressure",False,15,4,3,0,3,5,10,10,,0,0,0,0,0,0,2,2,0,0,0,0,0,0,0,0,0,0,0,4,0,5,0,2,0,0,"","red.ancestor.firsthunter",0,1,0,4,0,3,1,3,0,0,0,0,0,11,0,6,0,0,4,0,4,0,4,0,0,0,2,0,18,16,0,0,0,0,0,2,0,0,0,1,4,3,0,1,3,24
game-511,511,"red-hunter-evolution","iron-hyena-pack-pressure",False,23,6,3,2,3,6,5,10,,1,0,1,0,0,0,3,2,1,0,0,0,8,2,4,2,0,0,0,0,0,3,0,1,0,0,"","red.ancestor.firsthunter",0,0,0,2,0,9,7,0,0,0,0,0,1,3,1,3,0,0,9,0,9,0,9,0,1,0,6,0,31,24,0,0,0,2,0,4,0,1,1,1,13,3,0,1,5,15
game-512,512,"iron-hyena-pack-pressure","red-hunter-evolution",False,24,6,0,3,3,11,7,9,,3,1,2,0,0,0,2,2,0,0,0,0,4,0,4,0,2,1,2,0,0,25,0,7,0,0,"","red.ancestor.grandmother",0,3,0,8,0,8,0,3,0,0,0,0,0,3,0,3,0,0,14,0,14,0,14,0,5,0,9,0,38,24,0,0,0,1,2,3,0,0,1,2,,3,0,0,17,0
game-513,513,"iron-hyena-pack-pressure","red-hunter-evolution",False,19,5,1,3,3,9,5,12,15,1,1,0,0,0,0,2,2,0,1,0,1,0,2,0,2,0,0,0,5,0,11,0,5,0,0,"","red.ancestor.firsthunter",0,0,0,2,0,6,3,0,0,0,0,0,0,7,0,5,0,0,11,0,11,0,11,0,0,0,7,0,31,18,0,0,0,1,1,3,0,0,1,1,13,3,1,1,17,5
game-514,514,"iron-hyena-pack-pressure","red-hunter-evolution",False,19,5,1,3,3,6,5,10,,1,0,1,0,0,0,3,3,0,0,0,0,4,0,4,0,1,0,0,4,0,11,0,6,0,0,"","red.ancestor.firsthunter",0,2,0,6,0,6,4,1,0,0,0,0,0,6,0,4,0,0,9,0,9,0,9,0,3,0,5,0,29,18,1,0,0,2,1,1,0,0,1,1,7,3,1,1,15,6
game-515,515,"iron-hyena-pack-pressure","red-hunter-evolution",False,19,5,2,3,3,11,7,10,,2,1,1,0,0,0,1,1,0,0,0,0,4,0,4,0,1,0,2,0,0,2,0,2,0,0,"","red.ancestor.firsthunter",0,0,0,2,0,5,4,0,0,0,0,0,7,3,2,3,0,0,12,0,12,0,12,0,3,0,7,0,32,18,0,0,0,2,2,2,0,0,1,1,5,3,1,1,15,4
game-516,516,"iron-hyena-pack-pressure","red-hunter-evolution",False,24,6,1,3,3,9,7,12,15,0,0,0,0,0,0,2,2,0,1,0,1,0,2,0,2,0,0,0,6,0,22,0,9,0,0,"","red.ancestor.firsthunter",0,3,0,8,0,8,3,2,0,0,0,0,1,9,1,8,0,0,13,0,13,0,13,0,2,0,9,0,37,24,0,0,0,3,0,4,0,0,1,1,13,3,0,0,17,8
game-517,517,"red-hunter-evolution","iron-hyena-pack-pressure",False,15,4,3,0,3,5,10,10,,1,1,0,0,0,0,2,2,0,0,0,0,0,0,0,0,0,0,2,4,0,3,0,2,0,0,"","red.ancestor.firsthunter",0,0,0,2,0,3,4,0,0,0,0,0,0,4,0,3,0,0,3,0,3,0,3,0,0,0,3,0,17,16,0,0,0,1,0,2,0,0,0,1,4,3,0,1,4,22
game-518,518,"iron-hyena-pack-pressure","red-hunter-evolution",False,11,3,0,3,3,8,5,8,,1,0,1,0,0,0,0,0,0,0,0,0,2,0,2,0,0,0,0,0,0,4,0,2,0,0,"","red.ancestor.firsthunter",0,1,0,4,0,2,0,1,0,0,0,0,0,0,0,0,0,0,8,0,8,0,8,0,1,0,4,0,20,10,0,0,0,0,1,0,0,0,0,0,,3,1,1,19,0
game-519,519,"iron-hyena-pack-pressure","red-hunter-evolution",False,19,5,0,3,3,9,10,10,,2,0,2,0,0,0,2,2,0,0,0,0,4,0,4,0,0,0,2,5,0,13,0,5,0,0,"","red.ancestor.grandmother",0,2,0,6,0,4,0,3,0,0,0,0,0,4,0,4,0,0,12,0,12,0,12,0,2,0,6,0,32,18,0,0,0,1,0,1,0,0,1,1,5,3,1,1,18,6
game-520,520,"iron-hyena-pack-pressure","red-hunter-evolution",False,25,7,1,3,3,9,5,8,18,2,1,1,0,0,0,3,2,1,1,0,1,2,4,2,4,0,0,1,5,0,13,0,5,0,0,"","red.ancestor.grandmother",0,2,0,6,0,9,2,6,0,0,0,0,0,9,0,8,0,0,17,0,17,0,17,0,3,0,10,0,43,24,0,0,0,2,1,4,0,0,1,2,13,3,1,1,27,5
game-521,521,"iron-hyena-pack-pressure","red-hunter-evolution",False,19,5,0,3,3,8,7,10,,3,1,2,0,0,0,3,2,1,0,0,0,4,2,3,2,1,0,0,5,0,8,0,4,0,0,"","red.ancestor.firsthunter",0,1,0,4,0,5,0,2,0,0,0,0,1,4,1,4,0,0,9,0,9,0,9,0,2,0,6,0,29,18,0,0,0,1,1,2,0,0,1,1,5,3,1,1,25,5
game-522,522,"iron-hyena-pack-pressure","red-hunter-evolution",False,17,5,0,3,3,9,5,8,,2,0,2,0,0,0,1,1,0,0,0,0,6,0,4,0,0,0,0,2,1,15,1,5,0,0,"iron.ancestor.firstpack","red.ancestor.firsthunter",0,0,2,2,1,5,1,0,0,0,0,0,2,0,1,0,0,0,12,0,12,0,12,0,6,0,8,0,30,16,0,0,0,1,1,1,0,0,1,1,,3,1,1,20,0
game-523,523,"red-hunter-evolution","iron-hyena-pack-pressure",False,21,6,3,1,3,9,7,10,18,0,0,0,0,0,0,2,2,0,1,0,1,0,4,0,4,1,0,1,4,0,6,0,3,0,0,"","red.ancestor.firsthunter",0,1,0,4,0,7,1,3,0,0,0,0,0,17,0,9,0,0,9,0,9,0,9,0,0,0,5,0,29,22,0,0,0,2,1,5,0,0,1,1,12,3,0,1,19,25
game-524,524,"iron-hyena-pack-pressure","red-hunter-evolution",False,25,7,0,3,3,11,10,7,,2,0,2,0,0,0,3,1,2,0,0,0,4,4,4,4,1,0,2,3,0,20,0,8,0,0,"","red.ancestor.grandmother",0,3,0,8,0,7,1,2,0,0,0,0,1,6,1,6,0,0,17,0,17,0,17,0,5,0,10,0,43,24,0,0,0,1,2,5,0,0,1,2,23,3,1,1,22,0
game-525,525,"red-hunter-evolution","iron-hyena-pack-pressure",False,29,8,3,2,3,9,10,10,18,2,2,0,0,0,0,4,3,1,1,0,1,0,4,0,4,0,0,2,3,0,9,0,4,0,0,"","red.ancestor.grandmother",0,1,0,4,0,10,7,1,0,0,0,0,0,10,0,9,0,0,13,0,13,0,13,0,0,0,8,0,41,30,0,0,0,1,3,11,0,0,2,2,13,3,0,1,15,18
game-526,526,"red-hunter-evolution","iron-hyena-pack-pressure",False,21,6,3,1,3,7,12,10,,2,1,1,0,0,0,2,2,0,0,0,0,2,0,2,0,0,0,2,4,0,7,0,5,0,0,"","red.ancestor.firsthunter",0,1,0,4,0,5,5,0,0,0,0,0,3,13,1,4,0,0,8,0,8,0,8,0,2,0,4,0,28,22,0,0,0,2,0,4,0,0,1,2,5,3,0,1,12,18
game-527,527,"iron-hyena-pack-pressure","red-hunter-evolution",False,16,4,0,3,3,8,7,13,,0,0,0,0,0,0,1,1,0,0,0,0,0,0,0,0,0,0,0,6,0,10,0,4,0,0,"","red.ancestor.firsthunter",0,1,0,4,0,4,1,1,0,0,0,0,0,4,0,3,0,0,9,0,9,0,9,0,0,0,6,0,25,16,0,0,0,0,0,1,0,0,1,1,5,3,0,0,20,6
game-528,528,"iron-hyena-pack-pressure","red-hunter-evolution",False,30,8,2,3,3,8,10,9,,3,1,2,0,0,0,4,3,1,0,0,0,6,2,6,2,1,0,0,11,0,22,0,9,0,0,"","red.ancestor.firsthunter",0,3,0,8,0,10,5,3,0,0,0,0,3,4,1,4,2,0,15,0,15,0,15,0,4,0,9,0,45,30,0,0,0,2,3,5,0,0,2,2,15,3,0,0,20,20
game-529,529,"iron-hyena-pack-pressure","red-hunter-evolution",False,22,6,0,3,3,9,7,11,,3,1,2,0,0,0,2,1,1,0,0,0,8,4,5,4,1,0,0,2,0,21,0,7,0,0,"","red.ancestor.grandmother",0,3,0,8,0,7,1,2,0,0,0,0,0,6,0,3,0,0,12,0,12,0,12,0,2,0,6,0,34,22,0,0,0,3,0,1,0,0,1,1,21,3,0,0,13,5
game-530,530,"red-hunter-evolution","iron-hyena-pack-pressure",False,23,6,3,2,6,9,7,12,18,1,0,1,0,0,0,3,2,1,1,0,1,4,6,4,4,0,0,0,3,0,8,0,4,0,0,"","red.ancestor.firsthunter",0,2,0,6,0,8,4,1,0,0,0,0,1,8,1,7,0,0,12,0,11,0,11,0,2,0,6,0,33,24,0,0,0,2,0,5,0,1,1,2,13,6,0,1,13,20
game-531,531,"red-hunter-evolution","iron-hyena-pack-pressure",False,20,5,3,1,3,9,7,6,18,3,0,3,0,0,0,2,2,0,1,0,1,8,4,8,4,0,0,0,4,0,7,0,4,0,0,"","red.ancestor.firsthunter",0,2,0,6,0,6,1,4,0,0,0,0,1,8,1,5,0,0,11,0,11,0,11,0,4,0,7,0,31,20,0,0,0,3,0,2,0,0,1,1,12,3,1,0,12,18
game-532,532,"iron-hyena-pack-pressure","red-hunter-evolution",False,17,5,0,3,3,8,7,9,,1,0,1,0,0,0,1,1,0,0,0,0,2,0,2,0,0,0,0,1,0,9,0,4,0,0,"","red.ancestor.grandmother",0,1,0,4,0,4,0,2,0,0,0,0,0,2,0,2,0,0,9,0,9,0,9,0,2,0,5,0,27,16,0,0,0,1,1,2,0,0,1,1,,3,1,1,22,0
game-533,533,"iron-hyena-pack-pressure","red-hunter-evolution",False,17,5,0,3,3,9,10,10,,1,0,1,0,0,0,2,1,1,0,0,0,2,2,2,2,0,1,0,0,0,7,0,3,0,0,"","red.ancestor.firsthunter",0,2,0,6,0,3,0,1,0,0,0,0,0,3,0,3,0,0,12,0,12,0,12,0,4,0,7,0,30,16,0,0,0,0,2,1,0,0,1,1,5,3,1,1,25,6
game-534,534,"iron-hyena-pack-pressure","red-hunter-evolution",False,25,7,2,3,3,9,5,10,18,2,1,1,0,0,0,2,2,0,1,0,1,2,4,2,4,1,0,1,3,0,18,0,7,0,0,"","red.ancestor.firsthunter",0,2,0,6,0,9,1,0,0,0,0,0,1,11,1,10,0,0,14,0,14,0,14,0,3,0,8,0,40,24,0,0,0,1,4,6,0,0,2,2,12,3,1,1,25,11
game-535,535,"red-hunter-evolution","iron-hyena-pack-pressure",False,23,6,3,2,3,9,7,12,,1,0,1,0,0,0,2,2,0,0,0,0,4,0,3,0,0,0,0,3,0,9,0,4,0,0,"","red.ancestor.firsthunter",0,1,0,4,0,8,1,6,0,0,0,0,7,3,3,3,0,0,16,0,14,0,14,0,4,0,6,0,36,24,0,0,0,1,0,5,0,1,1,1,5,3,0,1,12,16
game-536,536,"iron-hyena-pack-pressure","red-hunter-evolution",False,19,5,0,3,3,9,5,6,,2,0,2,0,0,0,0,0,0,0,0,0,4,0,4,0,0,0,0,0,0,22,0,7,0,0,"","red.ancestor.grandmother",0,3,0,8,0,6,0,4,0,0,0,0,0,0,0,0,0,0,9,0,9,0,9,0,4,0,7,0,29,18,0,0,0,0,0,0,0,0,1,1,,3,1,1,21,0
game-537,537,"red-hunter-evolution","iron-hyena-pack-pressure",False,31,8,3,2,3,9,10,10,29,4,1,3,0,0,0,5,3,2,1,0,1,6,6,6,6,0,2,0,3,0,27,0,10,0,0,"","red.ancestor.grandmother",0,4,0,10,0,11,6,3,0,0,0,0,0,6,0,6,0,0,16,0,16,0,16,0,4,0,10,0,46,32,0,0,0,1,2,8,0,0,2,3,5,3,0,1,16,21
game-538,538,"iron-hyena-pack-pressure","red-hunter-evolution",False,17,5,0,3,3,9,7,9,,2,0,2,0,0,0,2,2,0,0,0,0,4,0,3,0,0,0,0,6,0,5,0,3,0,0,"","red.ancestor.firsthunter",0,2,0,6,0,4,0,0,0,0,0,0,0,2,0,2,0,0,12,0,12,0,12,0,5,0,6,0,30,16,0,0,0,1,4,2,0,0,1,1,13,3,1,1,23,4
game-539,539,"iron-hyena-pack-pressure","red-hunter-evolution",False,22,6,1,3,3,8,10,13,18,2,1,1,0,0,0,2,2,0,1,0,1,4,2,4,2,2,1,2,7,0,20,0,7,0,0,"","red.ancestor.firsthunter",0,1,0,4,0,6,2,1,0,0,0,0,0,7,0,6,0,0,15,0,14,0,14,0,4,0,8,0,36,22,0,0,0,3,1,2,0,0,1,1,15,3,0,0,14,5
game-540,540,"iron-hyena-pack-pressure","red-hunter-evolution",False,25,7,1,3,3,9,7,9,,3,0,3,0,0,0,2,1,1,0,0,0,6,2,5,2,0,0,3,3,0,19,0,7,0,0,"","red.ancestor.firsthunter",0,2,0,6,0,8,3,1,0,0,0,0,1,3,1,3,0,0,11,0,11,0,11,0,5,0,6,0,37,24,0,0,0,0,0,1,0,0,1,2,21,3,1,1,20,7
game-541,541,"iron-hyena-pack-pressure","red-hunter-evolution",False,17,5,0,3,3,9,5,13,,0,0,0,0,0,0,1,1,0,0,0,0,0,0,0,0,0,0,0,1,0,15,0,5,0,0,"","red.ancestor.grandmother",0,2,0,6,0,5,0,3,0,0,0,0,0,2,0,2,0,0,11,0,11,0,11,0,2,0,7,0,29,16,0,0,0,0,2,2,0,0,1,1,,3,1,1,18,0
game-542,542,"red-hunter-evolution","iron-hyena-pack-pressure",False,23,6,3,2,3,9,10,12,,2,1,1,0,0,0,2,2,0,0,0,0,2,0,2,0,0,0,1,3,0,12,0,6,0,0,"","red.ancestor.firsthunter",0,3,0,8,0,7,4,1,0,0,0,0,2,8,2,6,0,0,9,0,9,0,9,0,1,0,6,0,31,24,0,0,0,0,0,2,0,1,1,1,7,3,0,1,11,18
game-543,543,"red-hunter-evolution","iron-hyena-pack-pressure",False,28,7,3,2,6,11,5,13,23,2,1,1,0,0,0,3,1,2,1,0,1,2,6,2,6,0,0,1,7,0,21,0,8,0,0,"","red.ancestor.firsthunter",0,2,0,6,0,11,7,0,2,0,0,0,2,7,2,6,0,0,17,0,16,0,16,0,3,0,9,0,44,28,0,0,0,2,2,10,0,1,2,2,7,6,1,0,15,15
game-544,544,"iron-hyena-pack-pressure","red-hunter-evolution",False,25,7,1,3,3,9,5,9,23,2,0,2,0,0,0,2,1,1,1,0,1,4,4,3,4,0,0,2,2,0,27,0,8,0,0,"","red.ancestor.firsthunter",0,2,0,6,0,9,1,1,0,0,0,0,0,8,0,6,0,0,14,0,14,0,14,0,3,0,8,0,40,24,0,0,0,3,2,4,0,0,1,2,21,3,1,1,18,7
game-545,545,"iron-hyena-pack-pressure","red-hunter-evolution",False,24,6,1,3,3,9,7,10,,3,1,2,0,0,0,3,3,0,0,0,0,6,0,5,0,1,0,1,4,0,7,0,4,0,0,"","red.ancestor.firsthunter",0,2,0,6,0,8,1,4,0,0,0,0,1,7,1,6,0,0,12,0,12,0,12,0,4,0,7,0,36,24,0,0,0,1,2,3,0,0,1,1,5,3,0,0,17,14
game-546,546,"iron-hyena-pack-pressure","red-hunter-evolution",False,25,7,0,3,3,8,5,10,,2,1,1,0,0,0,3,1,2,0,0,0,2,4,2,4,0,0,1,3,0,30,0,9,0,0,"","red.ancestor.firsthunter",0,4,0,10,0,9,0,2,0,0,0,0,0,5,0,5,0,0,13,0,13,0,13,0,2,0,9,0,39,24,0,0,0,0,1,6,0,0,2,1,,3,1,1,18,0
game-547,547,"iron-hyena-pack-pressure","red-hunter-evolution",False,16,4,0,3,3,9,5,11,,1,0,1,0,0,0,2,2,0,0,0,0,2,0,2,0,0,0,0,4,0,14,0,6,0,0,"","red.ancestor.firsthunter",0,0,0,2,0,5,2,0,0,0,0,0,3,3,1,3,0,0,10,0,10,0,10,0,2,0,5,0,26,16,0,0,0,0,1,2,0,0,1,1,15,3,0,0,13,0
game-548,548,"iron-hyena-pack-pressure","red-hunter-evolution",False,22,6,1,3,3,9,7,12,15,1,1,0,0,0,0,2,2,0,1,0,1,0,2,0,2,1,1,0,4,0,23,0,8,0,0,"","red.ancestor.firsthunter",0,2,0,6,0,7,2,1,0,0,0,0,0,9,0,7,0,0,16,0,16,0,16,0,1,0,8,0,38,22,0,0,0,1,3,4,0,0,1,1,5,3,0,0,7,16
game-549,549,"iron-hyena-pack-pressure","red-hunter-evolution",False,25,7,1,3,3,9,10,11,,2,0,2,0,0,0,2,2,0,0,0,0,8,0,7,0,1,0,0,4,0,16,0,7,0,0,"","red.ancestor.firsthunter",0,2,0,6,0,7,2,0,0,0,0,0,0,5,0,3,0,0,14,0,14,0,14,0,4,0,8,0,40,24,0,0,0,0,4,4,0,0,1,1,7,3,1,1,17,5
game-550,550,"iron-hyena-pack-pressure","red-hunter-evolution",False,19,5,1,3,3,9,5,11,,1,0,1,0,0,0,1,1,0,0,0,0,2,0,2,0,0,0,1,3,0,6,0,3,0,0,"","red.ancestor.firsthunter",0,1,0,4,0,6,0,4,0,0,0,0,0,2,0,2,0,0,10,0,10,0,10,0,0,0,7,0,30,18,0,0,0,1,0,3,0,0,1,1,13,3,1,1,9,6
game-551,551,"iron-hyena-pack-pressure","red-hunter-evolution",False,24,6,1,3,3,9,7,10,,3,1,2,0,0,0,3,3,0,0,0,0,6,0,6,0,2,1,1,1,0,21,0,7,0,0,"","red.ancestor.firsthunter",0,2,0,6,0,8,3,1,0,0,0,0,2,5,2,5,0,0,11,0,11,0,11,0,1,0,6,0,35,24,1,0,0,1,2,4,0,0,1,2,5,3,0,0,25,8
game-552,552,"red-hunter-evolution","iron-hyena-pack-pressure",False,20,5,3,1,5,9,7,9,15,2,1,1,0,0,0,2,2,0,1,0,1,2,2,2,2,0,0,2,3,0,9,0,4,0,0,"","red.ancestor.firsthunter",0,1,0,4,0,6,1,4,0,0,0,0,0,7,0,6,0,0,7,0,7,0,7,0,1,0,4,0,27,20,0,0,0,2,0,5,0,0,1,1,5,7,1,0,12,27
game-553,553,"iron-hyena-pack-pressure","red-hunter-evolution",False,17,5,1,3,3,9,5,11,,1,0,1,0,0,0,1,1,0,0,0,0,4,0,4,0,0,0,0,2,0,6,0,4,0,0,"","red.ancestor.grandmother",0,1,0,4,0,5,2,2,0,0,0,0,1,0,1,0,0,0,8,0,8,0,8,0,1,0,5,0,26,16,0,0,0,3,0,1,0,1,1,1,7,3,1,1,14,7
game-554,554,"iron-hyena-pack-pressure","red-hunter-evolution",False,17,5,0,3,3,9,12,9,,2,0,2,0,0,0,2,1,1,0,0,0,4,4,4,4,0,0,0,3,0,4,0,2,0,0,"","red.ancestor.grandmother",0,1,0,4,0,2,1,1,0,0,0,0,2,1,1,1,0,0,12,0,12,0,12,0,5,0,7,0,30,16,0,0,0,0,0,2,0,0,1,1,5,3,1,1,20,7
game-555,555,"red-hunter-evolution","iron-hyena-pack-pressure",False,26,7,3,2,3,9,10,10,21,1,0,1,0,0,0,3,3,0,1,0,1,8,2,4,2,1,0,0,0,0,10,0,6,0,0,"","red.ancestor.grandmother",0,2,0,6,0,8,3,2,0,0,0,0,3,5,1,5,0,0,14,0,14,0,14,0,3,0,9,0,40,26,0,0,0,3,2,7,0,1,2,2,5,3,1,0,18,20
game-556,556,"red-hunter-evolution","iron-hyena-pack-pressure",False,26,7,3,2,3,11,7,12,18,2,1,1,0,0,0,3,2,1,1,0,1,2,6,2,5,0,1,3,6,0,17,0,7,0,0,"","red.ancestor.firsthunter",0,2,0,6,0,9,6,1,0,0,0,0,1,15,1,10,0,0,14,0,13,0,13,0,2,0,8,0,39,26,0,0,0,1,2,7,0,0,1,2,15,3,1,0,20,13
game-557,557,"iron-hyena-pack-pressure","red-hunter-evolution",False,25,7,1,3,3,7,10,10,21,2,2,0,0,0,0,3,2,1,1,0,1,0,4,0,4,0,2,3,6,0,16,0,7,0,0,"","red.ancestor.firsthunter",0,2,0,6,0,7,1,2,0,0,0,0,0,9,0,8,0,0,23,0,21,0,21,0,4,0,10,0,47,24,0,0,0,0,1,7,0,0,1,1,5,3,1,1,13,9
game-558,558,"iron-hyena-pack-pressure","red-hunter-evolution",False,22,6,1,3,3,11,7,10,18,2,0,2,0,0,0,2,2,0,1,0,1,6,2,6,2,0,0,1,0,0,4,0,2,0,0,"","red.ancestor.firsthunter",0,0,0,2,0,7,5,0,0,0,0,0,6,3,3,3,0,0,12,0,11,0,11,0,4,0,6,0,33,22,0,0,0,1,0,3,0,0,1,1,15,3,0,0,12,4
game-559,559,"red-hunter-evolution","iron-hyena-pack-pressure",False,44,11,3,2,3,9,5,11,,4,2,2,0,0,0,4,2,2,0,0,0,6,6,6,6,1,0,2,7,0,18,0,8,0,0,"","red.ancestor.firsthunter",0,4,0,10,0,19,7,4,0,0,0,0,0,6,0,6,0,0,21,0,21,0,21,0,2,0,16,0,65,44,0,0,0,2,4,18,0,0,3,4,15,3,1,0,13,15
game-560,560,"iron-hyena-pack-pressure","red-hunter-evolution",False,11,3,0,3,3,8,10,7,,0,0,0,0,0,0,1,0,1,0,0,0,0,2,0,2,0,0,0,0,0,2,0,1,0,0,"","red.ancestor.grandmother",0,0,0,2,0,0,0,1,0,0,0,0,0,1,0,1,0,0,8,0,8,0,8,0,1,0,4,0,20,10,0,0,0,0,0,1,0,0,0,0,,3,1,1,16,0
game-561,561,"red-hunter-evolution","iron-hyena-pack-pressure",False,15,4,3,1,3,6,10,10,,1,1,0,0,0,0,2,2,0,0,0,0,0,0,0,0,0,0,2,6,0,7,0,3,0,0,"","red.ancestor.firsthunter",0,1,0,4,0,3,4,1,0,0,0,0,0,6,0,4,0,0,6,0,6,0,6,0,0,0,4,0,20,16,0,0,0,0,1,2,0,0,0,1,5,3,0,1,2,16
game-562,562,"iron-hyena-pack-pressure","red-hunter-evolution",False,25,7,1,3,3,9,5,10,,1,0,1,0,0,0,3,3,0,0,0,0,2,0,2,0,0,0,2,5,0,10,0,5,0,0,"","red.ancestor.firsthunter",0,2,0,6,0,9,1,3,0,0,0,0,1,10,1,8,0,0,16,0,15,0,15,0,1,0,8,0,41,24,0,0,0,3,0,4,0,0,1,2,13,3,1,1,26,11
game-563,563,"iron-hyena-pack-pressure","red-hunter-evolution",False,17,5,0,3,3,9,10,14,,1,0,1,0,0,0,0,0,0,0,0,0,4,0,4,0,0,0,0,0,0,4,0,2,0,0,"","red.ancestor.grandmother",0,1,0,4,0,3,0,1,0,0,0,0,0,2,0,2,0,0,8,0,8,0,8,0,1,0,6,0,26,16,0,0,0,2,0,0,0,0,1,1,,3,1,1,21,0
game-564,564,"iron-hyena-pack-pressure","red-hunter-evolution",False,27,7,0,3,3,19,7,10,,2,1,1,0,0,0,4,2,2,0,0,0,4,4,4,4,1,2,1,4,0,18,0,7,0,0,"","red.ancestor.firsthunter",0,4,0,10,0,9,0,4,0,0,0,0,0,8,0,7,0,0,17,0,16,0,16,0,3,0,9,0,44,26,0,0,0,3,1,5,0,0,2,2,,3,1,1,18,0
game-565,565,"iron-hyena-pack-pressure","red-hunter-evolution",False,29,8,2,3,3,9,7,11,,2,0,2,0,0,0,3,1,2,0,0,0,8,14,8,6,1,1,0,9,0,15,0,7,0,0,"","red.ancestor.firsthunter",0,4,0,10,0,11,1,5,0,0,0,0,1,7,1,4,0,0,16,0,16,0,16,0,4,0,9,0,44,30,0,0,0,3,4,5,0,0,2,2,21,3,0,0,14,14
game-566,566,"red-hunter-evolution","iron-hyena-pack-pressure",False,28,7,3,2,3,6,10,11,21,3,1,2,0,0,0,2,1,1,1,0,1,6,4,6,4,1,0,1,3,0,18,0,9,0,0,"","red.ancestor.firsthunter",0,2,0,6,0,9,6,1,0,0,0,0,0,0,0,0,0,0,15,0,15,0,15,0,2,0,8,0,43,28,0,0,0,3,1,9,0,0,2,2,15,3,1,0,9,15
game-567,567,"red-hunter-evolution","iron-hyena-pack-pressure",False,36,9,3,2,3,9,7,10,31,3,1,2,0,0,0,4,1,3,1,0,1,4,10,4,10,0,0,5,2,0,30,0,12,0,0,"","red.ancestor.firsthunter",0,4,0,10,0,14,5,3,0,0,0,0,1,7,1,5,0,0,22,0,21,0,21,0,2,0,11,0,57,36,0,0,0,1,0,9,0,0,2,3,12,3,1,0,14,24
game-568,568,"iron-hyena-pack-pressure","red-hunter-evolution",False,25,7,1,3,3,11,13,10,,3,2,1,0,0,0,2,1,1,0,0,0,2,2,2,2,2,0,3,1,0,9,0,4,0,0,"","red.ancestor.firsthunter",0,2,0,6,0,5,1,1,0,0,0,0,3,9,2,6,0,0,18,0,17,0,17,0,5,0,7,0,43,24,0,0,0,2,3,3,1,1,1,2,5,3,1,1,14,14
game-569,569,"red-hunter-evolution","iron-hyena-pack-pressure",False,21,6,3,2,3,8,7,8,18,2,0,2,0,0,0,2,1,1,1,0,1,4,4,4,4,0,1,1,2,0,15,0,6,0,0,"","red.ancestor.firsthunter",0,3,0,8,0,7,3,4,0,0,0,0,0,3,0,2,0,0,8,0,8,0,8,0,3,0,6,0,28,22,0,0,0,0,0,1,0,0,1,1,13,3,0,1,12,25
game-570,570,"red-hunter-evolution","iron-hyena-pack-pressure",False,15,4,3,0,3,5,10,10,13,0,0,0,0,0,0,2,2,0,1,0,1,0,2,0,2,0,0,0,3,0,4,0,2,0,0,"","red.ancestor.firsthunter",0,0,0,2,0,3,4,0,0,0,0,0,0,10,0,5,0,0,3,0,3,0,3,0,0,0,2,0,17,16,0,0,0,0,0,3,0,0,0,1,4,3,0,1,5,25
game-571,571,"red-hunter-evolution","iron-hyena-pack-pressure",False,21,6,3,1,3,9,10,12,15,0,0,0,0,0,0,2,2,0,1,0,1,0,2,0,2,1,0,1,3,0,11,0,4,0,0,"","red.ancestor.firsthunter",0,1,0,4,0,6,2,0,1,0,0,0,0,6,0,6,0,0,8,0,8,0,8,0,1,0,7,0,28,22,0,0,0,1,0,5,0,0,1,1,13,3,0,1,9,29
game-572,572,"iron-hyena-pack-pressure","red-hunter-evolution",False,17,5,1,3,3,9,7,11,,2,0,2,0,0,0,1,1,0,0,0,0,4,0,4,0,0,0,2,3,0,8,0,5,0,0,"","red.ancestor.grandmother",0,3,0,8,0,4,1,2,0,0,0,0,0,1,0,1,0,0,10,0,10,0,10,0,4,0,6,0,28,16,0,0,0,0,0,0,0,0,1,1,13,3,1,1,20,8
game-573,573,"iron-hyena-pack-pressure","red-hunter-evolution",False,12,3,0,3,3,8,7,11,,1,0,1,0,0,0,0,0,0,0,0,0,4,0,4,0,0,0,0,0,0,7,0,3,0,0,"","red.ancestor.firsthunter",0,0,0,2,0,2,0,0,0,0,0,0,0,0,0,0,0,0,8,0,8,0,8,0,0,0,5,0,20,12,0,0,0,2,1,2,0,0,0,0,,3,1,1,15,0
game-574,574,"red-hunter-evolution","iron-hyena-pack-pressure",False,18,5,3,1,3,12,7,7,15,1,1,0,0,0,0,2,1,1,1,0,1,0,4,0,4,0,0,1,2,0,2,0,1,0,0,"","red.ancestor.firsthunter",0,0,0,2,0,5,5,0,0,0,0,0,0,10,0,7,0,0,5,0,5,0,5,0,0,0,4,0,23,18,0,0,0,1,1,6,0,0,1,1,10,3,1,0,5,19
game-575,575,"red-hunter-evolution","iron-hyena-pack-pressure",False,31,8,3,1,3,7,10,11,,3,2,1,0,0,0,4,2,2,0,0,0,2,4,2,4,1,0,4,8,0,24,0,10,0,0,"","red.ancestor.firsthunter",0,3,0,8,0,11,5,3,0,0,0,0,1,4,1,4,0,0,13,0,13,0,13,0,1,0,9,0,43,32,0,0,0,2,0,9,0,0,2,3,7,3,0,1,7,12
game-576,576,"iron-hyena-pack-pressure","red-hunter-evolution",False,24,6,0,3,3,11,10,7,,2,0,2,0,0,0,3,1,2,0,0,0,4,4,3,4,0,0,0,4,0,8,0,4,0,0,"","red.ancestor.grandmother",0,2,0,6,0,7,0,7,0,0,0,0,0,9,0,9,0,0,18,0,18,0,18,0,4,0,10,0,42,24,0,0,0,2,0,6,0,0,1,1,,3,0,0,18,0
game-577,577,"red-hunter-evolution","iron-hyena-pack-pressure",False,18,5,3,1,3,9,7,10,,1,1,0,0,0,0,2,1,1,0,0,0,0,2,0,2,0,1,1,2,0,8,0,5,0,0,"","red.ancestor.firsthunter",0,2,0,6,0,5,3,0,0,0,0,0,0,5,0,4,0,0,6,0,6,0,6,0,0,0,5,0,24,18,0,0,0,1,0,2,0,0,1,1,12,3,1,0,12,16
game-578,578,"iron-hyena-pack-pressure","red-hunter-evolution",False,17,5,1,3,3,8,7,12,,2,1,1,0,0,0,2,2,0,0,0,0,6,0,4,0,0,0,1,6,0,12,0,5,0,0,"","red.ancestor.firsthunter",0,0,0,2,0,4,3,0,0,0,0,0,1,3,1,3,0,0,11,0,11,0,11,0,2,0,6,0,29,16,0,0,0,2,0,2,0,0,1,1,5,3,1,1,18,11
game-579,579,"red-hunter-evolution","iron-hyena-pack-pressure",False,21,6,3,2,3,9,7,13,,0,0,0,0,0,0,2,2,0,0,0,0,0,0,0,0,0,0,1,6,0,16,0,7,0,0,"","red.ancestor.firsthunter",0,0,0,2,0,7,5,0,0,0,0,0,1,2,1,2,0,0,8,0,8,0,8,0,1,0,4,0,28,22,0,0,0,1,0,2,0,1,1,1,5,3,0,1,12,23
game-580,580,"red-hunter-evolution","iron-hyena-pack-pressure",False,21,6,3,1,3,9,10,10,,2,1,1,0,0,0,3,3,0,0,0,0,2,0,2,0,1,0,0,5,0,9,0,4,0,0,"","red.ancestor.grandmother",0,1,0,4,0,6,5,1,0,0,0,0,1,8,1,5,0,0,7,0,7,0,7,0,1,0,6,0,27,22,0,0,0,0,0,2,0,0,1,1,5,3,0,1,8,27
game-581,581,"red-hunter-evolution","iron-hyena-pack-pressure",False,20,5,3,2,3,5,10,10,18,1,0,1,0,0,0,2,2,0,1,0,1,4,2,4,2,1,0,0,6,0,6,0,3,0,0,"","red.ancestor.firsthunter",0,0,0,2,0,5,6,0,0,0,0,0,3,6,2,5,0,0,10,0,10,0,10,0,1,0,6,0,30,20,0,0,0,2,0,5,0,0,1,1,4,3,1,0,18,29
game-582,582,"red-hunter-evolution","iron-hyena-pack-pressure",False,21,6,3,2,3,9,5,12,20,0,0,0,0,0,0,2,2,0,1,0,1,0,2,0,2,0,0,0,7,0,13,0,5,0,0,"","red.ancestor.firsthunter",0,1,0,4,0,8,4,1,0,0,0,0,0,5,0,4,0,0,6,0,6,0,6,0,0,0,5,0,26,22,0,0,0,0,2,2,1,0,1,1,13,3,0,1,12,20
game-583,583,"iron-hyena-pack-pressure","red-hunter-evolution",False,17,5,1,3,3,6,7,8,,2,1,1,0,0,0,1,0,1,0,0,0,4,2,4,2,0,1,2,2,0,12,0,5,0,0,"","red.ancestor.firsthunter",0,2,0,6,0,4,1,1,0,0,0,0,0,2,0,2,0,0,6,0,6,0,6,0,1,0,4,0,24,16,0,0,0,1,0,2,0,0,1,1,13,3,1,1,18,4
game-584,584,"iron-hyena-pack-pressure","red-hunter-evolution",False,22,6,1,3,3,9,7,6,18,4,1,3,0,0,0,3,3,0,1,0,1,6,2,6,2,0,0,2,6,0,14,0,5,0,0,"","red.ancestor.firsthunter",0,2,0,6,0,7,3,1,0,0,0,0,1,4,1,4,0,0,12,0,12,0,12,0,4,0,7,0,34,22,0,0,0,1,2,3,0,1,1,1,15,3,0,0,15,11
game-585,585,"iron-hyena-pack-pressure","red-hunter-evolution",False,16,4,0,3,3,8,10,9,,2,0,2,0,0,0,0,0,0,0,0,0,6,0,6,0,0,0,0,0,0,9,0,3,0,0,"","red.ancestor.firsthunter",0,1,0,4,0,3,0,1,0,0,0,0,0,0,0,0,0,0,8,0,8,0,8,0,1,0,6,0,24,16,0,0,0,3,2,0,0,0,1,1,,3,0,0,22,0
game-586,586,"iron-hyena-pack-pressure","red-hunter-evolution",False,22,6,0,3,3,17,10,7,,1,1,0,0,0,0,3,1,2,0,0,0,0,4,0,4,1,1,0,0,0,4,0,2,0,0,"","red.ancestor.grandmother",0,1,0,4,0,6,0,3,0,0,0,0,0,5,0,5,0,0,13,0,12,0,12,0,2,0,5,0,34,22,0,0,0,4,2,4,0,0,1,1,,3,0,0,8,0
game-587,587,"iron-hyena-pack-pressure","red-hunter-evolution",False,24,6,2,3,3,8,7,7,,2,1,1,0,0,0,3,2,1,0,0,0,4,2,3,2,1,0,1,6,0,6,0,3,0,0,"","red.ancestor.firsthunter",0,1,0,4,0,8,1,6,0,0,0,0,0,7,0,6,0,0,13,0,13,0,13,0,1,0,9,0,37,24,0,0,0,1,1,3,0,0,1,1,13,3,0,0,19,20
game-588,588,"red-hunter-evolution","iron-hyena-pack-pressure",False,37,10,3,2,3,9,7,7,,4,2,2,0,0,0,5,2,3,0,0,0,4,8,4,8,0,2,2,6,0,36,0,14,0,0,"","red.ancestor.firsthunter",0,4,0,10,0,15,10,2,0,0,0,0,4,6,3,5,0,0,17,0,17,0,17,0,3,0,12,0,53,38,0,0,0,3,0,12,0,0,2,3,12,3,0,1,13,25
game-589,589,"iron-hyena-pack-pressure","red-hunter-evolution",False,17,5,1,3,3,8,7,10,,2,0,2,0,0,0,2,2,0,0,0,0,8,0,6,0,1,0,0,8,0,2,0,2,0,0,"","red.ancestor.firsthunter",0,0,0,2,0,4,3,0,0,0,0,0,1,3,1,2,0,0,10,0,10,0,10,0,3,0,6,0,28,16,0,0,0,1,0,0,0,0,1,1,5,3,1,1,21,10
game-590,590,"iron-hyena-pack-pressure","red-hunter-evolution",False,17,5,0,3,3,6,7,10,,2,0,2,0,0,0,2,2,0,0,0,0,4,0,3,0,0,0,0,0,0,6,0,3,0,0,"","red.ancestor.firsthunter",0,0,0,2,0,4,1,0,0,0,0,0,1,3,1,3,0,0,10,0,10,0,10,0,1,0,6,0,28,16,0,0,0,2,2,2,0,0,1,1,5,3,1,1,13,4
game-591,591,"iron-hyena-pack-pressure","red-hunter-evolution",False,19,5,0,3,3,9,10,11,,2,0,2,0,0,0,1,1,0,0,0,0,6,0,4,0,0,0,1,5,0,4,0,2,0,0,"","red.ancestor.grandmother",0,1,0,4,0,4,1,1,0,0,0,0,1,6,1,4,0,0,12,0,11,0,11,0,2,0,6,0,31,18,0,0,0,0,1,1,0,0,1,1,5,3,1,1,19,4
game-592,592,"red-hunter-evolution","iron-hyena-pack-pressure",False,21,6,3,2,3,9,7,12,,2,0,2,0,0,0,2,1,1,0,0,0,10,4,6,4,0,1,1,1,0,6,0,4,0,0,"","red.ancestor.firsthunter",0,2,0,6,0,7,2,3,0,0,0,0,6,2,3,2,0,0,10,0,9,0,9,0,3,0,5,0,29,22,0,0,0,1,2,3,1,1,1,1,5,3,0,1,16,22
game-593,593,"iron-hyena-pack-pressure","red-hunter-evolution",False,25,7,1,3,3,9,7,11,15,3,1,2,0,0,0,2,2,0,1,0,1,4,2,3,2,0,0,1,6,0,9,0,5,0,0,"","red.ancestor.firsthunter",0,2,0,6,0,8,1,2,0,0,0,0,0,8,0,8,0,0,15,0,15,0,15,0,2,0,9,0,41,24,0,0,0,2,0,3,0,0,2,2,5,3,1,1,11,9
game-594,594,"red-hunter-evolution","iron-hyena-pack-pressure",False,36,9,3,2,3,11,10,13,18,3,0,3,0,0,0,5,2,3,1,0,1,6,14,6,9,0,1,2,7,0,29,0,11,0,0,"","red.ancestor.firsthunter",0,5,0,12,0,13,5,5,0,0,0,0,2,4,1,3,1,0,23,0,23,0,23,0,7,0,12,0,59,36,0,0,0,2,1,13,0,0,2,3,5,3,1,0,16,9
game-595,595,"iron-hyena-pack-pressure","red-hunter-evolution",False,17,5,1,3,3,9,10,7,,2,1,1,0,0,0,2,1,1,0,0,0,2,2,2,2,1,0,0,2,0,2,0,1,0,0,"","red.ancestor.firsthunter",0,0,0,2,0,3,3,0,0,0,0,0,1,1,1,1,0,0,9,0,9,0,9,0,3,0,7,0,27,16,0,0,0,1,1,2,0,0,1,1,12,3,1,1,20,12
game-596,596,"iron-hyena-pack-pressure","red-hunter-evolution",False,24,6,2,3,3,9,5,10,,2,0,2,0,0,0,3,2,1,0,0,0,4,4,4,4,0,0,1,2,0,7,0,3,0,0,"","red.ancestor.grandmother",0,1,0,4,0,9,5,2,0,0,0,0,2,5,1,4,0,0,12,0,12,0,12,0,4,0,8,0,36,24,0,0,0,2,2,5,0,1,1,1,18,3,0,0,20,12
game-597,597,"iron-hyena-pack-pressure","red-hunter-evolution",False,14,4,1,3,3,6,10,11,,1,0,1,0,0,0,1,1,0,0,0,0,2,0,2,0,0,0,0,4,0,6,0,3,0,0,"","red.ancestor.firsthunter",0,0,0,2,0,2,1,0,0,0,0,0,0,0,0,0,0,0,6,0,6,0,6,0,1,0,4,0,20,14,0,0,0,0,0,0,0,0,0,1,5,3,0,0,7,12
game-598,598,"iron-hyena-pack-pressure","red-hunter-evolution",False,32,8,2,3,3,8,5,13,18,2,2,0,0,0,0,4,2,2,1,0,1,0,8,0,8,0,0,2,3,0,27,0,11,0,0,"","red.ancestor.firsthunter",0,6,0,14,0,13,2,3,0,0,0,0,0,13,0,10,0,0,16,0,15,0,15,0,0,0,10,0,47,32,0,0,0,2,2,8,0,0,2,2,15,3,0,0,21,11
game-599,599,"red-hunter-evolution","iron-hyena-pack-pressure",False,20,5,3,1,3,8,7,7,15,1,1,0,0,0,0,2,1,1,1,0,1,0,6,0,6,0,0,1,5,0,3,0,2,0,0,"","red.ancestor.firsthunter",0,0,0,2,0,6,7,0,0,0,0,0,0,14,0,7,0,0,8,0,8,0,8,0,1,0,7,0,28,20,0,0,0,2,1,6,0,0,1,1,10,3,1,0,10,26
game-600,600,"iron-hyena-pack-pressure","red-hunter-evolution",False,19,5,0,3,3,9,5,17,,1,0,1,0,0,0,1,0,1,0,0,0,4,2,4,2,0,0,0,1,0,13,0,5,0,0,"","red.ancestor.grandmother",0,1,0,4,0,6,2,2,0,0,0,0,0,2,0,2,0,0,9,0,9,0,9,0,1,0,6,0,29,18,0,0,0,1,0,2,0,0,1,1,13,3,1,1,21,9
game-601,601,"red-hunter-evolution","iron-hyena-pack-pressure",False,21,6,3,2,3,11,10,12,20,2,0,2,0,0,0,2,2,0,1,0,1,6,2,6,2,0,0,1,6,0,17,0,6,0,0,"","red.ancestor.firsthunter",0,0,0,2,0,6,4,0,0,0,0,0,3,6,1,5,0,0,10,0,10,0,10,0,4,0,6,0,30,22,0,0,0,0,1,2,0,1,1,1,5,3,0,1,9,23
game-602,602,"iron-hyena-pack-pressure","red-hunter-evolution",False,30,8,1,3,3,9,7,7,,2,2,0,0,0,0,4,2,2,0,0,0,0,4,0,4,2,0,0,5,0,21,0,9,0,0,"","red.ancestor.firsthunter",0,4,0,10,0,11,4,3,0,0,0,0,1,6,1,5,0,0,15,0,15,0,15,0,2,0,9,0,45,30,0,0,0,1,3,9,0,0,2,3,15,3,0,0,15,12
game-603,603,"iron-hyena-pack-pressure","red-hunter-evolution",False,22,6,0,3,3,9,7,10,,1,1,0,0,0,0,3,2,1,0,0,0,0,2,0,2,1,1,1,7,0,17,0,7,0,0,"","red.ancestor.firsthunter",0,2,0,6,0,7,0,2,0,0,0,0,0,8,0,6,0,0,12,0,11,0,11,0,2,0,6,0,33,22,0,0,0,2,1,1,0,0,1,1,,3,0,0,20,0
game-604,604,"red-hunter-evolution","iron-hyena-pack-pressure",False,23,6,3,1,3,17,5,13,18,2,1,1,0,0,0,2,2,0,1,0,1,4,2,4,2,1,0,3,8,0,20,0,7,0,0,"","red.ancestor.firsthunter",0,0,0,2,0,9,5,0,0,0,0,0,1,5,1,4,0,0,5,0,5,0,5,0,1,0,3,0,27,24,0,0,0,0,2,3,1,1,1,2,15,3,0,1,14,16
game-605,605,"iron-hyena-pack-pressure","red-hunter-evolution",False,17,5,0,3,3,11,5,13,,1,0,1,0,0,0,1,1,0,0,0,0,2,0,1,0,0,0,0,5,0,11,0,4,0,0,"","red.ancestor.firsthunter",0,3,0,8,0,5,0,2,1,0,0,0,0,5,0,4,0,0,9,0,9,0,9,0,1,0,5,0,27,16,0,0,0,0,0,1,0,0,1,1,,3,1,1,20,0
game-606,606,"iron-hyena-pack-pressure","red-hunter-evolution",False,25,7,0,3,3,9,5,10,,2,1,1,0,0,0,4,3,1,0,0,0,2,2,2,2,2,0,1,8,0,5,0,3,0,0,"","red.ancestor.grandmother",0,1,0,4,0,9,1,2,0,0,0,0,1,11,1,8,0,0,13,0,13,0,13,0,2,0,8,0,39,24,0,0,0,1,0,4,0,0,1,2,,3,1,1,14,0
game-607,607,"iron-hyena-pack-pressure","red-hunter-evolution",False,19,5,1,3,3,11,10,7,,2,0,2,0,0,0,2,1,1,0,0,0,6,2,4,2,0,0,0,2,0,5,0,3,0,0,"","red.ancestor.grandmother",0,1,0,4,0,4,2,1,0,0,0,0,0,3,0,2,0,0,10,0,10,0,10,0,3,0,6,0,30,18,0,0,0,2,0,1,0,0,1,1,15,3,1,1,20,0
game-608,608,"iron-hyena-pack-pressure","red-hunter-evolution",False,22,6,0,3,3,9,10,9,,2,1,1,0,0,0,2,0,2,0,0,0,2,4,2,4,0,1,2,1,0,10,0,5,0,0,"","red.ancestor.firsthunter",0,3,0,8,0,6,2,4,0,0,0,0,0,6,0,5,0,0,10,0,10,0,10,0,0,0,6,0,32,22,0,0,0,1,0,4,0,0,1,1,5,3,0,0,23,9
game-609,609,"iron-hyena-pack-pressure","red-hunter-evolution",False,33,9,1,3,3,9,7,8,,3,2,1,0,0,0,4,2,2,0,0,0,2,4,2,4,2,1,1,5,0,36,0,12,0,0,"","red.ancestor.firsthunter",0,5,0,12,0,12,2,6,0,0,0,0,0,14,0,10,0,0,23,0,23,0,23,0,6,0,14,0,57,32,0,0,0,4,3,7,0,0,2,2,13,3,1,1,19,10
game-610,610,"iron-hyena-pack-pressure","red-hunter-evolution",False,14,4,0,3,3,8,7,14,,1,0,1,0,0,0,0,0,0,0,0,0,2,0,2,0,0,0,0,0,0,6,0,3,0,0,"","red.ancestor.grandmother",0,2,0,6,0,3,0,2,0,0,0,0,0,0,0,0,0,0,3,0,3,0,3,0,1,0,3,0,17,14,0,0,0,1,0,0,0,0,0,1,,3,0,0,19,0
game-611,611,"iron-hyena-pack-pressure","red-hunter-evolution",False,19,5,0,3,3,10,5,11,,1,0,1,0,0,0,2,2,0,0,0,0,2,0,2,0,0,0,0,8,0,18,0,6,0,0,"","red.ancestor.firsthunter",0,1,0,4,0,6,0,1,0,0,0,0,0,4,0,4,0,0,9,0,9,0,9,0,1,0,5,0,29,18,0,0,0,1,0,1,0,0,1,1,,3,1,1,10,0
game-612,612,"red-hunter-evolution","iron-hyena-pack-pressure",False,21,6,3,2,3,9,10,12,,1,1,0,0,0,0,2,2,0,0,0,0,0,0,0,0,1,0,0,5,0,3,0,3,0,0,"","red.ancestor.firsthunter",0,2,0,6,0,6,3,2,0,0,0,0,0,10,0,8,0,0,10,0,10,0,10,0,1,0,5,0,30,22,0,0,0,0,3,4,0,0,1,1,7,3,0,1,10,22
game-613,613,"iron-hyena-pack-pressure","red-hunter-evolution",False,27,7,1,3,3,9,5,11,,2,1,1,0,0,0,3,0,3,0,0,0,2,8,2,8,2,0,1,2,0,13,0,6,0,0,"","red.ancestor.grandmother",0,3,0,8,0,10,2,5,0,0,0,0,0,5,0,4,0,0,18,0,17,0,17,0,2,0,10,0,45,26,0,0,0,2,0,8,0,0,2,2,13,3,1,1,22,11
game-614,614,"iron-hyena-pack-pressure","red-hunter-evolution",False,25,7,2,3,3,6,5,10,,3,0,3,0,0,0,3,3,0,0,0,0,8,0,7,0,0,0,0,8,0,14,0,7,0,0,"","red.ancestor.firsthunter",0,2,0,6,0,9,5,0,1,0,0,0,2,7,2,5,0,0,12,0,12,0,12,0,2,0,7,0,38,24,1,0,0,1,0,5,0,1,1,2,7,3,1,1,13,6
game-615,615,"iron-hyena-pack-pressure","red-hunter-evolution",False,17,5,1,3,3,11,7,12,,0,0,0,0,0,0,1,1,0,0,0,0,0,0,0,0,0,0,1,3,0,2,0,1,0,0,"","red.ancestor.firsthunter",0,0,0,2,0,4,2,0,0,0,0,0,1,3,1,2,0,0,6,0,6,0,6,0,1,0,4,0,24,16,1,0,0,1,1,1,0,1,1,1,5,3,1,1,20,11
game-616,616,"iron-hyena-pack-pressure","red-hunter-evolution",False,25,7,2,3,3,11,5,6,,3,1,2,0,0,0,2,2,0,0,0,0,6,0,6,0,1,0,1,4,0,12,0,8,0,0,"","red.ancestor.firsthunter",0,2,0,6,0,9,5,1,0,0,0,0,3,4,2,4,0,0,15,0,14,0,14,0,5,0,9,0,40,24,0,0,0,1,2,5,0,1,1,2,13,3,1,1,22,11
game-617,617,"iron-hyena-pack-pressure","red-hunter-evolution",False,17,5,0,3,3,9,7,13,,2,1,1,0,0,0,2,2,0,0,0,0,6,0,4,0,0,0,1,6,0,8,0,4,0,0,"","red.ancestor.grandmother",0,2,0,6,0,4,1,1,1,0,0,0,1,5,1,4,0,0,12,0,12,0,12,0,2,0,6,0,30,16,0,0,0,0,0,2,0,0,1,1,,3,1,1,15,0
game-618,618,"red-hunter-evolution","iron-hyena-pack-pressure",False,36,9,3,1,3,15,7,7,31,4,3,1,0,0,0,5,2,3,1,0,1,4,12,4,12,0,0,2,5,0,22,0,10,0,0,"","red.ancestor.firsthunter",0,5,0,12,0,14,3,3,2,0,0,0,2,7,1,4,0,0,21,0,21,0,21,0,3,0,12,0,57,36,0,0,0,0,4,14,0,1,2,3,13,3,1,0,13,22
game-619,619,"iron-hyena-pack-pressure","red-hunter-evolution",False,33,9,2,3,3,15,7,13,23,3,1,2,0,0,0,3,1,2,1,0,1,6,6,5,6,1,0,1,8,0,23,0,10,0,0,"","red.ancestor.grandmother",0,1,0,4,0,12,7,2,0,0,0,0,1,12,1,9,0,0,17,0,17,0,17,0,3,0,11,0,51,32,0,0,0,0,1,8,0,0,2,3,13,3,1,1,17,15
game-620,620,"iron-hyena-pack-pressure","red-hunter-evolution",False,19,5,0,3,3,9,7,10,,1,0,1,0,0,0,2,2,0,0,0,0,2,0,2,0,0,0,0,2,0,9,0,5,0,0,"","red.ancestor.firsthunter",0,2,0,6,0,5,1,1,0,0,0,0,1,4,1,4,0,0,10,0,10,0,10,0,1,0,7,0,30,18,1,0,0,0,0,2,0,0,1,1,,3,1,1,14,0
game-621,621,"red-hunter-evolution","iron-hyena-pack-pressure",False,21,6,3,0,3,18,7,12,15,0,0,0,0,0,0,2,2,0,1,0,1,0,2,0,2,0,0,1,2,0,13,0,5,0,0,"","red.ancestor.firsthunter",0,2,0,6,0,7,3,2,0,0,0,0,0,7,0,5,0,0,5,0,5,0,5,0,0,0,4,0,25,22,0,0,0,1,0,1,0,0,1,1,13,3,0,1,6,32
game-622,622,"red-hunter-evolution","iron-hyena-pack-pressure",False,20,5,3,0,3,5,10,12,15,1,0,1,0,0,0,2,1,1,1,0,1,2,4,2,3,1,1,3,3,0,18,0,5,0,0,"","red.ancestor.firsthunter",0,0,0,2,0,5,3,0,0,0,0,0,0,10,0,6,0,0,7,0,7,0,7,0,1,0,6,0,27,20,0,0,0,0,0,5,0,0,1,1,4,3,1,0,6,29
