game_id,seed,winner,loser,timeout,turn_count,phase_count,final_red_shrines_broken,final_iron_shrines_broken,first_shrine_damage_turn,first_shrine_break_turn,first_ancestor_awakened_turn,first_l2_turn,first_l3_turn,red_l2_entered_battlefield,red_l2_hard_cast,red_l2_evolved,red_l3_entered_battlefield,red_l3_hard_cast,red_l3_evolved,iron_l2_entered_battlefield,iron_l2_hard_cast,iron_l2_evolved,iron_l3_entered_battlefield,iron_l3_hard_cast,iron_l3_evolved,legal_evolve_actions_generated_red,legal_evolve_actions_generated_iron,evolve_actions_chosen_red,evolve_actions_chosen_iron,hard_cast_chosen_while_legal_evolve_action_exists_red,hard_cast_chosen_while_legal_evolve_action_exists_iron,hard_cast_chosen_while_evolution_base_exists_red,hard_cast_chosen_while_evolution_base_exists_iron,legal_awaken_actions_generated_red,legal_awaken_actions_generated_iron,awaken_actions_chosen_red,awaken_actions_chosen_iron,awaken_actions_skipped_while_legal_red,awaken_actions_skipped_while_legal_iron,first_awakened_ancestor_red,first_awakened_ancestor_iron,ancestor_switches_red,ancestor_switches_iron,memory_spent_on_ancestors_red,memory_spent_on_ancestors_iron,turns_with_awakened_ancestor_red,turns_with_awakened_ancestor_iron,first_hunter_bonus_damage,grandmother_healing_done,child_draw_discard_triggers,iron_hyena_ancestor_bonus_damage,smith_offering_discount_saved,tooth_mother_bonus_damage,legal_block_options_red,legal_block_options_iron,blocks_chosen_red,blocks_chosen_iron,blocks_declined_red,blocks_declined_iron,pack_units_ready_at_combat_start_red,pack_units_ready_at_combat_start_iron,pack_assault_slots_generated_red,pack_assault_slots_generated_iron,pack_assault_slots_available_red,pack_assault_slots_available_iron,pack_assault_slots_skipped_red,pack_assault_slots_skipped_iron,turns_with_pack_bonus_red,turns_with_pack_bonus_iron,max_attacks_available_this_combat_red,max_attacks_available_this_combat_iron,attacks_prevented_by_assault_limit_red,attacks_prevented_by_assault_limit_iron,prepared_tactics_triggered_red,prepared_tactics_triggered_iron,wounded_events_red,wounded_events_iron,pierce_overflow_events_red,pierce_overflow_events_iron,deck_reshuffles_red,deck_reshuffles_iron,first_shrine_damage_turn_red,first_shrine_damage_turn_iron,wins_in_odd_phase,winner_was_first_player_in_final_phase,shrine_damage_dealt_during_double_turn_red,shrine_damage_dealt_during_double_turn_iron
game-123,123,"iron-hyena-pack-pressure","red-hunter-evolution",False,35,1,1,3,3,5,8,8,,4,1,3,0,0,0,3,1,2,0,0,0,8,4,8,4,0,0,1,2,0,38,0,13,0,0,"","red.ancestor.firsthunter",0,0,0,2,0,13,5,0,0,0,0,0,2,7,2,7,0,0,14,0,14,0,14,0,3,0,13,0,50,34,0,0,0,3,0,10,0,0,2,3,10,3,1,1,0,0
game-124,124,"iron-hyena-pack-pressure","red-hunter-evolution",False,15,1,0,3,3,7,8,9,,1,0,1,0,0,0,1,1,0,0,0,0,4,0,4,0,0,0,0,4,0,4,0,2,0,0,"","red.ancestor.firsthunter",0,0,0,2,0,3,0,0,0,0,0,0,0,2,0,2,0,0,10,0,10,0,10,0,2,0,6,0,26,14,0,0,0,1,2,1,0,0,1,1,,3,1,1,0,0
game-125,125,"iron-hyena-pack-pressure","red-hunter-evolution",False,30,1,1,3,3,17,6,10,,3,0,3,0,0,0,5,4,1,0,0,0,8,4,8,4,0,0,1,5,0,34,0,11,0,0,"","red.ancestor.firsthunter",0,4,0,10,0,12,3,2,0,0,0,0,1,6,1,6,0,0,16,0,16,0,16,0,4,0,11,0,46,30,0,0,0,2,3,3,0,0,2,2,16,3,1,1,0,0
game-126,126,"iron-hyena-pack-pressure","red-hunter-evolution",False,25,1,1,3,3,13,6,9,18,3,2,1,0,0,0,2,1,1,1,0,1,2,4,2,4,0,0,2,3,0,19,0,7,0,0,"","red.ancestor.firsthunter",0,4,0,10,0,9,3,2,0,0,0,0,0,7,0,6,0,0,14,0,14,0,14,0,3,0,9,0,40,24,0,0,0,1,2,5,0,0,1,2,16,3,1,1,0,0
game-127,127,"iron-hyena-pack-pressure","red-hunter-evolution",False,31,1,0,3,3,13,6,5,,4,1,3,0,0,0,4,3,1,0,0,0,8,4,7,4,0,0,1,6,0,20,0,7,0,0,"","red.ancestor.grandmother",0,1,0,4,0,12,0,4,0,0,0,0,0,8,0,7,0,0,13,0,13,0,13,0,4,0,10,0,45,30,0,0,0,4,0,4,0,0,2,2,,3,1,1,0,0
game-128,128,"iron-hyena-pack-pressure","red-hunter-evolution",False,18,1,0,3,3,11,6,7,,1,0,1,0,0,0,2,1,1,0,0,0,4,2,3,2,0,1,0,4,0,9,0,4,0,0,"","red.ancestor.grandmother",0,1,0,4,0,6,0,3,0,0,0,0,0,3,0,3,0,0,12,0,12,0,12,0,4,0,8,0,30,18,0,0,0,0,1,1,0,0,1,1,,3,1,1,0,0
game-129,129,"iron-hyena-pack-pressure","red-hunter-evolution",False,21,1,0,3,5,9,8,11,,1,0,1,0,0,0,1,1,0,0,0,0,2,0,2,0,0,0,0,2,0,21,0,6,0,0,"","red.ancestor.grandmother",0,3,0,8,0,6,0,2,0,0,0,0,0,5,0,4,0,0,10,0,10,0,10,0,2,0,7,0,32,20,0,0,0,1,0,1,0,0,1,1,,5,1,1,0,0
game-130,130,"iron-hyena-pack-pressure","red-hunter-evolution",False,23,1,0,3,3,13,6,9,,2,0,2,0,0,0,2,1,1,0,0,0,8,2,6,2,0,1,1,2,0,17,0,7,0,0,"","red.ancestor.firsthunter",0,4,0,10,0,8,0,5,0,0,0,0,0,3,0,3,0,0,18,0,17,0,17,0,3,0,9,0,41,22,0,0,0,1,4,3,0,0,1,1,,3,1,1,0,0
game-131,131,"iron-hyena-pack-pressure","red-hunter-evolution",False,19,1,0,3,3,7,6,9,,1,0,1,0,0,0,2,2,0,0,0,0,2,0,2,0,0,0,0,1,0,15,0,6,0,0,"","red.ancestor.firsthunter",0,2,0,6,0,6,0,3,0,0,0,0,0,3,0,3,0,0,9,0,9,0,9,0,3,0,6,0,29,18,0,0,0,2,1,1,0,0,1,1,,3,1,1,0,0
game-132,132,"iron-hyena-pack-pressure","red-hunter-evolution",False,27,1,1,3,3,9,6,10,20,2,1,1,0,0,0,2,2,0,1,0,1,2,2,2,2,1,0,2,3,0,16,0,7,0,0,"","red.ancestor.firsthunter",0,2,0,6,0,10,2,2,0,0,0,0,4,5,1,5,0,0,14,0,14,0,14,0,3,0,10,0,42,26,0,0,0,3,1,5,0,0,2,2,12,3,1,1,0,0
game-133,133,"red-hunter-evolution","iron-hyena-pack-pressure",False,28,1,3,1,3,11,6,12,20,3,1,2,0,0,0,4,4,0,1,0,1,6,2,6,2,1,2,0,5,0,20,0,9,0,0,"","red.ancestor.grandmother",0,3,0,8,0,11,4,4,0,0,0,0,1,14,1,10,0,0,13,0,13,0,13,0,2,0,8,0,41,28,0,0,0,2,0,6,0,1,2,2,18,3,1,0,0,0
game-134,134,"iron-hyena-pack-pressure","red-hunter-evolution",False,18,1,0,3,3,11,8,15,,2,0,2,0,0,0,1,1,0,0,0,0,8,0,8,0,0,0,0,0,0,8,0,4,0,0,"","red.ancestor.grandmother",0,3,0,8,0,5,0,3,0,0,0,0,0,4,0,4,0,0,13,0,11,0,11,0,3,0,5,0,29,18,0,0,0,2,0,1,0,0,1,1,4,3,1,1,0,0
game-135,135,"iron-hyena-pack-pressure","red-hunter-evolution",False,22,1,2,3,3,7,6,10,20,1,0,1,0,0,0,2,2,0,1,0,1,4,2,4,2,0,0,0,4,0,11,0,6,0,0,"","red.ancestor.firsthunter",0,2,0,6,0,8,3,1,0,0,0,0,1,9,1,7,0,0,12,0,12,0,12,0,1,0,6,0,34,22,0,0,0,0,1,5,0,1,1,1,12,3,1,1,0,0
game-136,136,"iron-hyena-pack-pressure","red-hunter-evolution",False,15,1,0,3,3,11,6,9,,2,0,2,0,0,0,1,1,0,0,0,0,6,0,5,0,1,0,1,5,0,13,0,4,0,0,"","red.ancestor.firsthunter",0,0,0,2,0,4,0,0,0,0,0,0,0,3,0,3,0,0,9,0,9,0,9,0,1,0,6,0,25,14,0,0,0,1,1,1,0,0,1,1,,3,1,1,0,0
game-137,137,"red-hunter-evolution","iron-hyena-pack-pressure",False,28,1,3,1,3,16,6,10,14,2,2,0,0,0,0,4,3,1,1,0,1,0,4,0,4,1,0,2,3,0,14,0,6,0,0,"","red.ancestor.firsthunter",0,2,0,6,0,11,1,7,0,0,0,0,0,10,0,9,0,0,18,0,17,0,17,0,0,0,10,0,45,28,0,0,0,1,0,11,0,0,2,2,12,3,1,0,0,0
game-138,138,"iron-hyena-pack-pressure","red-hunter-evolution",False,17,1,0,3,3,7,6,9,,1,0,1,0,0,0,1,1,0,0,0,0,2,0,2,0,0,0,0,3,0,6,0,3,0,0,"","red.ancestor.grandmother",0,1,0,4,0,5,0,2,0,0,0,0,0,3,0,3,0,0,12,0,12,0,12,0,2,0,7,0,30,16,0,0,0,2,2,2,1,0,1,1,,3,1,1,0,0
game-139,139,"iron-hyena-pack-pressure","red-hunter-evolution",False,17,1,0,3,3,7,6,9,,2,1,1,0,0,0,0,0,0,0,0,0,4,0,4,0,1,0,0,0,0,11,0,5,0,0,"","red.ancestor.grandmother",0,1,0,4,0,5,0,1,0,0,0,0,0,1,0,1,0,0,12,0,12,0,12,0,0,0,8,0,30,16,0,0,0,1,0,1,0,0,1,1,,3,1,1,0,0
game-140,140,"red-hunter-evolution","iron-hyena-pack-pressure",False,16,1,3,2,3,7,6,9,,1,0,1,0,0,0,1,1,0,0,0,0,2,0,2,0,0,0,1,1,0,4,0,2,0,0,"","red.ancestor.grandmother",0,1,0,4,0,5,3,2,0,0,0,0,0,0,0,0,0,0,5,0,5,0,5,0,1,0,4,0,21,16,0,0,0,1,0,0,0,0,1,1,12,3,1,0,0,0
game-141,141,"iron-hyena-pack-pressure","red-hunter-evolution",False,19,1,0,3,3,11,6,,,0,0,0,0,0,0,0,0,0,0,0,0,0,0,0,0,0,0,0,0,0,10,0,4,0,0,"","red.ancestor.grandmother",0,2,0,6,0,6,0,4,0,0,0,0,0,1,0,1,0,0,7,0,7,0,7,0,2,0,5,0,27,18,0,0,0,1,5,2,0,0,1,1,,3,1,1,0,0
game-142,142,"red-hunter-evolution","iron-hyena-pack-pressure",False,28,1,3,1,3,5,6,12,16,0,0,0,0,0,0,3,2,1,1,0,1,0,4,0,4,0,1,5,3,0,21,0,9,0,0,"","red.ancestor.firsthunter",0,3,0,8,0,11,6,1,0,0,0,0,0,0,0,0,0,0,10,0,10,0,10,0,0,0,8,0,38,28,0,0,0,2,1,14,0,0,2,2,14,3,1,0,0,0
game-143,143,"iron-hyena-pack-pressure","red-hunter-evolution",False,19,1,0,3,3,5,6,9,,2,0,2,0,0,0,1,0,1,0,0,0,4,2,4,2,0,2,1,0,0,16,0,6,0,0,"","red.ancestor.firsthunter",0,3,0,8,0,6,0,3,0,0,0,0,0,1,0,1,0,0,12,0,12,0,12,0,4,0,7,0,32,18,0,0,0,4,1,1,0,0,1,1,,3,1,1,0,0
game-144,144,"iron-hyena-pack-pressure","red-hunter-evolution",False,25,1,0,3,3,13,6,9,,2,0,2,0,0,0,2,2,0,0,0,0,4,0,4,0,0,0,0,4,0,20,0,7,0,0,"","red.ancestor.firsthunter",0,3,0,8,0,9,0,3,0,0,0,0,0,5,0,4,0,0,11,0,11,0,11,0,3,0,9,0,37,24,0,0,0,1,1,3,0,0,1,1,,3,1,1,0,0
game-145,145,"iron-hyena-pack-pressure","red-hunter-evolution",False,11,1,0,3,3,5,6,9,,1,0,1,0,0,0,0,0,0,0,0,0,4,0,4,0,0,0,0,1,0,8,0,3,0,0,"","red.ancestor.firsthunter",0,0,0,2,0,2,0,0,0,0,0,0,0,0,0,0,0,0,6,0,6,0,6,0,1,0,5,0,18,10,0,0,0,2,0,0,0,0,0,0,,3,1,1,0,0
game-146,146,"iron-hyena-pack-pressure","red-hunter-evolution",False,21,1,0,3,3,9,6,10,,1,1,0,0,0,0,3,1,2,0,0,0,0,4,0,4,1,2,3,2,0,17,0,6,0,0,"","red.ancestor.grandmother",0,1,0,4,0,7,0,2,0,0,0,0,0,6,0,5,0,0,12,0,12,0,12,0,0,0,8,0,34,20,0,0,0,1,1,2,1,0,1,1,,3,1,1,0,0
game-147,147,"red-hunter-evolution","iron-hyena-pack-pressure",False,36,1,3,2,3,9,8,10,16,3,1,2,0,0,0,5,2,3,1,0,1,6,8,6,8,0,1,0,6,0,6,0,4,0,0,"","red.ancestor.grandmother",0,2,0,6,0,14,2,5,0,0,0,0,4,7,1,5,3,0,21,0,21,0,21,0,4,0,14,0,57,36,0,0,0,2,0,10,0,0,2,3,12,3,1,0,0,0
game-148,148,"iron-hyena-pack-pressure","red-hunter-evolution",False,19,1,0,3,3,5,6,11,,2,0,2,0,0,0,1,1,0,0,0,0,4,0,4,0,1,0,0,5,0,14,0,6,0,0,"","red.ancestor.firsthunter",0,2,0,6,0,6,0,1,0,0,0,0,0,2,0,2,0,0,10,0,10,0,10,0,4,0,6,0,30,18,0,0,0,3,1,0,0,0,1,1,,3,1,1,0,0
game-149,149,"iron-hyena-pack-pressure","red-hunter-evolution",False,13,1,0,3,3,7,6,7,,1,0,1,0,0,0,1,1,0,0,0,0,2,0,2,0,0,0,0,3,0,2,0,1,0,0,"","red.ancestor.firsthunter",0,0,0,2,0,3,0,0,0,0,0,0,0,1,0,1,0,0,6,0,6,0,6,0,1,0,6,0,20,12,0,0,0,1,1,0,0,0,0,0,,3,1,1,0,0
game-150,150,"iron-hyena-pack-pressure","red-hunter-evolution",False,29,1,2,3,3,7,8,13,20,3,3,0,0,0,0,4,2,2,1,0,1,0,8,0,8,1,1,3,6,0,30,0,10,0,0,"","red.ancestor.firsthunter",0,3,0,8,0,10,3,2,0,0,0,0,1,10,1,9,0,0,11,0,11,0,11,0,1,0,8,0,41,28,0,0,0,2,0,6,0,1,2,2,16,3,1,1,0,0
game-151,151,"iron-hyena-pack-pressure","red-hunter-evolution",False,21,1,1,3,3,7,8,12,,2,1,1,0,0,0,2,1,1,0,0,0,4,2,4,2,2,0,0,4,0,7,0,5,0,0,"","red.ancestor.grandmother",0,1,0,4,0,6,4,1,0,0,0,0,1,3,1,2,0,0,9,0,9,0,9,0,1,0,5,0,31,20,0,0,0,3,0,1,0,0,1,1,16,3,1,1,0,0
game-152,152,"iron-hyena-pack-pressure","red-hunter-evolution",False,17,1,1,3,3,5,8,12,,1,1,0,0,0,0,1,1,0,0,0,0,0,0,0,0,1,0,1,4,0,6,0,3,0,0,"","red.ancestor.grandmother",0,1,0,4,0,4,2,2,0,0,0,0,0,3,0,2,0,0,7,0,6,0,6,0,0,0,3,0,24,16,0,0,0,0,1,0,0,0,1,1,8,3,1,1,0,0
game-153,153,"iron-hyena-pack-pressure","red-hunter-evolution",False,23,1,1,3,3,13,8,10,16,2,1,1,0,0,0,3,3,0,1,0,1,4,2,4,2,1,0,0,6,0,18,0,7,0,0,"","red.ancestor.firsthunter",0,2,0,6,0,7,2,1,0,0,0,0,0,8,0,8,0,0,16,0,14,0,14,0,3,0,8,0,38,22,0,0,0,2,1,4,0,0,1,1,4,3,1,1,0,0
game-154,154,"iron-hyena-pack-pressure","red-hunter-evolution",False,25,1,2,3,3,7,8,10,20,1,0,1,0,0,0,2,2,0,1,0,1,4,2,4,2,1,1,1,2,0,20,0,9,0,0,"","red.ancestor.firsthunter",0,2,0,6,0,8,5,1,0,0,0,0,1,3,1,3,0,0,9,0,9,0,9,0,2,0,6,0,35,24,0,0,0,1,1,2,0,0,2,2,12,3,1,1,0,0
game-155,155,"iron-hyena-pack-pressure","red-hunter-evolution",False,17,1,1,3,3,5,8,12,,1,0,1,0,0,0,2,2,0,0,0,0,4,0,4,0,0,0,1,3,0,4,0,2,0,0,"","red.ancestor.firsthunter",0,0,0,2,0,4,1,0,0,0,0,0,4,3,1,3,0,0,10,0,9,0,9,0,4,0,5,0,27,16,1,0,0,2,0,2,0,1,1,1,6,3,1,1,0,0
game-156,156,"iron-hyena-pack-pressure","red-hunter-evolution",False,13,1,0,3,3,5,6,5,,2,0,2,0,0,0,0,0,0,0,0,0,6,0,6,0,0,0,0,1,0,7,0,3,0,0,"","red.ancestor.firsthunter",0,0,0,2,0,3,0,0,0,0,0,0,0,0,0,0,0,0,10,0,10,0,10,0,3,0,6,0,24,12,0,0,0,0,1,0,0,0,0,0,,3,1,1,0,0
game-157,157,"iron-hyena-pack-pressure","red-hunter-evolution",False,19,1,0,3,3,7,10,5,,1,0,1,0,0,0,1,0,1,0,0,0,2,4,2,4,0,0,0,0,0,9,0,4,0,0,"","red.ancestor.firsthunter",0,2,0,6,0,4,0,1,0,0,0,0,0,2,0,2,0,0,13,0,12,0,12,0,3,0,8,0,32,18,0,0,0,2,1,0,0,0,1,1,,3,1,1,0,0
game-158,158,"iron-hyena-pack-pressure","red-hunter-evolution",False,19,1,1,3,3,5,8,10,,1,0,1,0,0,0,2,2,0,0,0,0,2,0,2,0,1,0,1,1,0,5,0,3,0,0,"","red.ancestor.grandmother",0,1,0,4,0,5,7,1,0,0,0,0,4,5,3,5,0,0,12,0,12,0,12,0,2,0,8,0,32,18,0,0,0,0,0,4,0,0,1,1,12,3,1,1,0,0
game-159,159,"red-hunter-evolution","iron-hyena-pack-pressure",False,34,1,3,2,3,13,6,5,,3,0,3,0,0,0,4,1,3,0,0,0,6,8,6,6,0,1,0,5,0,22,0,8,0,0,"","red.ancestor.grandmother",0,3,0,8,0,14,8,3,0,0,0,0,1,2,1,2,0,0,16,0,16,0,16,0,3,0,13,0,50,34,0,0,0,2,0,13,0,0,2,3,22,3,1,0,0,0
game-160,160,"iron-hyena-pack-pressure","red-hunter-evolution",False,17,1,0,3,3,9,6,12,,0,0,0,0,0,0,2,2,0,0,0,0,0,0,0,0,0,0,0,2,0,12,0,5,0,0,"","red.ancestor.firsthunter",0,2,0,6,0,5,0,1,0,0,0,0,5,2,1,2,0,0,13,0,13,0,13,0,4,0,7,0,31,16,0,0,0,2,1,1,0,0,1,1,16,3,1,1,0,0
game-161,161,"iron-hyena-pack-pressure","red-hunter-evolution",False,23,1,0,3,3,13,6,11,,2,1,1,0,0,0,2,2,0,0,0,0,2,0,2,0,3,1,2,2,0,28,0,9,0,0,"","red.ancestor.grandmother",0,4,0,10,0,8,1,3,0,0,0,0,1,4,1,4,0,0,13,0,12,0,12,0,2,0,8,0,36,22,0,0,0,3,3,2,0,0,1,1,,3,1,1,0,0
game-162,162,"iron-hyena-pack-pressure","red-hunter-evolution",False,21,1,0,3,3,9,8,11,,2,0,2,0,0,0,2,1,1,0,0,0,4,2,3,2,0,0,0,3,0,8,0,3,0,0,"","red.ancestor.grandmother",0,2,0,6,0,6,0,4,0,0,0,0,0,3,0,3,0,0,7,0,7,0,7,0,3,0,6,0,29,20,0,0,0,3,1,1,0,0,1,1,,3,1,1,0,0
game-163,163,"iron-hyena-pack-pressure","red-hunter-evolution",False,17,1,0,3,3,7,6,12,,1,0,1,0,0,0,1,1,0,0,0,0,2,0,2,0,0,0,0,5,0,9,0,4,0,0,"","red.ancestor.grandmother",0,2,0,6,0,5,1,4,0,0,0,0,1,2,1,2,0,0,6,0,6,0,6,0,1,0,4,0,24,16,0,0,0,1,0,1,0,0,1,1,,3,1,1,0,0
game-164,164,"iron-hyena-pack-pressure","red-hunter-evolution",False,21,1,0,3,3,9,6,5,,2,0,2,0,0,0,2,2,0,0,0,0,6,0,6,0,0,0,0,7,0,18,0,7,0,0,"","red.ancestor.firsthunter",0,2,0,6,0,7,0,1,0,0,0,0,0,4,0,4,0,0,10,0,10,0,10,0,2,0,7,0,32,20,0,0,0,2,2,1,0,0,1,1,,3,1,1,0,0
game-165,165,"iron-hyena-pack-pressure","red-hunter-evolution",False,17,1,0,3,3,9,6,10,,1,1,0,0,0,0,1,1,0,0,0,0,0,0,0,0,1,0,0,1,0,8,0,4,0,0,"","red.ancestor.firsthunter",0,2,0,6,0,5,0,1,0,0,0,0,0,3,0,3,0,0,6,0,6,0,6,0,1,0,4,0,24,16,0,0,0,0,2,1,0,0,1,1,,3,1,1,0,0
game-166,166,"iron-hyena-pack-pressure","red-hunter-evolution",False,23,1,0,3,3,7,8,7,,2,0,2,0,0,0,3,2,1,0,0,0,4,2,4,2,1,1,1,3,0,11,0,5,0,0,"","red.ancestor.firsthunter",0,3,0,8,0,7,0,3,0,0,0,0,0,7,0,6,0,0,10,0,10,0,10,0,2,0,7,0,34,22,0,0,0,2,2,2,0,0,1,1,,3,1,1,0,0
game-167,167,"iron-hyena-pack-pressure","red-hunter-evolution",False,23,1,0,3,3,13,8,14,,1,0,1,0,0,0,2,0,2,0,0,0,2,4,2,4,0,4,1,3,0,17,0,7,0,0,"","red.ancestor.firsthunter",0,3,0,8,0,7,1,1,1,0,0,0,1,6,1,5,0,0,14,0,14,0,14,0,6,0,8,0,38,22,1,0,0,1,2,3,0,0,1,1,,3,1,1,0,0
game-168,168,"iron-hyena-pack-pressure","red-hunter-evolution",False,11,1,0,3,3,7,10,5,,2,0,2,0,0,0,0,0,0,0,0,0,4,0,4,0,0,0,0,0,0,2,0,1,0,0,"","red.ancestor.firsthunter",0,0,0,2,0,0,0,0,0,0,0,0,0,0,0,0,0,0,8,0,8,0,8,0,3,0,5,0,20,10,0,0,0,1,2,0,0,0,0,0,,3,1,1,0,0
game-169,169,"iron-hyena-pack-pressure","red-hunter-evolution",False,17,1,0,3,3,7,6,9,,2,0,2,0,0,0,3,3,0,0,0,0,6,0,5,0,0,1,0,4,0,14,0,5,0,0,"","red.ancestor.grandmother",0,1,0,4,0,5,1,1,0,0,0,0,1,5,1,4,0,0,10,0,10,0,10,0,2,0,6,0,28,16,0,0,0,1,1,3,0,0,1,1,,3,1,1,0,0
game-170,170,"red-hunter-evolution","iron-hyena-pack-pressure",False,42,1,3,1,3,13,8,14,38,3,2,1,0,0,0,5,3,2,1,0,1,2,12,2,8,0,1,4,7,0,38,0,13,0,0,"","red.ancestor.grandmother",0,4,0,10,0,17,4,4,1,0,0,0,1,6,1,5,0,0,23,0,23,0,23,0,2,0,15,0,65,42,0,0,0,2,0,16,0,0,3,4,30,3,1,0,0,0
game-171,171,"iron-hyena-pack-pressure","red-hunter-evolution",False,17,1,0,3,3,7,8,14,,1,0,1,0,0,0,1,1,0,0,0,0,2,0,1,0,0,0,0,2,0,9,0,4,0,0,"","red.ancestor.grandmother",0,1,0,4,0,4,0,2,0,0,0,0,0,2,0,2,0,0,9,0,9,0,9,0,3,0,7,0,27,16,0,0,0,1,0,1,0,0,1,1,,3,1,1,0,0
game-172,172,"iron-hyena-pack-pressure","red-hunter-evolution",False,21,1,1,3,3,11,6,9,,2,1,1,0,0,0,2,2,0,0,0,0,2,0,2,0,2,0,0,4,0,9,0,5,0,0,"","red.ancestor.firsthunter",0,0,0,2,0,7,4,0,0,0,0,0,1,1,1,1,0,0,11,0,10,0,10,0,2,0,7,0,32,20,0,0,0,1,0,0,0,0,1,1,16,3,1,1,0,0
game-173,173,"iron-hyena-pack-pressure","red-hunter-evolution",False,17,1,0,3,3,7,8,7,,2,0,2,0,0,0,1,1,0,0,0,0,6,0,6,0,0,0,0,6,0,13,0,5,0,0,"","red.ancestor.firsthunter",0,0,0,2,0,4,0,0,0,0,0,0,0,3,0,3,0,0,9,0,8,0,8,0,1,0,6,0,26,16,0,0,0,1,1,1,0,0,1,1,,3,1,1,0,0
game-174,174,"iron-hyena-pack-pressure","red-hunter-evolution",False,29,1,0,3,3,9,6,5,,4,1,3,0,0,0,2,1,1,0,0,0,6,4,6,4,0,0,1,2,0,29,0,9,0,0,"","red.ancestor.grandmother",0,3,0,8,0,11,1,3,0,0,0,0,1,5,1,5,0,0,12,0,12,0,12,0,3,0,11,0,42,28,0,0,0,2,2,3,0,0,2,2,,3,1,1,0,0
game-175,175,"iron-hyena-pack-pressure","red-hunter-evolution",False,17,1,0,3,3,7,6,11,,1,1,0,0,0,0,1,1,0,0,0,0,0,0,0,0,2,0,0,3,0,12,0,5,0,0,"","red.ancestor.firsthunter",0,1,0,4,0,5,0,2,0,0,0,0,0,1,0,1,0,0,12,0,12,0,12,0,2,0,8,0,30,16,0,0,0,1,0,0,0,0,1,1,,3,1,1,0,0
game-176,176,"iron-hyena-pack-pressure","red-hunter-evolution",False,15,1,0,3,3,7,10,8,,1,0,1,0,0,0,1,0,1,0,0,0,2,2,2,2,0,0,0,0,0,4,0,2,0,0,"","red.ancestor.grandmother",0,1,0,4,0,2,0,2,0,0,0,0,0,3,0,3,0,0,12,0,11,0,11,0,2,0,7,0,27,14,0,0,0,1,3,4,0,0,1,1,,3,1,1,0,0
game-177,177,"iron-hyena-pack-pressure","red-hunter-evolution",False,13,1,0,3,3,7,6,12,,1,0,1,0,0,0,1,1,0,0,0,0,2,0,2,0,0,0,0,3,0,5,0,2,0,0,"","red.ancestor.firsthunter",0,0,0,2,0,3,0,0,0,0,0,0,0,1,0,1,0,0,10,0,10,0,10,0,3,0,6,0,24,12,0,0,0,0,0,0,0,0,0,0,,3,1,1,0,0
game-178,178,"iron-hyena-pack-pressure","red-hunter-evolution",False,25,1,1,3,3,7,6,9,,3,2,1,0,0,0,2,1,1,0,0,0,4,4,3,4,1,0,1,3,0,17,0,7,0,0,"","red.ancestor.grandmother",0,1,0,4,0,9,3,1,0,0,0,0,1,6,1,5,0,0,17,0,17,0,17,0,3,0,9,0,43,24,0,0,0,2,1,5,0,0,1,2,14,3,1,1,0,0
game-179,179,"iron-hyena-pack-pressure","red-hunter-evolution",False,27,1,1,3,3,9,6,10,22,2,1,1,0,0,0,3,3,0,1,0,1,2,2,2,2,0,0,2,8,0,24,0,10,0,0,"","red.ancestor.firsthunter",0,3,0,8,0,10,1,4,0,0,0,0,0,11,0,9,0,0,16,0,16,0,16,0,2,0,10,0,44,26,0,0,0,2,0,3,0,0,2,2,16,3,1,1,0,0
game-180,180,"red-hunter-evolution","iron-hyena-pack-pressure",False,36,1,3,1,3,9,6,5,18,4,3,1,0,0,0,4,0,4,1,0,1,2,12,2,12,0,0,3,2,0,23,0,10,0,0,"","red.ancestor.firsthunter",0,5,0,12,0,15,6,3,0,0,0,0,1,3,1,2,0,0,21,0,21,0,21,0,2,0,15,0,57,36,0,0,0,2,2,18,0,0,2,4,16,3,1,0,0,0
game-181,181,"red-hunter-evolution","iron-hyena-pack-pressure",False,40,1,3,1,3,15,6,5,,5,3,2,0,0,0,5,2,3,0,0,0,4,14,4,10,2,1,3,4,0,34,0,15,0,0,"","red.ancestor.firsthunter",0,6,0,14,0,17,5,5,0,0,0,0,1,2,1,2,0,0,19,0,19,0,19,0,2,0,16,0,59,40,0,0,0,3,0,16,0,0,3,4,24,3,1,0,0,0
game-182,182,"iron-hyena-pack-pressure","red-hunter-evolution",False,27,1,0,3,3,7,8,11,,2,0,2,0,0,0,2,1,1,0,0,0,6,2,5,2,0,0,2,1,0,31,0,9,0,0,"","red.ancestor.firsthunter",0,2,0,6,0,9,1,1,0,0,0,0,0,3,0,3,0,0,10,0,10,0,10,0,1,0,9,0,38,26,0,0,0,1,2,8,0,0,2,2,26,3,1,1,0,0
game-183,183,"red-hunter-evolution","iron-hyena-pack-pressure",False,24,1,3,2,3,13,6,8,20,2,0,2,0,0,0,3,1,2,1,0,1,6,10,6,6,0,0,0,3,0,8,0,5,0,0,"","red.ancestor.firsthunter",0,2,0,6,0,9,6,1,0,0,0,0,3,6,1,6,1,0,16,0,16,0,16,0,4,0,8,0,40,24,0,0,0,2,2,6,0,1,1,2,10,3,1,0,0,0
game-184,184,"iron-hyena-pack-pressure","red-hunter-evolution",False,13,1,0,3,3,5,6,9,,1,0,1,0,0,0,0,0,0,0,0,0,4,0,4,0,0,0,0,0,0,8,0,3,0,0,"","red.ancestor.grandmother",0,0,0,2,0,3,0,4,0,0,0,0,0,0,0,0,0,0,8,0,8,0,8,0,2,0,6,0,22,12,0,0,0,1,0,0,0,0,0,0,,3,1,1,0,0
game-185,185,"iron-hyena-pack-pressure","red-hunter-evolution",False,15,1,0,3,3,7,8,5,,1,0,1,0,0,0,0,0,0,0,0,0,2,0,2,0,0,0,0,0,0,2,0,1,0,0,"","red.ancestor.firsthunter",0,0,0,2,0,3,0,0,0,0,0,0,0,0,0,0,0,0,6,0,6,0,6,0,1,0,6,0,22,14,0,0,0,2,2,1,0,0,1,1,,3,1,1,0,0
game-186,186,"iron-hyena-pack-pressure","red-hunter-evolution",False,30,1,0,3,3,9,6,5,,3,0,3,0,0,0,3,2,1,0,0,0,6,2,5,2,0,1,1,3,0,30,0,11,0,0,"","red.ancestor.grandmother",0,4,0,10,0,12,2,3,0,0,0,0,1,3,1,3,0,0,15,0,15,0,15,0,4,0,9,0,45,30,0,0,0,1,1,6,0,0,2,2,30,3,1,1,0,0
game-187,187,"iron-hyena-pack-pressure","red-hunter-evolution",False,21,1,0,3,3,7,6,12,,0,0,0,0,0,0,2,2,0,0,0,0,0,0,0,0,0,0,0,6,0,18,0,7,0,0,"","red.ancestor.firsthunter",0,3,0,8,0,7,0,3,0,0,0,0,0,4,0,4,0,0,12,0,12,0,12,0,1,0,7,0,34,20,0,0,0,1,2,5,0,0,1,1,,3,1,1,0,0
game-188,188,"red-hunter-evolution","iron-hyena-pack-pressure",False,22,1,3,2,3,12,6,10,,2,1,1,0,0,0,2,2,0,0,0,0,4,0,4,0,1,0,2,2,0,11,0,5,0,0,"","red.ancestor.firsthunter",0,2,0,6,0,8,5,2,0,0,0,0,7,3,4,3,0,0,11,0,10,0,10,0,3,0,5,0,32,22,0,0,0,0,0,4,0,2,1,1,12,3,1,0,0,0
game-189,189,"iron-hyena-pack-pressure","red-hunter-evolution",False,19,1,0,3,3,5,10,12,,2,0,2,0,0,0,3,3,0,0,0,0,4,0,3,0,1,0,0,7,0,9,0,4,0,0,"","red.ancestor.firsthunter",0,2,0,6,0,4,1,1,0,0,0,0,4,5,1,4,0,0,11,0,11,0,11,0,4,0,6,0,31,18,0,0,0,2,0,1,0,0,1,1,6,3,1,1,0,0
game-190,190,"red-hunter-evolution","iron-hyena-pack-pressure",False,28,1,3,1,3,14,8,10,,1,0,1,0,0,0,3,1,2,0,0,0,4,4,4,4,0,2,0,5,0,8,0,5,0,0,"","red.ancestor.firsthunter",0,3,0,8,0,10,2,6,0,0,0,0,3,6,1,4,1,0,13,0,13,0,13,0,1,0,9,0,41,28,0,0,0,0,0,9,0,1,2,2,6,3,1,0,0,0
game-191,191,"iron-hyena-pack-pressure","red-hunter-evolution",False,21,1,0,3,3,9,6,9,20,3,0,3,0,0,0,2,2,0,1,0,1,12,2,11,2,0,0,0,7,0,19,0,7,0,0,"","red.ancestor.firsthunter",0,0,0,2,0,7,1,0,0,0,0,0,0,4,0,3,0,0,18,0,18,0,18,0,8,0,8,0,40,20,0,0,0,2,1,1,0,0,1,1,18,3,1,1,0,0
game-192,192,"red-hunter-evolution","iron-hyena-pack-pressure",False,24,1,3,1,3,13,6,11,18,3,1,2,0,0,0,2,2,0,1,0,1,6,2,6,2,0,0,2,1,0,12,0,7,0,0,"","red.ancestor.firsthunter",0,4,0,10,0,9,4,1,1,0,0,0,2,6,2,5,0,0,11,0,11,0,11,0,3,0,8,0,35,24,0,0,0,2,0,4,0,1,1,2,16,3,1,0,0,0
game-193,193,"iron-hyena-pack-pressure","red-hunter-evolution",False,19,1,2,3,3,7,8,8,,2,0,2,0,0,0,3,1,2,0,0,0,4,4,4,4,1,0,1,2,0,6,0,3,0,0,"","red.ancestor.firsthunter",0,1,0,4,0,5,1,4,0,0,0,0,2,3,1,3,0,0,12,0,11,0,11,0,5,0,6,0,31,18,0,0,0,1,1,3,1,1,1,1,12,3,1,1,0,0
game-194,194,"iron-hyena-pack-pressure","red-hunter-evolution",False,19,1,0,3,3,9,6,13,,2,2,0,0,0,0,2,1,1,0,0,0,0,4,0,4,1,0,1,5,0,20,0,7,0,0,"","red.ancestor.firsthunter",0,2,0,6,0,6,0,1,0,0,0,0,0,3,0,3,0,0,8,0,8,0,8,0,1,0,5,0,28,18,0,0,0,0,1,1,0,0,1,1,,3,1,1,0,0
game-195,195,"iron-hyena-pack-pressure","red-hunter-evolution",False,23,1,0,3,3,11,6,12,,1,1,0,0,0,0,3,2,1,0,0,0,0,2,0,2,0,0,1,6,0,16,0,6,0,0,"","red.ancestor.firsthunter",0,2,0,6,0,8,0,1,0,0,0,0,0,8,0,6,0,0,13,0,13,0,13,0,1,0,8,0,37,22,0,0,0,3,0,3,0,0,1,1,,3,1,1,0,0
game-196,196,"iron-hyena-pack-pressure","red-hunter-evolution",False,22,1,1,3,3,7,8,13,20,1,0,1,0,0,0,2,2,0,1,0,1,2,2,2,2,0,1,0,4,0,17,0,8,0,0,"","red.ancestor.grandmother",0,1,0,4,0,7,2,1,0,0,0,0,0,5,0,5,0,0,10,0,10,0,10,0,1,0,7,0,32,22,0,0,0,2,0,3,0,0,1,2,16,3,1,1,0,0
game-197,197,"iron-hyena-pack-pressure","red-hunter-evolution",False,23,1,2,3,3,13,8,12,16,2,1,1,0,0,0,2,2,0,1,0,1,4,2,4,2,1,1,0,5,0,20,0,8,0,0,"","red.ancestor.firsthunter",0,0,0,2,0,7,3,0,0,0,0,0,1,8,1,6,0,0,11,0,11,0,11,0,2,0,5,0,35,22,0,0,0,1,2,4,0,1,1,1,4,3,1,1,0,0
game-198,198,"red-hunter-evolution","iron-hyena-pack-pressure",False,32,1,3,2,3,5,8,9,30,4,3,1,0,0,0,4,3,1,1,0,1,2,6,2,6,1,0,5,3,0,24,0,10,0,0,"","red.ancestor.firsthunter",0,2,0,6,0,12,7,1,0,0,0,0,1,3,1,3,0,0,19,0,19,0,19,0,3,0,12,0,51,32,0,0,0,0,2,13,0,0,2,2,20,3,1,0,0,0
game-199,199,"red-hunter-evolution","iron-hyena-pack-pressure",False,34,1,3,2,3,9,6,10,32,3,1,2,0,0,0,5,3,2,1,0,1,4,8,4,8,1,1,1,2,0,36,0,13,0,0,"","red.ancestor.firsthunter",0,1,0,4,0,14,6,3,0,0,0,0,2,5,2,4,0,0,16,0,16,0,16,0,2,0,10,0,50,34,0,0,0,2,1,13,0,0,2,3,14,3,1,0,0,0
game-200,200,"iron-hyena-pack-pressure","red-hunter-evolution",False,13,1,0,3,3,7,8,12,,0,0,0,0,0,0,1,1,0,0,0,0,0,0,0,0,0,0,0,0,0,4,0,2,0,0,"","red.ancestor.grandmother",0,1,0,4,0,2,0,1,0,0,0,0,0,1,0,1,0,0,7,0,7,0,7,0,0,0,5,0,21,12,0,0,0,1,0,0,0,0,0,0,,3,1,1,0,0
game-201,201,"red-hunter-evolution","iron-hyena-pack-pressure",False,32,1,3,2,3,13,6,14,,1,0,1,0,0,0,4,2,2,0,0,0,2,6,2,5,0,1,1,3,0,25,0,10,0,0,"","red.ancestor.grandmother",0,5,0,12,0,13,6,3,2,0,0,0,2,2,1,2,1,0,15,0,15,0,15,0,4,0,11,0,47,32,0,0,0,2,1,7,0,0,2,3,18,3,1,0,0,0
game-202,202,"red-hunter-evolution","iron-hyena-pack-pressure",False,26,1,3,2,3,7,6,13,18,2,1,1,0,0,0,3,2,1,1,0,1,2,4,2,3,1,0,2,7,0,19,0,7,0,0,"","red.ancestor.firsthunter",0,0,0,2,0,10,6,0,0,0,0,0,0,7,0,6,0,0,9,0,9,0,9,0,0,0,7,0,35,26,0,0,0,3,0,6,0,0,1,2,16,3,1,0,0,0
game-203,203,"iron-hyena-pack-pressure","red-hunter-evolution",False,19,1,0,3,3,7,8,9,,3,0,3,0,0,0,2,1,1,0,0,0,8,2,7,2,0,1,0,5,0,13,0,6,0,0,"","red.ancestor.firsthunter",0,1,0,4,0,5,1,1,0,0,0,0,1,1,1,1,0,0,8,0,8,0,8,0,3,0,7,0,28,18,0,0,0,2,0,1,0,0,1,1,,3,1,1,0,0
game-204,204,"iron-hyena-pack-pressure","red-hunter-evolution",False,23,1,1,3,3,5,8,12,18,2,0,2,0,0,0,1,1,0,1,0,1,6,2,6,2,1,0,2,2,0,18,0,7,0,0,"","red.ancestor.firsthunter",0,0,0,2,0,7,2,0,0,0,0,0,0,4,0,3,0,0,14,0,14,0,14,0,3,0,10,0,38,22,0,0,0,0,1,2,0,0,1,1,14,3,1,1,0,0
game-205,205,"red-hunter-evolution","iron-hyena-pack-pressure",False,30,1,3,1,3,9,6,16,22,2,2,0,0,0,0,3,1,2,1,0,1,0,12,0,12,0,1,2,4,0,19,0,9,0,0,"","red.ancestor.firsthunter",0,3,0,8,0,12,2,3,0,0,0,0,1,1,1,1,0,0,14,0,13,0,13,0,1,0,8,0,43,30,0,0,0,2,1,10,0,0,2,2,18,3,1,0,0,0
game-206,206,"red-hunter-evolution","iron-hyena-pack-pressure",False,20,1,3,1,3,9,8,10,14,2,1,1,0,0,0,2,1,1,1,0,1,2,4,2,4,0,0,0,2,0,13,0,5,0,0,"","red.ancestor.firsthunter",0,0,0,2,0,6,5,0,0,0,0,0,1,6,1,4,0,0,8,0,8,0,8,0,2,0,5,0,28,20,0,0,0,0,1,5,0,1,1,1,4,3,1,0,0,0
game-207,207,"iron-hyena-pack-pressure","red-hunter-evolution",False,27,1,0,3,3,7,10,9,,4,2,2,0,0,0,3,3,0,0,0,0,4,0,4,0,2,0,0,6,0,23,0,9,0,0,"","red.ancestor.grandmother",0,5,0,12,0,8,0,5,0,0,0,0,0,8,0,8,0,0,16,0,16,0,16,0,2,0,11,0,44,26,0,0,0,3,2,5,0,0,2,2,,3,1,1,0,0
game-208,208,"iron-hyena-pack-pressure","red-hunter-evolution",False,23,1,0,3,3,9,6,9,,2,0,2,0,0,0,2,1,1,0,0,0,6,2,6,2,0,1,0,6,0,23,0,8,0,0,"","red.ancestor.grandmother",0,1,0,4,0,8,1,2,0,0,0,0,1,4,1,4,0,0,11,0,11,0,11,0,3,0,7,0,35,22,0,0,0,3,1,2,0,0,1,1,,3,1,1,0,0
game-209,209,"red-hunter-evolution","iron-hyena-pack-pressure",False,28,1,3,2,3,15,8,14,20,1,0,1,0,0,0,3,2,1,1,0,1,12,4,4,3,0,1,1,7,0,21,0,9,0,0,"","red.ancestor.firsthunter",0,2,0,6,0,10,5,0,0,0,0,0,2,9,2,6,0,0,12,0,12,0,12,0,2,0,9,0,40,28,0,0,0,0,0,6,0,1,2,2,4,3,1,0,0,0
game-210,210,"iron-hyena-pack-pressure","red-hunter-evolution",False,11,1,0,3,3,7,6,5,,2,0,2,0,0,0,0,0,0,0,0,0,6,0,5,0,0,0,0,0,1,4,1,2,0,0,"iron.ancestor.firstpack","red.ancestor.grandmother",0,1,2,4,0,2,0,2,0,0,0,0,0,0,0,0,0,0,8,0,8,0,8,0,2,0,5,0,20,10,0,0,0,1,0,0,0,0,0,0,,3,1,1,0,0
game-211,211,"red-hunter-evolution","iron-hyena-pack-pressure",False,28,1,3,1,3,11,6,10,16,2,1,1,0,0,0,3,1,2,1,0,1,2,6,2,6,0,0,1,3,0,18,0,8,0,0,"","red.ancestor.firsthunter",0,0,0,2,0,11,7,0,0,0,0,0,2,0,1,0,0,0,14,0,14,0,14,0,2,0,10,0,42,28,0,0,0,1,1,11,0,0,2,2,14,3,1,0,0,0
game-212,212,"red-hunter-evolution","iron-hyena-pack-pressure",False,24,1,3,2,3,5,10,11,22,2,0,2,0,0,0,3,2,1,1,0,1,6,4,6,4,0,0,0,8,0,8,0,4,0,0,"","red.ancestor.firsthunter",0,2,0,6,0,7,5,2,0,0,0,0,1,4,1,3,0,0,9,0,9,0,9,0,2,0,7,0,33,24,0,0,0,1,0,3,0,0,1,1,14,3,1,0,0,0
game-213,213,"red-hunter-evolution","iron-hyena-pack-pressure",False,24,1,3,1,3,5,6,10,24,0,0,0,0,0,0,2,1,1,1,0,1,0,4,0,4,0,0,0,2,0,10,0,5,0,0,"","red.ancestor.firsthunter",0,2,0,6,0,9,5,0,0,0,0,0,1,1,1,1,0,0,9,0,9,0,9,0,1,0,8,0,33,24,1,0,0,1,1,10,0,1,1,2,12,3,1,0,0,0
game-214,214,"iron-hyena-pack-pressure","red-hunter-evolution",False,21,1,0,3,3,7,8,17,,1,1,0,0,0,0,1,1,0,0,0,0,0,0,0,0,1,0,2,3,0,15,0,5,0,0,"","red.ancestor.firsthunter",0,2,0,6,0,6,0,2,0,0,0,0,0,3,0,3,0,0,10,0,10,0,10,0,2,0,7,0,32,20,0,0,0,3,1,4,0,0,1,1,,3,1,1,0,0
game-215,215,"iron-hyena-pack-pressure","red-hunter-evolution",False,21,1,1,3,5,9,6,12,,1,0,1,0,0,0,2,1,1,0,0,0,2,2,2,2,0,1,1,3,0,9,0,6,0,0,"","red.ancestor.firsthunter",0,4,0,10,0,7,3,2,0,0,0,0,1,6,1,5,0,0,10,0,10,0,10,0,2,0,7,0,32,20,0,0,0,1,1,2,0,0,1,1,14,5,1,1,0,0
game-216,216,"iron-hyena-pack-pressure","red-hunter-evolution",False,13,1,0,3,3,5,6,13,,1,0,1,0,0,0,0,0,0,0,0,0,4,0,2,0,0,0,0,1,0,6,0,3,0,0,"","red.ancestor.firsthunter",0,2,0,6,0,3,0,1,0,0,0,0,0,0,0,0,0,0,6,0,6,0,6,0,2,0,4,0,20,12,0,0,0,1,0,0,0,0,0,0,,3,1,1,0,0
game-217,217,"red-hunter-evolution","iron-hyena-pack-pressure",False,32,1,3,2,3,11,6,18,32,3,1,2,0,0,0,4,2,2,1,0,1,4,8,4,8,1,0,1,2,0,25,0,10,0,0,"","red.ancestor.grandmother",0,3,0,8,0,13,8,2,0,0,0,0,2,5,2,4,0,0,14,0,14,0,14,0,2,0,10,0,46,32,0,0,0,2,0,5,0,0,2,3,22,3,1,0,0,0
game-218,218,"iron-hyena-pack-pressure","red-hunter-evolution",False,17,1,0,3,3,7,6,5,,3,0,3,0,0,0,1,1,0,0,0,0,8,0,6,0,0,0,0,0,0,10,0,5,0,0,"","red.ancestor.grandmother",0,2,0,6,0,5,0,4,1,0,0,0,1,1,1,1,0,0,11,0,11,0,11,0,4,0,8,0,29,16,0,0,0,1,3,3,0,0,1,1,,3,1,1,0,0
game-219,219,"iron-hyena-pack-pressure","red-hunter-evolution",False,29,1,0,3,5,13,8,17,,2,0,2,0,0,0,2,1,1,0,0,0,6,2,5,2,1,0,0,4,0,24,0,9,0,0,"","red.ancestor.firsthunter",0,4,0,10,0,10,3,2,0,0,0,0,1,5,1,5,0,0,10,0,10,0,10,0,3,0,7,0,40,28,0,0,0,4,1,4,0,0,2,2,26,5,1,1,0,0
game-220,220,"iron-hyena-pack-pressure","red-hunter-evolution",False,39,1,2,3,3,7,6,12,16,3,1,2,0,0,0,6,4,2,1,0,1,4,12,3,8,1,0,4,5,0,39,0,13,0,0,"","red.ancestor.grandmother",0,3,0,8,0,16,4,1,2,0,0,0,0,11,0,10,0,0,20,0,20,0,20,0,2,0,14,0,60,38,0,0,0,1,0,11,0,0,3,3,14,3,1,1,0,0
game-221,221,"iron-hyena-pack-pressure","red-hunter-evolution",False,19,1,0,3,3,8,8,5,,2,0,2,0,0,0,1,1,0,0,0,0,4,0,3,0,0,0,0,2,0,19,0,6,0,0,"","red.ancestor.firsthunter",0,1,0,4,0,5,0,1,0,0,0,0,0,2,0,2,0,0,8,0,8,0,8,0,2,0,6,0,28,18,0,0,0,1,1,1,0,0,1,1,,3,1,1,0,0
game-222,222,"red-hunter-evolution","iron-hyena-pack-pressure",False,24,1,3,2,3,5,8,7,18,3,1,2,0,0,0,2,2,0,1,0,1,4,2,4,2,0,0,3,3,0,7,0,4,0,0,"","red.ancestor.grandmother",0,1,0,4,0,8,8,1,0,0,0,0,1,5,1,4,0,0,12,0,12,0,12,0,1,0,8,0,36,24,0,0,0,1,1,8,0,0,1,2,14,3,1,0,0,0
game-223,223,"red-hunter-evolution","iron-hyena-pack-pressure",False,24,1,3,2,3,5,6,10,14,0,0,0,0,0,0,3,3,0,1,0,1,0,2,0,2,0,0,0,1,0,3,0,2,0,0,"","red.ancestor.grandmother",0,1,0,4,0,9,2,4,0,0,0,0,1,10,1,9,0,0,10,0,10,0,10,0,1,0,8,0,34,24,0,0,0,1,2,7,0,1,1,1,12,3,1,0,0,0
game-224,224,"iron-hyena-pack-pressure","red-hunter-evolution",False,15,1,0,3,3,9,6,,,0,0,0,0,0,0,0,0,0,0,0,0,0,0,0,0,0,0,0,0,0,6,0,3,0,0,"","red.ancestor.grandmother",0,2,0,6,0,4,0,3,0,0,0,0,0,1,0,1,0,0,8,0,8,0,8,0,1,0,6,0,24,14,0,0,0,1,1,0,0,0,1,1,,3,1,1,0,0
game-225,225,"red-hunter-evolution","iron-hyena-pack-pressure",False,30,1,3,2,3,7,6,10,,3,2,1,0,0,0,3,2,1,0,0,0,2,2,2,2,1,1,1,2,0,19,0,9,0,0,"","red.ancestor.firsthunter",0,3,0,8,0,12,8,1,0,0,0,0,1,1,1,1,0,0,13,0,13,0,13,0,1,0,10,0,43,30,0,0,0,0,2,12,0,0,2,2,12,3,1,0,0,0
game-226,226,"iron-hyena-pack-pressure","red-hunter-evolution",False,19,1,1,3,3,9,6,13,,1,0,1,0,0,0,1,1,0,0,0,0,4,0,4,0,0,0,0,2,1,18,1,6,0,0,"iron.ancestor.firstpack","red.ancestor.grandmother",0,1,2,4,0,6,2,2,0,0,0,0,0,0,0,0,0,0,7,0,7,0,7,0,3,0,5,0,27,18,0,0,0,1,1,0,0,0,1,1,16,3,1,1,0,0
game-227,227,"iron-hyena-pack-pressure","red-hunter-evolution",False,17,1,0,3,3,7,6,9,,1,0,1,0,0,0,2,2,0,0,0,0,2,0,2,0,0,0,0,2,0,13,0,5,0,0,"","red.ancestor.firsthunter",0,1,0,4,0,5,0,3,0,0,0,0,0,4,0,4,0,0,8,0,8,0,8,0,0,0,7,0,26,16,1,0,0,2,1,2,0,0,1,1,,3,1,1,0,0
game-228,228,"red-hunter-evolution","iron-hyena-pack-pressure",False,30,1,3,1,3,7,6,5,28,3,2,1,0,0,0,4,2,2,1,0,1,2,10,2,9,0,1,2,2,0,15,0,6,0,0,"","red.ancestor.firsthunter",0,1,0,4,0,12,2,1,0,0,0,0,0,0,0,0,0,0,14,0,14,0,14,0,1,0,9,0,44,30,0,0,0,1,1,15,0,0,2,3,12,3,1,0,0,0
game-229,229,"iron-hyena-pack-pressure","red-hunter-evolution",False,37,1,2,3,3,7,6,10,24,3,1,2,0,0,0,5,2,3,1,0,1,4,10,4,10,0,1,3,5,0,31,0,11,0,0,"","red.ancestor.firsthunter",0,4,0,10,0,15,6,3,0,0,0,0,1,12,1,9,0,0,20,0,20,0,20,0,3,0,15,0,58,36,0,0,0,2,2,10,0,0,2,3,22,3,1,1,0,0
game-230,230,"red-hunter-evolution","iron-hyena-pack-pressure",False,36,1,3,1,3,7,6,5,16,2,0,2,0,0,0,4,1,3,1,0,1,4,12,4,12,0,0,0,2,0,32,0,13,0,0,"","red.ancestor.firsthunter",0,2,0,6,0,15,4,2,0,0,0,0,1,0,1,0,0,0,17,0,17,0,17,0,1,0,13,0,53,36,0,0,0,2,0,21,0,0,2,3,12,3,1,0,0,0
game-231,231,"iron-hyena-pack-pressure","red-hunter-evolution",False,21,1,0,3,3,9,8,14,,1,0,1,0,0,0,2,1,1,0,0,0,2,2,2,2,0,1,0,6,0,19,0,7,0,0,"","red.ancestor.firsthunter",0,1,0,4,0,6,0,2,0,0,0,0,0,4,0,4,0,0,9,0,9,0,9,0,1,0,6,0,31,20,0,0,0,2,1,2,0,0,1,1,,3,1,1,0,0
game-232,232,"red-hunter-evolution","iron-hyena-pack-pressure",False,26,1,3,1,3,7,8,12,16,2,2,0,0,0,0,2,2,0,1,0,1,0,2,0,2,0,0,2,5,0,13,0,7,0,0,"","red.ancestor.firsthunter",0,3,0,8,0,9,4,0,0,0,0,0,0,0,0,0,0,0,11,0,11,0,11,0,1,0,7,0,37,26,0,0,0,0,2,11,0,0,1,2,14,3,1,0,0,0
game-233,233,"red-hunter-evolution","iron-hyena-pack-pressure",False,22,1,3,2,5,9,6,12,16,1,0,1,0,0,0,2,2,0,1,0,1,2,2,2,2,0,0,0,4,0,16,0,6,0,0,"","red.ancestor.grandmother",0,1,0,4,0,8,6,2,0,0,0,0,1,2,1,2,0,0,6,0,6,0,6,0,1,0,5,0,28,22,0,0,0,2,0,2,0,1,1,1,14,5,1,0,0,0
game-234,234,"iron-hyena-pack-pressure","red-hunter-evolution",False,21,1,0,3,3,7,6,10,,2,0,2,0,0,0,3,3,0,0,0,0,4,0,4,0,1,0,3,5,0,12,0,6,0,0,"","red.ancestor.firsthunter",0,2,0,6,0,7,1,1,0,0,0,0,1,4,1,4,0,0,10,0,10,0,10,0,1,0,9,0,32,20,0,0,0,1,0,1,0,0,1,1,,3,1,1,0,0
game-235,235,"iron-hyena-pack-pressure","red-hunter-evolution",False,15,1,0,3,3,7,6,5,,1,0,1,0,0,0,1,1,0,0,0,0,2,0,2,0,0,0,0,0,0,9,0,4,0,0,"","red.ancestor.firsthunter",0,2,0,6,0,4,0,1,0,0,0,0,0,5,0,4,0,0,8,0,8,0,8,0,1,0,7,0,24,14,0,0,0,0,0,2,0,0,1,1,,3,1,1,0,0
game-236,236,"iron-hyena-pack-pressure","red-hunter-evolution",False,13,1,0,3,3,7,8,11,,2,0,2,0,0,0,0,0,0,0,0,0,8,0,5,0,0,0,0,0,0,3,0,1,0,0,"","red.ancestor.grandmother",0,0,0,2,0,2,0,2,0,0,0,0,0,2,0,2,0,0,8,0,8,0,8,0,1,0,6,0,22,12,0,0,0,1,0,0,0,0,0,0,,3,1,1,0,0
game-237,237,"iron-hyena-pack-pressure","red-hunter-evolution",False,21,1,1,3,3,9,8,11,,2,1,1,0,0,0,3,3,0,0,0,0,2,0,2,0,0,0,3,6,0,6,0,3,0,0,"","red.ancestor.firsthunter",0,2,0,6,0,6,1,1,0,0,0,0,0,8,0,6,0,0,14,0,14,0,14,0,3,0,9,0,36,20,0,0,0,2,0,3,0,0,1,1,16,3,1,1,0,0
game-238,238,"iron-hyena-pack-pressure","red-hunter-evolution",False,17,1,0,3,3,7,8,10,,1,0,1,0,0,0,2,2,0,0,0,0,2,0,2,0,0,0,0,4,0,8,0,3,0,0,"","red.ancestor.firsthunter",0,1,0,4,0,4,0,1,0,0,0,0,0,5,0,4,0,0,9,0,9,0,9,0,1,0,6,0,27,16,0,0,0,1,0,1,0,0,1,1,,3,1,1,0,0
game-239,239,"red-hunter-evolution","iron-hyena-pack-pressure",False,24,1,3,2,3,9,8,12,22,1,1,0,0,0,0,3,2,1,1,0,1,0,4,0,4,1,0,0,6,0,13,0,6,0,0,"","red.ancestor.firsthunter",0,2,0,6,0,8,4,1,0,0,0,0,0,3,0,3,0,0,16,0,16,0,16,0,2,0,10,0,40,24,0,0,0,2,0,7,0,0,1,2,16,3,1,0,0,0
game-240,240,"iron-hyena-pack-pressure","red-hunter-evolution",False,13,1,0,3,3,5,8,13,,1,0,1,0,0,0,0,0,0,0,0,0,2,0,1,0,0,0,0,3,0,10,0,3,0,0,"","red.ancestor.firsthunter",0,0,0,2,0,2,0,0,0,0,0,0,0,1,0,1,0,0,3,0,3,0,3,0,1,0,2,0,17,12,0,0,0,0,0,0,0,0,0,0,,3,1,1,0,0
game-241,241,"red-hunter-evolution","iron-hyena-pack-pressure",False,22,1,3,1,3,12,6,10,14,1,0,1,0,0,0,2,2,0,1,0,1,2,2,2,2,1,0,0,5,0,11,0,6,0,0,"","red.ancestor.grandmother",0,1,0,4,0,8,6,2,0,0,0,0,1,8,1,6,0,0,6,0,6,0,6,0,1,0,5,0,28,22,0,0,0,0,0,4,0,1,1,1,12,3,1,0,0,0
game-242,242,"iron-hyena-pack-pressure","red-hunter-evolution",False,13,1,0,3,3,7,6,10,,1,0,1,0,0,0,1,1,0,0,0,0,2,0,2,0,0,0,0,2,0,7,0,3,0,0,"","red.ancestor.firsthunter",0,0,0,2,0,3,0,0,0,0,0,0,0,2,0,2,0,0,5,0,5,0,5,0,1,0,3,0,19,12,0,0,0,0,0,1,0,0,0,0,,3,1,1,0,0
game-243,243,"red-hunter-evolution","iron-hyena-pack-pressure",False,28,1,3,2,3,7,8,9,,3,2,1,0,0,0,3,2,1,0,0,0,2,2,2,1,0,0,3,4,0,12,0,6,0,0,"","red.ancestor.grandmother",0,1,0,4,0,10,9,1,0,0,0,0,1,1,1,1,0,0,13,0,13,0,13,0,2,0,9,0,41,28,0,0,0,1,0,8,0,0,2,2,14,3,1,0,0,0
game-244,244,"iron-hyena-pack-pressure","red-hunter-evolution",False,17,1,0,3,3,9,6,9,,1,0,1,0,0,0,2,2,0,0,0,0,2,0,2,0,0,0,0,2,0,9,0,3,0,0,"","red.ancestor.grandmother",0,2,0,6,0,5,0,3,0,0,0,0,0,4,0,4,0,0,7,0,7,0,7,0,2,0,5,0,25,16,0,0,0,1,2,2,0,0,1,1,,3,1,1,0,0
game-245,245,"iron-hyena-pack-pressure","red-hunter-evolution",False,13,1,0,3,3,7,8,13,,1,0,1,0,0,0,0,0,0,0,0,0,4,0,3,0,0,0,0,0,0,2,0,1,0,0,"","red.ancestor.grandmother",0,0,0,2,0,2,0,3,0,0,0,0,0,0,0,0,0,0,9,0,9,0,9,0,1,0,6,0,23,12,0,0,0,2,0,0,0,0,0,0,,3,1,1,0,0
game-246,246,"iron-hyena-pack-pressure","red-hunter-evolution",False,24,1,1,3,3,7,12,10,22,3,1,2,0,0,0,3,2,1,1,0,1,6,4,6,4,1,0,2,7,0,15,0,6,0,0,"","red.ancestor.firsthunter",0,2,0,6,0,6,2,2,0,0,0,0,2,4,2,4,0,0,13,0,13,0,13,0,3,0,10,0,37,24,0,0,0,2,0,6,0,1,1,2,18,3,1,1,0,0
game-247,247,"iron-hyena-pack-pressure","red-hunter-evolution",False,15,1,0,3,3,7,8,9,,2,0,2,0,0,0,0,0,0,0,0,0,6,0,5,0,0,1,0,5,0,10,0,4,0,0,"","red.ancestor.firsthunter",0,0,0,2,0,3,0,0,0,0,0,0,0,0,0,0,0,0,9,0,9,0,9,0,3,0,5,0,25,14,0,0,0,1,0,1,0,0,1,1,,3,1,1,0,0
game-248,248,"iron-hyena-pack-pressure","red-hunter-evolution",False,19,1,0,3,3,7,8,5,,2,0,2,0,0,0,3,3,0,0,0,0,6,0,6,0,0,0,0,4,0,9,0,4,0,0,"","red.ancestor.firsthunter",0,2,0,6,0,5,0,1,0,0,0,0,0,6,0,5,0,0,12,0,11,0,11,0,2,0,7,0,31,18,0,0,0,1,3,1,0,0,1,1,,3,1,1,0,0
game-249,249,"red-hunter-evolution","iron-hyena-pack-pressure",False,20,1,3,2,3,12,6,5,14,1,0,1,0,0,0,2,2,0,1,0,1,2,2,2,2,0,0,1,7,0,14,0,5,0,0,"","red.ancestor.firsthunter",0,0,0,2,0,7,5,0,0,0,0,0,0,6,0,5,0,0,4,0,4,0,4,0,1,0,4,0,24,20,0,0,0,2,0,3,0,0,1,1,12,3,1,0,0,0
game-250,250,"red-hunter-evolution","iron-hyena-pack-pressure",False,28,1,3,1,3,11,6,12,,2,2,0,0,0,0,3,1,2,0,0,0,0,6,0,6,0,0,2,2,0,14,0,8,0,0,"","red.ancestor.firsthunter",0,5,0,12,0,11,6,3,1,0,0,0,0,1,0,1,0,0,11,0,11,0,11,0,0,0,9,0,39,28,0,0,0,1,0,9,0,0,2,2,14,3,1,0,0,0
game-251,251,"red-hunter-evolution","iron-hyena-pack-pressure",False,22,1,3,1,3,11,6,5,18,3,2,1,0,0,0,2,2,0,1,0,1,2,2,2,2,0,0,2,5,0,8,0,4,0,0,"","red.ancestor.grandmother",0,1,0,4,0,8,5,2,0,0,0,0,1,4,1,4,0,0,8,0,8,0,8,0,2,0,7,0,30,22,0,0,0,1,0,3,0,0,1,1,14,3,1,0,0,0
game-252,252,"iron-hyena-pack-pressure","red-hunter-evolution",False,21,1,1,3,3,9,6,5,,4,1,3,0,0,0,2,2,0,0,0,0,8,0,6,0,1,0,2,5,0,19,0,7,0,0,"","red.ancestor.grandmother",0,1,0,4,0,7,2,1,0,0,0,0,0,4,0,3,0,0,11,0,11,0,11,0,2,0,9,0,33,20,0,0,0,2,0,2,0,0,1,1,18,3,1,1,0,0
game-253,253,"iron-hyena-pack-pressure","red-hunter-evolution",False,13,1,0,3,3,8,6,9,,1,0,1,0,0,0,1,1,0,0,0,0,2,0,2,0,0,0,1,0,0,8,0,3,0,0,"","red.ancestor.firsthunter",0,1,0,4,0,3,0,1,0,0,0,0,3,0,1,0,0,0,8,0,8,0,8,0,2,0,4,0,22,12,0,0,0,0,1,1,0,1,0,0,12,3,1,1,0,0
game-254,254,"iron-hyena-pack-pressure","red-hunter-evolution",False,23,1,1,3,3,9,6,9,18,4,1,3,0,0,0,2,2,0,1,0,1,8,2,7,2,1,0,1,5,0,20,0,9,0,0,"","red.ancestor.firsthunter",0,2,0,6,0,8,3,1,0,0,0,0,2,3,2,3,0,0,11,0,11,0,11,0,3,0,8,0,35,22,0,0,0,2,0,3,0,1,1,1,16,3,1,1,0,0
game-255,255,"iron-hyena-pack-pressure","red-hunter-evolution",False,23,1,0,3,3,9,6,9,,2,1,1,0,0,0,3,2,1,0,0,0,2,4,2,4,0,0,1,3,0,4,0,3,0,0,"","red.ancestor.grandmother",0,2,0,6,0,8,0,7,0,0,0,0,2,7,2,5,0,0,11,0,11,0,11,0,2,0,7,0,35,22,1,0,0,2,1,3,0,0,1,1,16,3,1,1,0,0
game-256,256,"red-hunter-evolution","iron-hyena-pack-pressure",False,46,1,3,2,3,7,8,12,,5,2,3,0,0,0,6,2,4,0,0,0,6,12,6,12,1,1,1,5,0,17,0,7,0,0,"","red.ancestor.firsthunter",0,4,0,10,0,19,5,8,0,0,0,0,3,8,2,6,1,0,27,0,27,0,27,0,5,0,18,0,73,46,0,0,0,3,3,12,0,0,3,4,16,3,1,0,0,0
game-257,257,"red-hunter-evolution","iron-hyena-pack-pressure",False,20,1,3,2,3,12,10,10,18,0,0,0,0,0,0,2,1,1,1,0,1,0,4,0,3,0,1,0,1,0,3,0,2,0,0,"","red.ancestor.firsthunter",0,0,0,2,0,5,4,0,0,0,0,0,1,8,1,6,0,0,9,0,9,0,9,0,0,0,6,0,29,20,0,0,0,2,0,5,0,1,1,1,4,3,1,0,0,0
game-258,258,"iron-hyena-pack-pressure","red-hunter-evolution",False,25,1,1,3,3,13,8,12,,3,1,2,0,0,0,3,2,1,0,0,0,4,4,3,4,0,0,3,4,0,11,0,6,0,0,"","red.ancestor.grandmother",0,3,0,8,0,8,4,4,0,0,0,0,4,4,3,4,0,0,15,0,14,0,14,0,3,0,8,0,40,24,0,0,0,3,0,3,0,0,1,2,6,3,1,1,0,0
game-259,259,"iron-hyena-pack-pressure","red-hunter-evolution",False,11,1,0,3,3,7,10,5,,1,0,1,0,0,0,0,0,0,0,0,0,2,0,2,0,0,0,0,2,0,2,0,1,0,0,"","red.ancestor.firsthunter",0,0,0,2,0,0,0,0,0,0,0,0,0,1,0,1,0,0,7,0,7,0,7,0,1,0,4,0,19,10,0,0,0,1,0,0,0,0,0,0,,3,1,1,0,0
game-260,260,"iron-hyena-pack-pressure","red-hunter-evolution",False,15,1,0,3,3,9,8,13,,1,0,1,0,0,0,0,0,0,0,0,0,2,0,2,0,2,0,1,0,0,3,0,2,0,0,"","red.ancestor.firsthunter",0,1,0,4,0,3,0,2,0,0,0,0,0,1,0,1,0,0,7,0,7,0,7,0,0,0,5,0,23,14,0,0,0,3,0,0,0,0,1,1,,3,1,1,0,0
game-261,261,"red-hunter-evolution","iron-hyena-pack-pressure",False,32,1,3,2,3,11,6,12,20,2,0,2,0,0,0,4,3,1,1,0,1,8,6,8,6,1,1,0,6,0,18,0,7,0,0,"","red.ancestor.grandmother",0,3,0,8,0,13,8,3,0,0,0,0,2,14,2,10,0,0,14,0,14,0,14,0,2,0,9,0,46,32,0,0,0,2,0,4,0,0,2,3,18,3,1,0,0,0
game-262,262,"iron-hyena-pack-pressure","red-hunter-evolution",False,21,1,0,3,3,7,6,5,16,2,0,2,0,0,0,2,1,1,1,0,1,6,4,6,4,0,0,0,5,0,19,0,8,0,0,"","red.ancestor.firsthunter",0,2,0,6,0,7,1,1,0,0,0,0,2,8,1,6,0,0,11,0,11,0,11,0,2,0,8,0,33,20,0,0,0,3,1,4,0,1,1,1,14,3,1,1,0,0
game-263,263,"iron-hyena-pack-pressure","red-hunter-evolution",False,23,1,0,3,3,11,8,14,,1,0,1,0,0,0,2,2,0,0,0,0,2,0,2,0,0,0,0,6,0,20,0,8,0,0,"","red.ancestor.firsthunter",0,2,0,6,0,7,0,2,0,0,0,0,0,6,0,5,0,0,17,0,17,0,17,0,2,0,8,0,41,22,0,0,0,1,2,4,0,0,1,1,4,3,1,1,0,0
game-264,264,"red-hunter-evolution","iron-hyena-pack-pressure",False,28,1,3,2,3,7,10,14,18,2,2,0,0,0,0,3,2,1,1,0,1,0,6,0,6,2,0,1,6,0,13,0,7,0,0,"","red.ancestor.firsthunter",0,3,0,8,0,9,3,2,2,0,0,0,1,9,0,6,1,0,18,0,18,0,18,0,4,0,10,0,46,28,0,0,0,3,0,6,0,0,2,2,16,3,1,0,0,0
game-265,265,"red-hunter-evolution","iron-hyena-pack-pressure",False,22,1,3,2,3,7,6,9,,2,1,1,0,0,0,2,2,0,0,0,0,2,0,2,0,1,0,0,3,0,18,0,9,0,0,"","red.ancestor.firsthunter",0,3,0,8,0,8,5,1,0,0,0,0,1,1,1,1,0,0,9,0,9,0,9,0,2,0,7,0,31,22,0,0,0,1,0,4,0,1,1,1,12,3,1,0,0,0
game-266,266,"iron-hyena-pack-pressure","red-hunter-evolution",False,19,1,1,3,3,9,8,10,16,1,0,1,0,0,0,1,1,0,1,0,1,2,2,2,2,0,0,0,2,0,8,0,3,0,0,"","red.ancestor.firsthunter",0,0,0,2,0,5,2,0,0,0,0,0,0,6,0,4,0,0,11,0,11,0,11,0,3,0,6,0,31,18,0,0,0,1,0,2,0,0,1,1,12,3,1,1,0,0
game-267,267,"iron-hyena-pack-pressure","red-hunter-evolution",False,19,1,0,3,3,9,8,12,,1,1,0,0,0,0,3,3,0,0,0,0,0,0,0,0,0,0,1,6,0,9,0,4,0,0,"","red.ancestor.grandmother",0,1,0,4,0,5,0,1,0,0,0,0,0,9,0,8,0,0,12,0,12,0,12,0,1,0,7,0,32,18,0,0,0,0,0,3,0,0,1,1,,3,1,1,0,0
game-268,268,"iron-hyena-pack-pressure","red-hunter-evolution",False,15,1,0,3,3,7,8,9,,2,0,2,0,0,0,0,0,0,0,0,0,6,0,6,0,0,0,0,1,0,5,0,3,0,0,"","red.ancestor.grandmother",0,1,0,4,0,3,0,1,0,0,0,0,0,0,0,0,0,0,10,0,10,0,10,0,2,0,7,0,26,14,0,0,0,2,0,0,0,0,1,1,,3,1,1,0,0
game-269,269,"iron-hyena-pack-pressure","red-hunter-evolution",False,13,1,0,3,3,7,6,9,,2,0,2,0,0,0,1,1,0,0,0,0,4,0,4,0,0,0,0,0,0,6,0,3,0,0,"","red.ancestor.grandmother",0,1,0,4,0,3,0,1,0,0,0,0,0,0,0,0,0,0,9,0,8,0,8,0,3,0,6,0,22,12,0,0,0,1,1,0,0,0,0,0,,3,1,1,0,0
game-270,270,"red-hunter-evolution","iron-hyena-pack-pressure",False,24,1,3,1,3,11,6,8,14,3,1,2,0,0,0,2,1,1,1,0,1,4,4,4,4,1,0,1,3,0,13,0,7,0,0,"","red.ancestor.firsthunter",0,0,0,2,0,9,6,0,0,0,0,0,1,7,1,4,0,0,8,0,8,0,8,0,2,0,6,0,32,24,0,0,0,2,1,6,0,0,1,1,10,3,1,0,0,0
game-271,271,"iron-hyena-pack-pressure","red-hunter-evolution",False,33,1,2,3,3,7,6,12,22,2,1,1,0,0,0,4,3,1,1,0,1,4,6,4,6,0,1,1,4,0,26,0,11,0,0,"","red.ancestor.firsthunter",0,4,0,10,0,13,2,6,0,0,0,0,1,8,1,8,0,0,18,0,18,0,18,0,2,0,12,0,52,32,0,0,0,3,3,7,0,0,2,2,20,3,1,1,0,0
game-272,272,"red-hunter-evolution","iron-hyena-pack-pressure",False,20,1,3,2,3,5,8,11,,1,0,1,0,0,0,2,2,0,0,0,0,4,0,4,0,0,0,1,3,0,7,0,4,0,0,"","red.ancestor.firsthunter",0,2,0,6,0,6,4,1,0,0,0,0,1,5,1,4,0,0,8,0,8,0,8,0,1,0,7,0,28,20,1,0,0,1,0,3,0,1,1,1,14,3,1,0,0,0
game-273,273,"iron-hyena-pack-pressure","red-hunter-evolution",False,18,1,0,3,3,7,6,7,,2,0,2,0,0,0,2,2,0,0,0,0,10,0,6,0,0,0,0,2,0,17,0,6,0,0,"","red.ancestor.firsthunter",0,2,0,6,0,6,0,1,0,0,0,0,0,1,0,1,0,0,10,0,10,0,10,0,2,0,6,0,28,18,0,0,0,2,1,2,0,0,1,1,,3,1,1,0,0
game-274,274,"iron-hyena-pack-pressure","red-hunter-evolution",False,27,1,1,3,3,11,8,12,20,2,1,1,0,0,0,3,2,1,1,0,1,2,4,2,4,0,0,2,6,0,30,0,9,0,0,"","red.ancestor.firsthunter",0,2,0,6,0,9,2,1,0,0,0,0,0,10,0,9,0,0,12,0,12,0,12,0,0,0,8,0,40,26,0,0,0,2,3,6,0,0,2,2,4,3,1,1,0,0
game-275,275,"iron-hyena-pack-pressure","red-hunter-evolution",False,11,1,0,3,3,7,8,11,,1,0,1,0,0,0,0,0,0,0,0,0,6,0,3,0,0,0,0,0,0,4,0,2,0,0,"","red.ancestor.grandmother",0,1,0,4,0,1,0,1,0,0,0,0,0,1,0,1,0,0,8,0,8,0,8,0,0,0,5,0,20,10,0,0,0,0,0,0,0,0,0,0,,3,1,1,0,0
game-276,276,"iron-hyena-pack-pressure","red-hunter-evolution",False,13,1,0,3,3,7,10,10,,2,0,2,0,0,0,1,1,0,0,0,0,8,0,5,0,0,0,0,0,0,2,0,1,0,0,"","red.ancestor.grandmother",0,0,0,2,0,1,0,1,0,0,0,0,0,3,0,3,0,0,13,0,12,0,12,0,4,0,6,0,26,12,0,0,0,1,1,1,0,0,0,0,,3,1,1,0,0
game-277,277,"iron-hyena-pack-pressure","red-hunter-evolution",False,23,1,0,3,3,17,6,12,,1,0,1,0,0,0,2,1,1,0,0,0,4,2,4,2,0,0,0,4,0,22,0,8,0,0,"","red.ancestor.grandmother",0,2,0,6,0,8,0,4,0,0,0,0,0,3,0,3,0,0,14,0,14,0,14,0,2,0,7,0,38,22,0,0,0,1,0,1,0,0,1,1,,3,1,1,0,0
game-278,278,"iron-hyena-pack-pressure","red-hunter-evolution",False,17,1,0,3,3,5,6,11,,1,0,1,0,0,0,2,2,0,0,0,0,2,0,2,0,0,0,0,4,0,10,0,4,0,0,"","red.ancestor.firsthunter",0,2,0,6,0,5,1,1,0,0,0,0,2,1,1,1,0,0,6,0,6,0,6,0,1,0,5,0,24,16,0,0,0,0,0,1,0,0,1,1,,3,1,1,0,0
game-279,279,"red-hunter-evolution","iron-hyena-pack-pressure",False,30,1,3,1,3,7,6,5,24,2,1,1,0,0,0,3,0,3,1,0,1,2,8,2,8,0,1,2,3,0,24,0,10,0,0,"","red.ancestor.firsthunter",0,2,0,6,0,12,6,2,0,0,0,0,1,1,1,1,0,0,13,0,13,0,13,0,2,0,10,0,43,30,0,0,0,1,0,13,0,0,2,2,14,3,1,0,0,0
game-280,280,"red-hunter-evolution","iron-hyena-pack-pressure",False,34,1,3,1,5,18,6,12,24,2,2,0,0,0,0,3,1,2,1,0,1,0,8,0,8,0,1,2,4,0,28,0,12,0,0,"","red.ancestor.grandmother",0,4,0,10,0,14,5,6,0,0,0,0,0,5,0,5,0,0,19,0,18,0,18,0,0,0,9,0,52,34,0,0,0,0,1,14,0,0,2,3,14,5,1,0,0,0
game-281,281,"iron-hyena-pack-pressure","red-hunter-evolution",False,31,1,0,3,3,5,8,10,30,2,0,2,0,0,0,5,4,1,1,0,1,4,4,4,4,1,4,2,3,0,19,0,9,0,0,"","red.ancestor.grandmother",0,5,0,12,0,11,1,5,0,0,0,0,1,12,1,11,0,0,17,0,17,0,17,0,3,0,12,0,49,30,0,0,0,1,1,6,0,0,2,2,28,3,1,1,0,0
game-282,282,"iron-hyena-pack-pressure","red-hunter-evolution",False,19,1,2,3,3,5,8,8,,2,1,1,0,0,0,1,0,1,0,0,0,2,2,2,2,1,0,1,0,0,6,0,3,0,0,"","red.ancestor.firsthunter",0,0,0,2,0,5,4,0,0,0,0,0,1,2,1,2,0,0,7,0,7,0,7,0,2,0,4,0,27,18,0,0,0,2,2,2,0,0,1,1,10,3,1,1,0,0
game-283,283,"iron-hyena-pack-pressure","red-hunter-evolution",False,18,1,0,3,3,7,6,5,,2,1,1,0,0,0,2,1,1,0,0,0,2,2,2,1,1,0,0,2,0,17,0,6,0,0,"","red.ancestor.firsthunter",0,2,0,6,0,6,0,1,0,0,0,0,0,3,0,2,0,0,9,0,9,0,9,0,2,0,6,0,27,18,0,0,0,3,1,0,0,0,1,1,,3,1,1,0,0
game-284,284,"iron-hyena-pack-pressure","red-hunter-evolution",False,21,1,0,3,3,9,8,13,,2,0,2,0,0,0,1,1,0,0,0,0,4,0,3,0,2,1,1,4,0,15,0,7,0,0,"","red.ancestor.grandmother",0,3,0,8,0,6,0,2,0,0,0,0,0,4,0,3,0,0,12,0,12,0,12,0,3,0,9,0,34,20,0,0,0,2,0,0,0,0,1,1,,3,1,1,0,0
game-285,285,"iron-hyena-pack-pressure","red-hunter-evolution",False,17,1,0,3,3,9,8,10,,2,0,2,0,0,0,1,1,0,0,0,0,4,0,3,0,1,0,1,1,0,7,0,3,0,0,"","red.ancestor.grandmother",0,1,0,4,0,4,0,1,0,0,0,0,0,3,0,3,0,0,10,0,10,0,10,0,1,0,7,0,28,16,0,0,0,1,1,1,0,0,1,1,,3,1,1,0,0
game-286,286,"iron-hyena-pack-pressure","red-hunter-evolution",False,16,1,0,3,3,5,8,14,,1,0,1,0,0,0,1,1,0,0,0,0,4,0,4,0,0,0,0,2,0,10,0,4,0,0,"","red.ancestor.grandmother",0,1,0,4,0,4,0,2,0,0,0,0,0,4,0,4,0,0,10,0,9,0,9,0,0,0,6,0,25,16,0,0,0,1,0,1,0,0,1,1,,3,1,1,0,0
game-287,287,"iron-hyena-pack-pressure","red-hunter-evolution",False,13,1,0,3,3,7,8,9,,1,0,1,0,0,0,1,1,0,0,0,0,2,0,2,0,0,0,1,0,0,2,0,1,0,0,"","red.ancestor.grandmother",0,0,0,2,0,2,0,2,0,0,0,0,0,3,0,3,0,0,10,0,10,0,10,0,3,0,4,0,24,12,0,0,0,1,0,1,0,0,0,0,,3,1,1,0,0
game-288,288,"iron-hyena-pack-pressure","red-hunter-evolution",False,21,1,0,3,3,9,6,10,,1,1,0,0,0,0,2,1,1,0,0,0,0,2,0,2,1,2,1,3,0,12,0,6,0,0,"","red.ancestor.firsthunter",0,3,0,8,0,7,2,1,0,0,0,0,0,4,0,4,0,0,7,0,7,0,7,0,0,0,6,0,29,20,0,0,0,1,0,2,0,0,1,1,18,3,1,1,0,0
game-289,289,"iron-hyena-pack-pressure","red-hunter-evolution",False,17,1,0,3,3,7,8,14,,2,1,1,0,0,0,1,1,0,0,0,0,6,0,4,0,1,0,0,6,0,4,0,2,0,0,"","red.ancestor.grandmother",0,1,0,4,0,4,0,2,0,0,0,0,0,1,0,1,0,0,12,0,12,0,12,0,4,0,7,0,30,16,0,0,0,0,3,3,0,0,1,1,,3,1,1,0,0
game-290,290,"iron-hyena-pack-pressure","red-hunter-evolution",False,17,1,1,3,3,9,8,12,,1,1,0,0,0,0,2,2,0,0,0,0,0,0,0,0,0,0,3,3,0,4,0,2,0,0,"","red.ancestor.grandmother",0,1,0,4,0,4,2,2,0,0,0,0,0,4,0,4,0,0,8,0,7,0,7,0,0,0,4,0,25,16,0,0,0,1,0,1,0,0,1,1,14,3,1,1,0,0
game-291,291,"iron-hyena-pack-pressure","red-hunter-evolution",False,15,1,0,3,3,5,8,9,,2,1,1,0,0,0,0,0,0,0,0,0,6,0,4,0,1,1,0,3,0,9,0,4,0,0,"","red.ancestor.grandmother",0,1,0,4,0,3,0,1,0,0,0,0,0,3,0,2,0,0,10,0,10,0,10,0,2,0,7,0,26,14,0,0,0,0,0,1,0,0,1,1,,3,1,1,0,0
game-292,292,"iron-hyena-pack-pressure","red-hunter-evolution",False,17,1,0,3,3,7,6,11,,2,1,1,0,0,0,3,1,2,0,0,0,2,4,2,4,0,2,2,2,0,8,0,4,0,0,"","red.ancestor.firsthunter",0,1,0,4,0,5,0,2,0,0,0,0,0,5,0,5,0,0,10,0,10,0,10,0,1,0,4,0,28,16,0,0,0,1,0,2,0,0,1,1,,3,1,1,0,0
game-293,293,"iron-hyena-pack-pressure","red-hunter-evolution",False,23,1,0,3,3,11,6,5,,4,0,4,0,0,0,3,2,1,0,0,0,8,2,8,2,0,0,0,7,0,15,0,7,0,0,"","red.ancestor.firsthunter",0,2,0,6,0,8,1,1,0,0,0,0,1,4,1,3,0,0,13,0,13,0,13,0,6,0,9,0,37,22,0,0,0,2,0,1,0,0,1,1,,3,1,1,0,0
game-294,294,"iron-hyena-pack-pressure","red-hunter-evolution",False,19,1,0,3,3,7,6,10,,1,0,1,0,0,0,3,2,1,0,0,0,4,2,4,2,0,1,0,5,0,14,0,5,0,0,"","red.ancestor.firsthunter",0,3,0,8,0,6,1,3,0,0,0,0,1,6,1,5,0,0,10,0,10,0,10,0,2,0,6,0,30,18,0,0,0,1,1,2,0,0,1,1,,3,1,1,0,0
game-295,295,"iron-hyena-pack-pressure","red-hunter-evolution",False,13,1,0,3,3,7,6,,,0,0,0,0,0,0,0,0,0,0,0,0,0,0,0,0,0,0,0,0,0,6,0,3,0,0,"","red.ancestor.firsthunter",0,1,0,4,0,3,0,2,0,0,0,0,0,0,0,0,0,0,13,0,13,0,13,0,4,0,6,0,27,12,0,0,0,2,1,1,0,0,0,0,,3,1,1,0,0
game-296,296,"red-hunter-evolution","iron-hyena-pack-pressure",False,32,1,3,2,3,7,8,12,30,2,1,1,0,0,0,3,3,0,1,0,1,4,2,4,2,0,1,3,4,0,17,0,8,0,0,"","red.ancestor.grandmother",0,3,0,8,0,12,6,2,0,0,0,0,1,6,1,5,0,0,13,0,13,0,13,0,1,0,11,0,45,32,0,0,0,3,0,9,0,0,2,3,4,3,1,0,0,0
game-297,297,"iron-hyena-pack-pressure","red-hunter-evolution",False,11,1,0,3,3,7,8,11,,1,0,1,0,0,0,0,0,0,0,0,0,6,0,2,0,1,0,0,1,0,2,0,1,0,0,"","red.ancestor.firsthunter",0,0,0,2,0,1,0,0,0,0,0,0,0,0,0,0,0,0,7,0,7,0,7,0,1,0,4,0,19,10,0,0,0,1,0,0,0,0,0,0,,3,1,1,0,0
game-298,298,"red-hunter-evolution","iron-hyena-pack-pressure",False,28,1,3,1,3,7,8,16,20,1,0,1,0,0,0,2,1,1,1,0,1,2,4,2,4,2,1,0,3,0,23,0,9,0,0,"","red.ancestor.firsthunter",0,2,0,6,0,10,5,1,0,0,0,0,1,1,1,1,0,0,11,0,11,0,11,0,1,0,8,0,39,28,0,0,0,2,1,11,0,0,2,2,18,3,1,0,0,0
game-299,299,"iron-hyena-pack-pressure","red-hunter-evolution",False,25,1,1,3,3,9,8,11,22,3,1,2,0,0,0,3,3,0,1,0,1,4,2,4,2,1,0,0,9,0,13,0,6,0,0,"","red.ancestor.grandmother",0,1,0,4,0,8,2,1,0,0,0,0,0,8,0,8,0,0,20,0,20,0,20,0,4,0,12,0,46,24,0,0,0,4,0,5,0,0,1,2,18,3,1,1,0,0
game-300,300,"iron-hyena-pack-pressure","red-hunter-evolution",False,25,1,0,3,3,5,8,11,,3,1,2,0,0,0,2,2,0,0,0,0,4,0,4,0,1,1,1,1,0,28,0,9,0,0,"","red.ancestor.firsthunter",0,3,0,8,0,8,0,2,0,0,0,0,0,4,0,4,0,0,11,0,11,0,11,0,2,0,8,0,37,24,0,0,0,2,5,3,0,0,1,1,,3,1,1,0,0
game-301,301,"iron-hyena-pack-pressure","red-hunter-evolution",False,21,1,1,3,3,7,6,10,16,3,0,3,0,0,0,2,2,0,1,0,1,8,2,8,2,1,0,1,2,0,11,0,5,0,0,"","red.ancestor.firsthunter",0,2,0,6,0,7,2,1,0,0,0,0,1,6,1,5,0,0,11,0,11,0,11,0,3,0,7,0,33,20,0,0,0,0,0,3,0,0,1,1,14,3,1,1,0,0
game-302,302,"iron-hyena-pack-pressure","red-hunter-evolution",False,17,1,0,3,3,7,6,12,,1,1,0,0,0,0,1,1,0,0,0,0,0,0,0,0,0,0,1,2,0,13,0,5,0,0,"","red.ancestor.grandmother",0,1,0,4,0,5,0,1,0,0,0,0,0,2,0,2,0,0,7,0,7,0,7,0,0,0,5,0,25,16,0,0,0,2,0,1,0,0,1,1,,3,1,1,0,0
game-303,303,"red-hunter-evolution","iron-hyena-pack-pressure",False,36,1,3,2,3,9,6,9,20,5,3,2,0,0,0,5,1,4,1,0,1,4,14,4,11,0,0,3,3,0,30,0,12,0,0,"","red.ancestor.grandmother",0,5,0,12,0,15,5,5,0,0,0,0,3,0,2,0,1,0,23,0,23,0,23,0,3,0,14,0,59,36,0,0,0,1,3,13,0,0,2,3,18,3,1,0,0,0
game-304,304,"iron-hyena-pack-pressure","red-hunter-evolution",False,21,1,2,3,3,13,6,5,,3,2,1,0,0,0,2,2,0,0,0,0,2,0,2,0,1,0,0,2,0,4,0,2,0,0,"","red.ancestor.grandmother",0,1,0,4,0,7,5,2,0,0,0,0,3,6,1,4,0,0,17,0,15,0,15,0,2,0,7,0,37,20,0,0,0,1,1,2,0,1,1,1,12,3,1,1,0,0
game-305,305,"iron-hyena-pack-pressure","red-hunter-evolution",False,19,1,0,3,3,9,6,9,,2,0,2,0,0,0,2,1,1,0,0,0,4,2,4,2,0,1,0,6,0,14,0,6,0,0,"","red.ancestor.firsthunter",0,3,0,8,0,6,0,2,0,0,0,0,0,2,0,2,0,0,12,0,12,0,12,0,5,0,7,0,32,18,0,0,0,1,0,0,0,0,1,1,,3,1,1,0,0
game-306,306,"iron-hyena-pack-pressure","red-hunter-evolution",False,25,1,0,3,3,13,6,7,20,3,1,2,0,0,0,3,2,1,1,0,1,8,4,6,4,1,0,0,4,0,24,0,9,0,0,"","red.ancestor.firsthunter",0,3,0,8,0,9,1,2,0,0,0,0,0,6,0,6,0,0,13,0,12,0,12,0,2,0,8,0,38,24,0,0,0,1,0,3,0,0,1,1,18,3,1,1,0,0
game-307,307,"iron-hyena-pack-pressure","red-hunter-evolution",False,24,1,2,3,3,7,6,12,,2,0,2,0,0,0,3,3,0,0,0,0,8,0,8,0,0,0,0,5,0,9,0,4,0,0,"","red.ancestor.firsthunter",0,1,0,4,0,9,1,4,0,0,0,0,1,9,1,8,0,0,17,0,17,0,17,0,4,0,10,0,41,24,0,0,0,2,1,3,0,0,1,1,16,3,1,1,0,0
game-308,308,"iron-hyena-pack-pressure","red-hunter-evolution",False,17,1,0,3,3,7,8,11,,2,1,1,0,0,0,1,1,0,0,0,0,8,0,3,0,1,0,2,5,0,15,0,5,0,0,"","red.ancestor.firsthunter",0,0,0,2,0,4,1,0,0,0,0,0,0,1,0,1,0,0,7,0,7,0,7,0,2,0,6,0,25,16,0,0,0,0,0,1,0,0,1,1,16,3,1,1,0,0
game-309,309,"iron-hyena-pack-pressure","red-hunter-evolution",False,21,1,0,3,3,5,6,14,,1,0,1,0,0,0,2,2,0,0,0,0,4,0,4,0,0,0,0,6,0,19,0,7,0,0,"","red.ancestor.firsthunter",0,2,0,6,0,7,0,2,0,0,0,0,0,3,0,3,0,0,9,0,9,0,9,0,0,0,7,0,31,20,0,0,0,1,0,1,0,0,1,1,,3,1,1,0,0
game-310,310,"red-hunter-evolution","iron-hyena-pack-pressure",False,26,1,3,2,3,9,6,10,20,1,0,1,0,0,0,2,2,0,1,0,1,4,2,4,2,0,0,0,2,0,8,0,5,0,0,"","red.ancestor.firsthunter",0,2,0,6,0,10,7,0,0,0,0,0,1,2,1,2,0,0,11,0,11,0,11,0,1,0,7,0,37,26,0,0,0,2,2,9,0,0,1,2,12,3,1,0,0,0
game-311,311,"iron-hyena-pack-pressure","red-hunter-evolution",False,15,1,0,3,3,7,8,10,,0,0,0,0,0,0,2,2,0,0,0,0,0,0,0,0,0,0,0,8,0,3,0,2,0,0,"","red.ancestor.firsthunter",0,0,0,2,0,3,2,0,0,0,0,0,1,3,1,2,0,0,6,0,6,0,6,0,0,0,3,0,22,14,0,0,0,3,0,1,0,0,1,1,12,3,1,1,0,0
game-312,312,"red-hunter-evolution","iron-hyena-pack-pressure",False,30,1,3,2,3,7,6,8,,2,1,1,0,0,0,4,1,3,0,0,0,2,6,2,6,0,1,2,4,0,17,0,7,0,0,"","red.ancestor.firsthunter",0,2,0,6,0,12,5,5,0,0,0,0,1,6,1,6,0,0,16,0,16,0,16,0,1,0,10,0,46,30,0,0,0,2,2,8,0,0,2,2,10,3,1,0,0,0
game-313,313,"iron-hyena-pack-pressure","red-hunter-evolution",False,19,1,0,3,3,11,8,10,,2,0,2,0,0,0,1,0,1,0,0,0,6,2,6,2,0,1,2,0,0,16,0,6,0,0,"","red.ancestor.firsthunter",0,0,0,2,0,5,1,0,0,0,0,0,2,1,1,1,0,0,13,0,12,0,12,0,5,0,6,0,32,18,0,0,0,1,1,1,0,0,1,1,4,3,1,1,0,0
game-314,314,"iron-hyena-pack-pressure","red-hunter-evolution",False,15,1,0,3,3,7,8,7,,1,0,1,0,0,0,1,1,0,0,0,0,4,0,4,0,0,0,0,1,0,7,0,3,0,0,"","red.ancestor.grandmother",0,1,0,4,0,3,0,3,0,0,0,0,0,2,0,2,0,0,8,0,8,0,8,0,2,0,6,0,24,14,0,0,0,0,0,1,0,0,1,1,,3,1,1,0,0
game-315,315,"iron-hyena-pack-pressure","red-hunter-evolution",False,17,1,0,3,3,5,8,12,16,2,1,1,0,0,0,1,1,0,1,0,1,8,2,4,2,0,0,1,2,0,12,0,4,0,0,"","red.ancestor.firsthunter",0,0,0,2,0,4,1,0,0,0,0,0,2,2,1,2,0,0,9,0,9,0,9,0,2,0,7,0,27,16,0,0,0,2,0,1,0,1,1,1,14,3,1,1,0,0
game-316,316,"red-hunter-evolution","iron-hyena-pack-pressure",False,32,1,3,2,3,13,8,9,22,3,0,3,0,0,0,4,3,1,1,0,1,6,4,6,4,0,0,0,2,0,23,0,10,0,0,"","red.ancestor.firsthunter",0,3,0,8,0,12,3,4,0,0,0,0,3,8,2,7,0,0,21,0,21,0,21,0,7,0,13,0,53,32,0,0,0,0,2,8,0,0,2,2,16,3,1,0,0,0
game-317,317,"iron-hyena-pack-pressure","red-hunter-evolution",False,15,1,1,3,3,9,6,5,,1,0,1,0,0,0,1,1,0,0,0,0,2,0,2,0,0,0,0,1,0,9,0,4,0,0,"","red.ancestor.firsthunter",0,1,0,4,0,4,1,1,0,0,0,0,0,2,0,2,0,0,6,0,6,0,6,0,1,0,5,0,22,14,0,0,0,0,0,1,0,0,1,1,12,3,1,1,0,0
game-318,318,"iron-hyena-pack-pressure","red-hunter-evolution",False,22,1,0,3,3,9,8,7,,2,0,2,0,0,0,2,1,1,0,0,0,4,2,4,1,1,1,0,7,0,10,0,4,0,0,"","red.ancestor.grandmother",0,1,0,4,0,7,1,1,0,0,0,0,1,2,1,2,0,0,10,0,10,0,10,0,2,0,9,0,32,22,0,0,0,2,0,0,0,0,1,1,,3,1,1,0,0
game-319,319,"iron-hyena-pack-pressure","red-hunter-evolution",False,19,1,0,3,3,5,6,9,,2,0,2,0,0,0,2,2,0,0,0,0,4,0,4,0,0,0,0,3,0,6,0,3,0,0,"","red.ancestor.firsthunter",0,2,0,6,0,6,0,2,0,0,0,0,0,4,0,4,0,0,12,0,12,0,12,0,4,0,6,0,32,18,0,0,0,2,2,1,0,0,1,1,,3,1,1,0,0
game-320,320,"iron-hyena-pack-pressure","red-hunter-evolution",False,19,1,0,3,3,7,6,7,18,3,0,3,0,0,0,2,2,0,1,0,1,6,2,6,2,0,0,0,8,0,23,0,7,0,0,"","red.ancestor.firsthunter",0,0,0,2,0,6,1,0,0,0,0,0,0,2,0,2,0,0,9,0,9,0,9,0,3,0,8,0,29,18,0,0,0,0,0,1,0,0,1,1,16,3,1,1,0,0
game-321,321,"iron-hyena-pack-pressure","red-hunter-evolution",False,29,1,0,3,3,17,6,12,,3,2,1,0,0,0,3,3,0,0,0,0,2,0,2,0,1,0,3,7,0,37,0,11,0,0,"","red.ancestor.firsthunter",0,2,0,6,0,11,0,2,0,0,0,0,0,4,0,3,0,0,12,0,12,0,12,0,2,0,10,0,42,28,0,0,0,2,2,4,0,0,2,2,,3,1,1,0,0
game-322,322,"iron-hyena-pack-pressure","red-hunter-evolution",False,19,1,1,3,3,10,8,9,,3,1,2,0,0,0,1,1,0,0,0,0,6,0,6,0,0,0,1,0,0,8,0,3,0,0,"","red.ancestor.firsthunter",0,1,0,4,0,5,0,4,0,0,0,0,1,1,1,1,0,0,12,0,12,0,12,0,5,0,8,0,32,18,0,0,0,1,1,2,0,1,1,1,14,3,1,1,0,0
game-323,323,"iron-hyena-pack-pressure","red-hunter-evolution",False,31,1,1,3,3,7,6,11,24,4,1,3,0,0,0,2,0,2,1,0,1,6,6,5,6,0,1,1,0,0,31,0,11,0,0,"","red.ancestor.grandmother",0,5,0,12,0,12,2,4,0,0,0,0,2,2,2,2,0,0,18,0,18,0,18,0,5,0,12,0,50,30,0,0,0,1,1,7,0,0,2,2,22,3,1,1,0,0
game-324,324,"iron-hyena-pack-pressure","red-hunter-evolution",False,15,1,0,3,3,7,8,5,,1,0,1,0,0,0,0,0,0,0,0,0,2,0,2,0,0,0,0,0,0,9,0,3,0,0,"","red.ancestor.firsthunter",0,0,0,2,0,3,0,0,0,0,0,0,0,1,0,1,0,0,11,0,11,0,11,0,5,0,7,0,27,14,0,0,0,0,0,0,0,0,1,1,,3,1,1,0,0
game-325,325,"iron-hyena-pack-pressure","red-hunter-evolution",False,25,1,0,3,3,11,8,15,,2,1,1,0,0,0,2,2,0,0,0,0,2,0,2,0,0,0,1,4,0,28,0,9,0,0,"","red.ancestor.grandmother",0,3,0,8,0,8,0,2,0,0,0,0,0,6,0,6,0,0,9,0,9,0,9,0,1,0,7,0,35,24,0,0,0,2,0,3,0,0,2,2,,3,1,1,0,0
game-326,326,"iron-hyena-pack-pressure","red-hunter-evolution",False,15,1,0,3,3,9,8,,,0,0,0,0,0,0,0,0,0,0,0,0,0,0,0,0,0,0,0,0,0,7,0,3,0,0,"","red.ancestor.firsthunter",0,0,0,2,0,3,0,0,0,0,0,0,0,1,0,1,0,0,6,0,6,0,6,0,0,0,5,0,22,14,1,0,0,1,1,1,0,0,1,1,,3,1,1,0,0
game-327,327,"iron-hyena-pack-pressure","red-hunter-evolution",False,17,1,1,3,3,7,6,10,,0,0,0,0,0,0,1,1,0,0,0,0,0,0,0,0,0,0,0,2,0,6,0,3,0,0,"","red.ancestor.firsthunter",0,1,0,4,0,5,1,3,0,0,0,0,0,4,0,3,0,0,7,0,7,0,7,0,1,0,5,0,25,16,0,0,0,2,0,1,0,0,1,1,12,3,1,1,0,0
game-328,328,"iron-hyena-pack-pressure","red-hunter-evolution",False,37,1,2,3,3,11,6,10,34,3,2,1,0,0,0,5,3,2,1,0,1,2,8,2,8,0,0,1,4,0,37,0,13,0,0,"","red.ancestor.grandmother",0,1,0,4,0,15,3,4,0,0,0,0,5,5,2,5,0,0,20,0,20,0,20,0,3,0,14,0,58,36,0,0,0,3,1,12,0,1,3,3,14,3,1,1,0,0
game-329,329,"iron-hyena-pack-pressure","red-hunter-evolution",False,13,1,0,3,3,5,6,10,,1,0,1,0,0,0,1,1,0,0,0,0,4,0,2,0,0,0,0,0,0,4,0,2,0,0,"","red.ancestor.firsthunter",0,1,0,4,0,3,0,2,0,0,0,0,0,3,0,3,0,0,7,0,7,0,7,0,1,0,4,0,21,12,0,0,0,1,0,1,0,0,0,0,,3,1,1,0,0
game-330,330,"red-hunter-evolution","iron-hyena-pack-pressure",False,32,1,3,2,3,7,8,7,,3,0,3,0,0,0,3,1,2,0,0,0,12,4,8,4,0,0,0,4,0,11,0,5,0,0,"","red.ancestor.grandmother",0,3,0,8,0,12,4,6,0,0,0,0,0,0,0,0,0,0,16,0,16,0,16,0,3,0,12,0,48,32,0,0,0,2,3,10,0,0,2,3,20,3,1,0,0,0
game-331,331,"iron-hyena-pack-pressure","red-hunter-evolution",False,17,1,0,3,3,5,10,11,,2,0,2,0,0,0,2,1,1,0,0,0,4,2,4,2,0,0,0,6,0,9,0,4,0,0,"","red.ancestor.grandmother",0,1,0,4,0,3,1,1,0,0,0,0,1,4,1,4,0,0,9,0,9,0,9,0,2,0,8,0,27,16,0,0,0,1,1,3,0,0,1,1,,3,1,1,0,0
game-332,332,"iron-hyena-pack-pressure","red-hunter-evolution",False,13,1,0,3,3,7,6,7,,1,0,1,0,0,0,0,0,0,0,0,0,2,0,2,0,0,0,0,2,0,7,0,3,0,0,"","red.ancestor.firsthunter",0,0,0,2,0,3,0,0,0,0,0,0,0,0,0,0,0,0,5,0,5,0,5,0,2,0,4,0,19,12,0,0,0,0,1,0,0,0,0,0,,3,1,1,0,0
game-333,333,"iron-hyena-pack-pressure","red-hunter-evolution",False,27,1,0,3,3,13,8,15,,2,0,2,0,0,0,2,1,1,0,0,0,6,2,4,2,0,0,1,9,0,10,0,5,0,0,"","red.ancestor.grandmother",0,2,0,6,0,9,0,5,0,0,0,0,0,6,0,5,0,0,18,0,18,0,18,0,6,0,9,0,46,26,0,0,0,1,6,8,0,0,2,2,,3,1,1,0,0
game-334,334,"iron-hyena-pack-pressure","red-hunter-evolution",False,19,1,0,3,3,7,8,7,,2,0,2,0,0,0,1,1,0,0,0,0,10,0,6,0,0,0,0,6,0,15,0,6,0,0,"","red.ancestor.firsthunter",0,1,0,4,0,5,0,1,0,0,0,0,0,3,0,3,0,0,13,0,13,0,13,0,4,0,8,0,33,18,0,0,0,2,0,1,0,0,1,1,,3,1,1,0,0
game-335,335,"red-hunter-evolution","iron-hyena-pack-pressure",False,40,1,3,2,3,7,6,7,34,4,3,1,0,0,0,4,0,4,1,0,1,4,16,4,14,0,2,7,0,0,30,0,13,0,0,"","red.ancestor.firsthunter",0,7,0,16,0,17,4,4,2,0,0,0,0,0,0,0,0,0,23,0,23,0,23,0,1,0,16,0,63,40,0,0,0,0,4,19,0,0,2,4,32,3,1,0,0,0
game-336,336,"red-hunter-evolution","iron-hyena-pack-pressure",False,18,1,3,2,3,9,6,10,,0,0,0,0,0,0,2,2,0,0,0,0,0,0,0,0,0,0,0,4,0,16,0,6,0,0,"","red.ancestor.firsthunter",0,0,0,2,0,6,4,0,0,0,0,0,0,5,0,4,0,0,8,0,8,0,8,0,0,0,6,0,26,18,0,0,0,1,0,3,0,0,1,1,12,3,1,0,0,0
game-337,337,"iron-hyena-pack-pressure","red-hunter-evolution",False,29,1,0,3,3,7,8,11,26,4,1,3,0,0,0,3,3,0,1,0,1,8,2,8,2,0,0,2,8,0,25,0,9,0,0,"","red.ancestor.grandmother",0,3,0,8,0,10,1,4,0,0,0,0,0,6,0,5,0,0,15,0,15,0,15,0,5,0,12,0,45,28,0,0,0,2,0,1,0,0,2,2,24,3,1,1,0,0
game-338,338,"iron-hyena-pack-pressure","red-hunter-evolution",False,19,1,0,3,3,7,8,11,18,2,1,1,0,0,0,2,1,1,1,0,1,2,4,2,4,1,0,1,1,0,11,0,4,0,0,"","red.ancestor.firsthunter",0,1,0,4,0,5,1,2,0,0,0,0,0,8,0,5,0,0,13,0,12,0,12,0,2,0,6,0,32,18,0,0,0,1,1,3,0,0,1,1,16,3,1,1,0,0
game-339,339,"iron-hyena-pack-pressure","red-hunter-evolution",False,19,1,0,3,3,5,6,10,,1,1,0,0,0,0,1,1,0,0,0,0,0,0,0,0,1,0,1,1,0,13,0,5,0,0,"","red.ancestor.firsthunter",0,2,0,6,0,6,0,1,0,0,0,0,0,2,0,2,0,0,8,0,8,0,8,0,1,0,7,0,28,18,0,0,0,3,1,1,0,0,1,1,,3,1,1,0,0
game-340,340,"iron-hyena-pack-pressure","red-hunter-evolution",False,27,1,0,3,3,15,6,5,,4,1,3,0,0,0,2,2,0,0,0,0,6,0,5,0,0,0,2,4,0,35,0,9,0,0,"","red.ancestor.grandmother",0,2,0,6,0,10,0,5,0,0,0,0,0,4,0,4,0,0,12,0,12,0,12,0,3,0,7,0,40,26,0,0,0,3,1,1,0,0,2,2,,3,1,1,0,0
game-341,341,"red-hunter-evolution","iron-hyena-pack-pressure",False,34,1,3,1,3,7,6,5,24,4,2,2,0,0,0,3,2,1,1,0,1,4,10,4,6,1,0,2,2,0,30,0,12,0,0,"","red.ancestor.firsthunter",0,4,0,10,0,14,4,4,0,0,0,0,2,4,2,3,0,0,15,0,15,0,15,0,2,0,11,0,49,34,1,0,0,2,0,9,0,1,2,3,22,3,1,0,0,0
game-342,342,"iron-hyena-pack-pressure","red-hunter-evolution",False,11,1,0,3,3,5,6,7,,2,0,2,0,0,0,0,0,0,0,0,0,4,0,4,0,0,0,0,0,0,2,0,1,0,0,"","red.ancestor.firsthunter",0,0,0,2,0,2,0,0,0,0,0,0,0,0,0,0,0,0,6,0,6,0,6,0,1,0,4,0,18,10,0,0,0,1,2,0,0,0,0,0,,3,1,1,0,0
game-343,343,"iron-hyena-pack-pressure","red-hunter-evolution",False,21,1,0,3,3,7,8,13,,3,1,2,0,0,0,2,2,0,0,0,0,4,0,4,0,0,0,1,6,0,17,0,6,0,0,"","red.ancestor.firsthunter",0,1,0,4,0,6,0,1,0,0,0,0,0,4,0,4,0,0,9,0,9,0,9,0,1,0,7,0,31,20,0,0,0,2,3,2,0,0,1,1,,3,1,1,0,0
game-344,344,"red-hunter-evolution","iron-hyena-pack-pressure",False,32,1,3,2,7,9,8,9,30,2,1,1,0,0,0,4,2,2,1,0,1,2,8,2,8,1,0,0,5,0,13,0,6,0,0,"","red.ancestor.firsthunter",0,2,0,6,0,12,5,4,0,0,0,0,0,1,0,1,0,0,13,0,13,0,13,0,2,0,11,0,45,32,0,0,0,3,1,11,0,0,2,2,14,7,1,0,0,0
game-345,345,"iron-hyena-pack-pressure","red-hunter-evolution",False,17,1,0,3,5,9,6,9,,2,0,2,0,0,0,3,3,0,0,0,0,6,0,4,0,0,1,0,3,0,4,0,2,0,0,"","red.ancestor.grandmother",0,1,0,4,0,5,0,2,0,0,0,0,0,8,0,7,0,0,12,0,12,0,12,0,2,0,7,0,30,16,0,0,0,1,2,3,0,0,1,1,,5,1,1,0,0
game-346,346,"red-hunter-evolution","iron-hyena-pack-pressure",False,22,1,3,2,3,7,8,7,,2,1,1,0,0,0,2,2,0,0,0,0,2,0,2,0,0,0,2,5,0,8,0,5,0,0,"","red.ancestor.firsthunter",0,2,0,6,0,7,8,0,0,0,0,0,0,0,0,0,0,0,12,0,12,0,12,0,2,0,7,0,34,22,0,0,0,2,1,5,0,0,1,1,12,3,1,0,0,0
game-347,347,"iron-hyena-pack-pressure","red-hunter-evolution",False,17,1,0,3,3,11,6,8,,1,0,1,0,0,0,2,1,1,0,0,0,2,4,2,4,0,0,0,0,0,9,0,4,0,0,"","red.ancestor.firsthunter",0,2,0,6,0,5,0,1,0,0,0,0,0,3,0,3,0,0,12,0,12,0,12,0,3,0,6,0,30,16,0,0,0,1,4,4,0,0,1,1,,3,1,1,0,0
game-348,348,"iron-hyena-pack-pressure","red-hunter-evolution",False,17,1,0,3,3,7,8,14,,2,0,2,0,0,0,1,1,0,0,0,0,4,0,3,0,0,0,0,4,0,6,0,3,0,0,"","red.ancestor.childremembered",0,1,0,4,0,4,0,0,2,0,0,0,0,3,0,2,0,0,11,0,11,0,11,0,2,0,7,0,29,16,0,0,0,2,2,2,0,0,1,1,,3,1,1,0,0
game-349,349,"iron-hyena-pack-pressure","red-hunter-evolution",False,15,1,0,3,3,5,8,12,,1,0,1,0,0,0,1,1,0,0,0,0,4,0,2,0,1,0,0,3,0,2,0,1,0,0,"","red.ancestor.firsthunter",0,0,0,2,0,3,0,0,0,0,0,0,0,2,0,2,0,0,9,0,9,0,9,0,2,0,6,0,25,14,0,0,0,2,0,0,0,0,1,1,,3,1,1,0,0
game-350,350,"red-hunter-evolution","iron-hyena-pack-pressure",False,22,1,3,1,3,16,8,12,,1,1,0,0,0,0,2,2,0,0,0,0,0,0,0,0,0,0,1,5,0,11,0,6,0,0,"","red.ancestor.grandmother",0,2,0,6,0,7,7,1,0,0,0,0,1,9,1,7,0,0,11,0,10,0,10,0,1,0,6,0,32,22,0,0,0,2,0,4,0,0,1,1,14,3,1,0,0,0
game-351,351,"red-hunter-evolution","iron-hyena-pack-pressure",False,36,1,3,2,3,9,6,8,30,3,1,2,0,0,0,5,3,2,1,0,1,4,8,4,8,0,1,1,3,0,21,0,8,0,0,"","red.ancestor.firsthunter",0,3,0,8,0,15,5,4,0,0,0,0,1,3,1,3,0,0,22,0,22,0,22,0,2,0,15,0,58,36,0,0,0,2,2,18,0,1,3,3,26,3,1,0,0,0
game-352,352,"iron-hyena-pack-pressure","red-hunter-evolution",False,13,1,0,3,3,7,8,9,,1,0,1,0,0,0,0,0,0,0,0,0,2,0,2,0,0,0,0,0,0,6,0,3,0,0,"","red.ancestor.firsthunter",0,2,0,6,0,2,0,1,0,0,0,0,0,0,0,0,0,0,8,0,8,0,8,0,2,0,6,0,22,12,0,0,0,0,2,0,0,0,0,0,,3,1,1,0,0
game-353,353,"iron-hyena-pack-pressure","red-hunter-evolution",False,19,1,2,3,3,7,8,5,18,2,0,2,0,0,0,1,1,0,1,0,1,8,2,6,2,0,0,0,2,0,11,0,6,0,0,"","red.ancestor.firsthunter",0,0,0,2,0,5,3,0,0,0,0,0,1,1,1,1,0,0,11,0,10,0,10,0,6,0,7,0,30,18,0,0,0,2,2,3,0,1,1,1,12,3,1,1,0,0
game-354,354,"iron-hyena-pack-pressure","red-hunter-evolution",False,21,1,1,3,3,5,8,10,20,1,0,1,0,0,0,3,3,0,1,0,1,2,2,1,2,0,0,1,5,0,15,0,6,0,0,"","red.ancestor.firsthunter",0,0,0,2,0,6,2,0,0,0,0,0,0,9,0,7,0,0,11,0,11,0,11,0,2,0,7,0,33,20,0,0,0,2,0,3,0,0,1,1,16,3,1,1,0,0
game-355,355,"iron-hyena-pack-pressure","red-hunter-evolution",False,13,1,0,3,3,7,6,5,,2,0,2,0,0,0,0,0,0,0,0,0,8,0,8,0,0,0,0,3,0,4,0,2,0,0,"","red.ancestor.grandmother",0,1,0,4,0,3,0,1,0,0,0,0,0,0,0,0,0,0,8,0,8,0,8,0,3,0,4,0,22,12,0,0,0,0,0,0,0,0,0,0,,3,1,1,0,0
game-356,356,"iron-hyena-pack-pressure","red-hunter-evolution",False,29,1,0,3,3,11,8,13,22,2,1,1,0,0,0,3,2,1,1,0,1,4,6,4,6,1,0,1,7,0,17,0,7,0,0,"","red.ancestor.firsthunter",0,3,0,8,0,10,1,3,0,0,0,0,0,8,0,8,0,0,17,0,16,0,16,0,2,0,10,0,46,28,0,0,0,1,2,6,0,0,2,2,20,3,1,1,0,0
game-357,357,"iron-hyena-pack-pressure","red-hunter-evolution",False,15,1,0,3,3,5,6,13,,2,0,2,0,0,0,1,1,0,0,0,0,6,0,6,0,1,0,1,1,0,6,0,3,0,0,"","red.ancestor.firsthunter",0,2,0,6,0,4,0,2,0,0,0,0,0,0,0,0,0,0,5,0,5,0,5,0,2,0,4,0,21,14,0,0,0,0,2,0,0,0,1,1,,3,1,1,0,0
game-358,358,"iron-hyena-pack-pressure","red-hunter-evolution",False,15,1,0,3,3,7,6,12,,1,0,1,0,0,0,1,1,0,0,0,0,2,0,2,0,0,0,0,3,0,10,0,4,0,0,"","red.ancestor.firsthunter",0,0,0,2,0,4,1,0,0,0,0,0,3,1,1,1,0,0,7,0,7,0,7,0,5,0,3,0,23,14,0,0,0,3,0,1,0,1,1,1,14,3,1,1,0,0
game-359,359,"red-hunter-evolution","iron-hyena-pack-pressure",False,22,1,3,2,3,5,8,8,18,2,0,2,0,0,0,3,1,2,1,0,1,6,6,6,5,0,1,0,1,0,9,0,4,0,0,"","red.ancestor.firsthunter",0,0,0,2,0,7,6,0,0,0,0,0,1,6,1,6,0,0,12,0,11,0,11,0,2,0,8,0,33,22,0,0,0,0,1,6,0,1,1,1,10,3,1,0,0,0
game-360,360,"iron-hyena-pack-pressure","red-hunter-evolution",False,15,1,0,3,3,7,6,12,,0,0,0,0,0,0,1,1,0,0,0,0,0,0,0,0,0,0,0,2,0,6,0,3,0,0,"","red.ancestor.grandmother",0,1,0,4,0,4,0,2,0,0,0,0,0,2,0,2,0,0,12,0,12,0,12,0,1,0,5,0,28,14,0,0,0,2,0,3,0,0,1,1,,3,1,1,0,0
game-361,361,"iron-hyena-pack-pressure","red-hunter-evolution",False,17,1,0,3,3,5,10,7,,2,0,2,0,0,0,2,1,1,0,0,0,4,2,4,2,0,0,0,2,0,4,0,2,0,0,"","red.ancestor.grandmother",0,1,0,4,0,3,0,1,0,0,0,0,0,4,0,4,0,0,13,0,12,0,12,0,4,0,7,0,30,16,0,0,0,1,2,3,0,0,1,1,,3,1,1,0,0
game-362,362,"red-hunter-evolution","iron-hyena-pack-pressure",False,24,1,3,2,3,9,6,10,18,1,0,1,0,0,0,3,2,1,1,0,1,8,4,4,4,0,0,0,7,0,14,0,7,0,0,"","red.ancestor.firsthunter",0,2,0,6,0,9,5,1,0,0,0,0,3,7,3,6,0,0,10,0,10,0,10,0,2,0,7,0,34,24,1,0,0,1,0,4,0,3,1,1,12,3,1,0,0,0
game-363,363,"iron-hyena-pack-pressure","red-hunter-evolution",False,21,1,2,3,3,13,6,5,20,1,0,1,0,0,0,1,1,0,1,0,1,2,2,1,2,0,1,0,2,0,11,0,6,0,0,"","red.ancestor.firsthunter",0,0,0,2,0,7,4,0,0,0,0,0,2,6,2,4,0,0,14,0,14,0,14,0,4,0,9,0,36,20,0,0,0,1,0,4,0,2,1,1,12,3,1,1,0,0
game-364,364,"red-hunter-evolution","iron-hyena-pack-pressure",False,36,1,3,2,3,7,8,7,22,3,1,2,0,0,0,5,2,3,1,0,1,6,12,6,10,0,1,1,4,0,25,0,10,0,0,"","red.ancestor.firsthunter",0,3,0,8,0,14,6,2,0,0,0,0,1,9,1,8,0,0,19,0,19,0,19,0,2,0,13,0,55,36,0,0,0,2,0,12,0,0,2,3,20,3,1,0,0,0
game-365,365,"iron-hyena-pack-pressure","red-hunter-evolution",False,19,1,1,3,3,5,8,10,16,1,0,1,0,0,0,2,2,0,1,0,1,4,2,4,2,0,0,0,2,0,7,0,5,0,0,"","red.ancestor.grandmother",0,2,0,6,0,5,2,2,0,0,0,0,0,7,0,6,0,0,12,0,12,0,12,0,1,0,8,0,32,18,0,0,0,0,1,2,0,0,1,1,12,3,1,1,0,0
game-366,366,"iron-hyena-pack-pressure","red-hunter-evolution",False,22,1,0,3,3,11,8,15,,2,1,1,0,0,0,1,0,1,0,0,0,2,2,2,2,3,0,3,0,0,12,0,4,0,0,"","red.ancestor.grandmother",0,3,0,8,0,7,0,5,0,0,0,0,0,5,0,4,0,0,10,0,10,0,10,0,1,0,7,0,32,22,0,0,0,1,2,4,0,0,1,1,4,3,1,1,0,0
game-367,367,"iron-hyena-pack-pressure","red-hunter-evolution",False,17,1,0,3,3,7,8,14,,0,0,0,0,0,0,1,1,0,0,0,0,0,0,0,0,0,0,0,7,0,2,0,1,0,0,"","red.ancestor.firsthunter",0,0,0,2,0,4,1,0,0,0,0,0,0,2,0,2,0,0,8,0,8,0,8,0,1,0,5,0,26,16,0,0,0,2,1,3,0,0,1,1,16,3,1,1,0,0
game-368,368,"red-hunter-evolution","iron-hyena-pack-pressure",False,26,1,3,2,3,13,8,10,24,1,0,1,0,0,0,2,1,1,1,0,1,4,6,4,6,1,0,1,1,0,18,0,9,0,0,"","red.ancestor.firsthunter",0,1,0,4,0,9,6,2,0,0,0,0,3,5,2,5,0,0,8,0,8,0,8,0,3,0,6,0,34,26,0,0,0,3,1,4,0,1,1,2,12,3,1,0,0,0
game-369,369,"iron-hyena-pack-pressure","red-hunter-evolution",False,21,1,0,3,3,9,6,13,,2,1,1,0,0,0,2,2,0,0,0,0,2,0,2,0,1,0,0,7,0,15,0,5,0,0,"","red.ancestor.firsthunter",0,2,0,6,0,7,0,1,0,0,0,0,0,8,0,7,0,0,11,0,11,0,11,0,3,0,7,0,33,20,0,0,0,1,0,3,0,0,1,1,,3,1,1,0,0
game-370,370,"iron-hyena-pack-pressure","red-hunter-evolution",False,19,1,0,3,3,11,8,7,,2,0,2,0,0,0,1,0,1,0,0,0,6,2,6,2,0,0,0,1,0,7,0,3,0,0,"","red.ancestor.grandmother",0,1,0,4,0,5,0,3,0,0,0,0,0,0,0,0,0,0,6,0,6,0,6,0,5,0,4,0,26,18,1,0,0,3,1,0,0,0,1,1,,3,1,1,0,0
game-371,371,"red-hunter-evolution","iron-hyena-pack-pressure",False,36,1,3,1,3,25,6,9,30,4,2,2,0,0,0,5,1,4,1,0,1,4,10,4,10,1,2,1,3,0,33,0,13,0,0,"","red.ancestor.grandmother",0,5,0,12,0,15,3,5,0,0,0,0,2,12,1,10,0,0,14,0,14,0,14,0,3,0,12,0,50,36,0,0,0,2,1,10,0,0,2,3,28,3,1,0,0,0
game-372,372,"red-hunter-evolution","iron-hyena-pack-pressure",False,30,1,3,1,5,13,8,9,18,2,0,2,0,0,0,4,3,1,1,0,1,4,6,4,6,0,0,2,5,0,21,0,8,0,0,"","red.ancestor.firsthunter",0,1,0,4,0,11,4,3,0,0,0,0,1,12,1,10,0,0,12,0,12,0,12,0,3,0,8,0,42,30,0,0,0,1,0,5,0,0,2,2,16,5,1,0,0,0
game-373,373,"red-hunter-evolution","iron-hyena-pack-pressure",False,32,1,3,0,3,26,6,12,28,2,1,1,0,0,0,4,2,2,1,0,1,2,8,2,8,0,0,1,3,0,32,0,12,0,0,"","red.ancestor.firsthunter",0,4,0,10,0,13,4,2,2,0,0,0,1,3,1,2,0,0,13,0,13,0,13,0,2,0,8,0,45,32,0,0,0,3,1,12,0,0,2,3,24,3,1,0,0,0
game-374,374,"red-hunter-evolution","iron-hyena-pack-pressure",False,20,1,3,1,3,9,8,10,16,1,0,1,0,0,0,2,2,0,1,0,1,2,2,2,2,0,0,0,3,0,2,0,1,0,0,"","red.ancestor.firsthunter",0,0,0,2,0,6,5,0,0,0,0,0,1,7,1,5,0,0,8,0,8,0,8,0,1,0,5,0,28,20,0,0,0,3,0,4,0,0,1,1,12,3,1,0,0,0
game-375,375,"red-hunter-evolution","iron-hyena-pack-pressure",False,24,1,3,1,3,7,6,5,18,2,0,2,0,0,0,2,1,1,1,0,1,4,4,4,4,0,1,0,2,0,10,0,6,0,0,"","red.ancestor.firsthunter",0,2,0,6,0,9,6,1,0,0,0,0,1,1,1,1,0,0,8,0,8,0,8,0,2,0,6,0,32,24,0,0,0,2,0,7,0,1,1,2,12,3,1,0,0,0
game-376,376,"iron-hyena-pack-pressure","red-hunter-evolution",False,16,1,0,3,3,5,8,14,,1,1,0,0,0,0,2,1,1,0,0,0,0,2,0,1,2,0,1,3,0,10,0,5,0,0,"","red.ancestor.firsthunter",0,2,0,6,0,4,0,1,0,0,0,0,0,3,0,3,0,0,8,0,8,0,8,0,1,0,6,0,24,16,0,0,0,1,0,2,0,0,1,1,,3,1,1,0,0
game-377,377,"iron-hyena-pack-pressure","red-hunter-evolution",False,17,1,0,3,3,7,6,9,,2,1,1,0,0,0,2,2,0,0,0,0,2,0,2,0,0,0,1,5,0,4,0,2,0,0,"","red.ancestor.firsthunter",0,1,0,4,0,5,0,1,0,0,0,0,0,3,0,3,0,0,8,0,8,0,8,0,1,0,5,0,26,16,0,0,0,1,0,1,0,0,1,1,16,3,1,1,0,0
game-378,378,"iron-hyena-pack-pressure","red-hunter-evolution",False,17,1,0,3,3,11,6,5,,2,0,2,0,0,0,1,0,1,0,0,0,4,4,4,4,1,1,1,5,0,14,0,5,0,0,"","red.ancestor.firsthunter",0,0,0,2,0,5,0,0,0,0,0,0,0,3,0,3,0,0,7,0,7,0,7,0,1,0,6,0,25,16,0,0,0,1,0,1,0,0,1,1,,3,1,1,0,0
game-379,379,"iron-hyena-pack-pressure","red-hunter-evolution",False,15,1,0,3,3,9,6,10,,1,0,1,0,0,0,2,2,0,0,0,0,4,0,2,0,0,0,0,6,0,9,0,4,0,0,"","red.ancestor.firsthunter",0,2,0,6,0,4,0,1,0,0,0,0,0,5,0,5,0,0,8,0,7,0,7,0,0,0,4,0,23,14,0,0,0,0,0,2,0,0,1,1,,3,1,1,0,0
game-380,380,"iron-hyena-pack-pressure","red-hunter-evolution",False,23,1,1,3,3,9,6,11,22,3,2,1,0,0,0,2,2,0,1,0,1,4,2,4,2,0,0,3,5,0,15,0,7,0,0,"","red.ancestor.grandmother",0,1,0,4,0,8,4,3,0,0,0,0,1,6,1,6,0,0,14,0,14,0,14,0,4,0,8,0,38,22,0,0,0,0,2,5,0,0,1,1,16,3,1,1,0,0
game-381,381,"iron-hyena-pack-pressure","red-hunter-evolution",False,15,1,0,3,3,7,8,5,,1,0,1,0,0,0,2,2,0,0,0,0,4,0,4,0,0,0,0,4,0,9,0,4,0,0,"","red.ancestor.firsthunter",0,1,0,4,0,3,0,1,0,0,0,0,0,2,0,2,0,0,9,0,9,0,9,0,1,0,7,0,25,14,0,0,0,0,2,0,0,0,1,1,,3,1,1,0,0
game-382,382,"iron-hyena-pack-pressure","red-hunter-evolution",False,13,1,0,3,3,7,6,5,,2,0,2,0,0,0,0,0,0,0,0,0,4,0,3,0,0,0,0,0,0,5,0,3,0,0,"","red.ancestor.grandmother",0,2,0,6,0,3,0,3,1,0,0,0,0,0,0,0,0,0,9,0,9,0,9,0,3,0,6,0,23,12,0,0,0,0,2,0,0,0,0,0,,3,1,1,0,0
game-383,383,"red-hunter-evolution","iron-hyena-pack-pressure",False,32,1,3,1,3,7,8,5,,2,1,1,0,0,0,4,2,2,0,0,0,2,4,2,4,1,0,1,2,0,26,0,11,0,0,"","red.ancestor.firsthunter",0,2,0,6,0,12,8,2,0,0,0,0,0,3,0,3,0,0,12,0,12,0,12,0,2,0,10,0,44,32,0,0,0,1,1,13,0,0,2,2,20,3,1,0,0,0
game-384,384,"iron-hyena-pack-pressure","red-hunter-evolution",False,25,1,0,3,3,9,6,14,,2,1,1,0,0,0,3,2,1,0,0,0,2,4,1,4,1,0,2,4,0,30,0,10,0,0,"","red.ancestor.firsthunter",0,5,0,12,0,9,0,3,0,0,0,0,0,6,0,6,0,0,11,0,11,0,11,0,3,0,9,0,37,24,1,0,0,2,1,4,0,0,1,2,,3,1,1,0,0
game-385,385,"iron-hyena-pack-pressure","red-hunter-evolution",False,19,1,0,3,3,13,8,7,,2,0,2,0,0,0,1,1,0,0,0,0,4,0,3,0,0,0,1,2,0,12,0,5,0,0,"","red.ancestor.grandmother",0,1,0,4,0,5,0,2,0,0,0,0,0,3,0,3,0,0,12,0,12,0,12,0,4,0,8,0,32,18,0,0,0,1,0,1,0,0,1,1,,3,1,1,0,0
game-386,386,"red-hunter-evolution","iron-hyena-pack-pressure",False,24,1,3,2,3,9,6,9,16,2,0,2,0,0,0,2,2,0,1,0,1,4,2,4,2,2,0,2,5,0,11,0,5,0,0,"","red.ancestor.firsthunter",0,2,0,6,0,9,6,1,0,0,0,0,3,3,2,3,0,0,9,0,9,0,9,0,3,0,7,0,33,24,0,0,0,1,0,3,0,1,1,1,14,3,1,0,0,0
game-387,387,"iron-hyena-pack-pressure","red-hunter-evolution",False,23,1,1,3,3,7,6,5,,3,1,2,0,0,0,2,1,1,0,0,0,4,2,4,2,0,0,2,4,0,9,0,5,0,0,"","red.ancestor.firsthunter",0,2,0,6,0,8,2,4,0,0,0,0,2,6,2,5,0,0,11,0,11,0,11,0,3,0,8,0,35,22,0,0,0,0,2,3,0,0,1,1,8,3,1,1,0,0
game-388,388,"iron-hyena-pack-pressure","red-hunter-evolution",False,17,1,0,3,3,5,8,9,,1,0,1,0,0,0,2,2,0,0,0,0,4,0,3,0,0,0,2,7,0,12,0,5,0,0,"","red.ancestor.firsthunter",0,2,0,6,0,4,0,1,0,0,0,0,0,1,0,1,0,0,6,0,6,0,6,0,2,0,6,0,24,16,0,0,0,3,0,0,0,0,1,1,16,3,1,1,0,0
game-389,389,"iron-hyena-pack-pressure","red-hunter-evolution",False,21,1,0,3,3,7,6,5,16,2,0,2,0,0,0,1,1,0,1,0,1,6,2,6,2,0,0,0,4,0,14,0,6,0,0,"","red.ancestor.firsthunter",0,2,0,6,0,7,2,1,0,0,0,0,2,4,1,3,0,0,11,0,11,0,11,0,4,0,6,0,33,20,0,0,0,3,0,1,0,0,1,1,14,3,1,1,0,0
game-390,390,"red-hunter-evolution","iron-hyena-pack-pressure",False,28,1,3,1,3,7,8,14,18,1,1,0,0,0,0,2,2,0,1,0,1,0,2,0,2,0,1,3,3,0,24,0,9,0,0,"","red.ancestor.firsthunter",0,1,0,4,0,10,6,0,1,0,0,0,0,0,0,0,0,0,11,0,11,0,11,0,0,0,7,0,39,28,0,0,0,0,0,10,0,0,2,2,16,3,1,0,0,0
game-391,391,"iron-hyena-pack-pressure","red-hunter-evolution",False,19,1,0,3,3,7,8,9,18,2,0,2,0,0,0,1,1,0,1,0,1,10,2,6,2,0,0,0,6,0,12,0,4,0,0,"","red.ancestor.firsthunter",0,0,0,2,0,5,1,0,0,0,0,0,0,2,0,2,0,0,8,0,8,0,8,0,3,0,6,0,28,18,0,0,0,2,0,4,0,0,1,1,16,3,1,1,0,0
game-392,392,"iron-hyena-pack-pressure","red-hunter-evolution",False,31,1,1,3,3,14,6,10,20,2,1,1,0,0,0,3,3,0,1,0,1,2,2,2,2,1,0,0,1,0,20,0,9,0,0,"","red.ancestor.firsthunter",0,4,0,10,0,12,4,4,1,0,0,0,2,7,2,7,0,0,23,0,21,0,21,0,4,0,11,0,53,30,0,0,0,2,3,4,0,0,2,2,12,3,1,1,0,0
game-393,393,"red-hunter-evolution","iron-hyena-pack-pressure",False,22,1,3,2,3,9,6,11,,2,0,2,0,0,0,2,2,0,0,0,0,4,0,3,0,1,0,0,4,0,13,0,7,0,0,"","red.ancestor.firsthunter",0,2,0,6,0,8,5,1,0,0,0,0,2,3,1,3,0,0,7,0,7,0,7,0,2,0,6,0,29,22,0,0,0,3,1,1,0,1,1,1,14,3,1,0,0,0
game-394,394,"iron-hyena-pack-pressure","red-hunter-evolution",False,19,1,0,3,3,9,10,10,,1,0,1,0,0,0,2,2,0,0,0,0,4,0,4,0,0,0,0,5,0,7,0,3,0,0,"","red.ancestor.firsthunter",0,0,0,2,0,4,0,0,0,0,0,0,0,4,0,4,0,0,10,0,10,0,10,0,1,0,7,0,30,18,0,0,0,2,1,1,0,0,1,1,6,3,1,1,0,0
game-395,395,"iron-hyena-pack-pressure","red-hunter-evolution",False,15,1,0,3,3,7,6,11,,2,0,2,0,0,0,0,0,0,0,0,0,8,0,7,0,0,0,0,5,0,8,0,4,0,0,"","red.ancestor.grandmother",0,1,0,4,0,4,0,2,0,0,0,0,0,0,0,0,0,0,9,0,9,0,9,0,2,0,6,0,25,14,0,0,0,1,0,0,0,0,1,1,,3,1,1,0,0
game-396,396,"iron-hyena-pack-pressure","red-hunter-evolution",False,11,1,0,3,3,7,10,5,,1,0,1,0,0,0,0,0,0,0,0,0,2,0,2,0,0,0,0,0,0,2,0,1,0,0,"","red.ancestor.firsthunter",0,0,0,2,0,0,0,0,0,0,0,0,0,0,0,0,0,0,7,0,7,0,7,0,2,0,5,0,19,10,0,0,0,0,2,0,0,0,0,0,,3,1,1,0,0
game-397,397,"iron-hyena-pack-pressure","red-hunter-evolution",False,17,1,1,3,3,9,6,9,14,2,0,2,0,0,0,2,2,0,1,0,1,6,2,5,2,0,0,0,2,0,4,0,2,0,0,"","red.ancestor.grandmother",0,1,0,4,0,5,2,2,0,0,0,0,3,3,1,3,0,0,11,0,11,0,11,0,4,0,6,0,29,16,0,0,0,1,1,2,0,1,1,1,12,3,1,1,0,0
game-398,398,"iron-hyena-pack-pressure","red-hunter-evolution",False,13,1,0,3,3,7,10,7,,2,0,2,0,0,0,0,0,0,0,0,0,4,0,4,0,0,0,0,0,0,2,0,1,0,0,"","red.ancestor.firsthunter",0,0,0,2,0,1,0,0,0,0,0,0,0,0,0,0,0,0,9,0,9,0,9,0,5,0,5,0,23,12,0,0,0,1,3,0,0,0,0,0,,3,1,1,0,0
game-399,399,"iron-hyena-pack-pressure","red-hunter-evolution",False,21,1,1,3,3,7,6,12,,1,0,1,0,0,0,2,2,0,0,0,0,6,0,4,0,0,1,1,4,0,20,0,8,0,0,"","red.ancestor.firsthunter",0,0,0,2,0,7,4,0,0,0,0,0,0,1,0,1,0,0,9,0,8,0,8,0,3,0,4,0,30,20,0,0,0,1,1,2,0,0,1,1,14,3,1,1,0,0
game-400,400,"iron-hyena-pack-pressure","red-hunter-evolution",False,13,1,0,3,3,5,6,,,0,0,0,0,0,0,0,0,0,0,0,0,0,0,0,0,0,0,0,3,0,4,0,2,0,0,"","red.ancestor.firsthunter",0,1,0,4,0,3,0,2,0,0,0,0,0,1,0,1,0,0,6,0,6,0,6,0,2,0,4,0,20,12,0,0,0,0,0,0,0,0,0,0,,3,1,1,0,0
game-401,401,"iron-hyena-pack-pressure","red-hunter-evolution",False,37,1,2,3,3,9,10,18,22,4,2,2,0,0,0,4,2,2,1,0,1,4,6,4,6,1,0,1,3,0,19,0,7,0,0,"","red.ancestor.firsthunter",0,1,0,4,0,13,2,0,1,0,0,0,2,4,2,4,0,0,20,0,20,0,20,0,4,0,15,0,58,36,0,0,0,4,0,15,0,0,2,4,20,3,1,1,0,0
game-402,402,"iron-hyena-pack-pressure","red-hunter-evolution",False,15,1,0,3,3,9,10,9,,2,0,2,0,0,0,1,1,0,0,0,0,4,0,4,0,0,0,1,4,0,8,0,3,0,0,"","red.ancestor.firsthunter",0,0,0,2,0,2,0,0,0,0,0,0,0,2,0,2,0,0,12,0,12,0,12,0,5,0,5,0,28,14,0,0,0,2,1,0,0,0,1,1,,3,1,1,0,0
game-403,403,"iron-hyena-pack-pressure","red-hunter-evolution",False,19,1,0,3,5,8,8,11,,2,1,1,0,0,0,2,2,0,0,0,0,2,0,2,0,1,0,0,1,0,6,0,3,0,0,"","red.ancestor.grandmother",0,2,0,6,0,5,0,1,2,0,0,0,0,3,0,3,0,0,10,0,10,0,10,0,3,0,6,0,30,18,0,0,0,2,1,1,0,0,1,1,,5,1,1,0,0
game-404,404,"red-hunter-evolution","iron-hyena-pack-pressure",False,32,1,3,2,3,5,6,7,26,3,2,1,0,0,0,3,1,2,1,0,1,4,10,4,10,0,0,3,3,0,27,0,9,0,0,"","red.ancestor.firsthunter",0,2,0,6,0,13,1,3,2,0,0,0,0,0,0,0,0,0,15,0,15,0,15,0,0,0,10,0,47,32,0,0,0,2,3,13,0,0,2,3,22,3,1,0,0,0
game-405,405,"red-hunter-evolution","iron-hyena-pack-pressure",False,20,1,3,2,3,7,10,10,14,2,1,1,0,0,0,3,3,0,1,0,1,6,2,4,2,3,0,0,3,0,6,0,4,0,0,"","red.ancestor.grandmother",0,1,0,4,0,5,2,3,0,0,0,0,4,4,1,4,0,0,10,0,9,0,9,0,3,0,6,0,29,20,0,0,0,0,0,3,0,1,1,1,12,3,1,0,0,0
game-406,406,"iron-hyena-pack-pressure","red-hunter-evolution",False,15,1,1,3,3,5,8,7,,2,0,2,0,0,0,1,1,0,0,0,0,8,0,5,0,0,0,0,1,0,7,0,3,0,0,"","red.ancestor.firsthunter",0,1,0,4,0,3,1,2,0,0,0,0,0,1,0,1,0,0,7,0,7,0,7,0,1,0,5,0,23,14,0,0,0,0,0,1,0,0,1,1,12,3,1,1,0,0
game-407,407,"red-hunter-evolution","iron-hyena-pack-pressure",False,32,1,3,1,3,5,8,14,18,2,1,1,0,0,0,4,2,2,1,0,1,2,8,2,6,1,1,3,4,0,23,0,8,0,0,"","red.ancestor.grandmother",0,3,0,8,0,12,7,3,0,0,0,0,1,11,1,6,0,0,14,0,13,0,13,0,1,0,8,0,45,32,0,0,0,1,1,9,0,0,2,3,16,3,1,0,0,0
game-408,408,"iron-hyena-pack-pressure","red-hunter-evolution",False,15,1,0,3,3,7,8,7,,2,0,2,0,0,0,1,1,0,0,0,0,12,0,8,0,0,0,0,3,0,11,0,4,0,0,"","red.ancestor.firsthunter",0,0,0,2,0,3,0,0,0,0,0,0,0,1,0,1,0,0,10,0,10,0,10,0,4,0,6,0,26,14,0,0,0,1,0,0,0,0,1,1,,3,1,1,0,0
game-409,409,"red-hunter-evolution","iron-hyena-pack-pressure",False,32,1,3,1,3,19,8,5,30,4,0,4,0,0,0,4,2,2,1,0,1,10,8,10,7,0,2,1,0,0,18,0,10,0,0,"","red.ancestor.grandmother",0,1,0,4,0,12,10,2,0,0,0,0,3,11,3,7,0,0,13,0,13,0,13,0,4,0,11,0,45,32,0,0,0,4,1,5,0,1,2,3,14,3,1,0,0,0
game-410,410,"iron-hyena-pack-pressure","red-hunter-evolution",False,21,1,0,3,3,9,8,10,,2,0,2,0,0,0,3,3,0,0,0,0,10,0,8,0,1,0,0,4,0,14,0,6,0,0,"","red.ancestor.firsthunter",0,3,0,8,0,6,0,2,0,0,0,0,0,3,0,3,0,0,14,0,14,0,14,0,1,0,8,0,36,20,0,0,0,1,2,1,0,0,1,1,6,3,1,1,0,0
game-411,411,"iron-hyena-pack-pressure","red-hunter-evolution",False,27,1,1,3,3,7,6,9,24,3,0,3,0,0,0,2,1,1,1,0,1,6,6,6,6,0,0,0,6,0,24,0,10,0,0,"","red.ancestor.grandmother",0,1,0,4,0,10,3,1,0,0,0,0,2,4,2,4,0,0,11,0,11,0,11,0,3,0,8,0,39,26,1,0,0,1,2,7,0,1,2,2,22,3,1,1,0,0
game-412,412,"iron-hyena-pack-pressure","red-hunter-evolution",False,19,1,0,3,3,5,8,12,,2,1,1,0,0,0,2,2,0,0,0,0,2,0,1,0,1,0,2,1,0,10,0,5,0,0,"","red.ancestor.firsthunter",0,4,0,10,0,5,0,2,0,0,0,0,0,6,0,6,0,0,11,0,11,0,11,0,1,0,7,0,31,18,0,0,0,0,2,2,0,0,1,1,,3,1,1,0,0
game-413,413,"red-hunter-evolution","iron-hyena-pack-pressure",False,26,1,3,1,3,7,6,12,16,2,2,0,0,0,0,2,1,1,1,0,1,0,4,0,4,1,0,3,3,0,16,0,7,0,0,"","red.ancestor.firsthunter",0,1,0,4,0,10,4,0,2,0,0,0,0,0,0,0,0,0,12,0,12,0,12,0,1,0,9,0,38,26,0,0,0,2,0,12,0,0,2,2,14,3,1,0,0,0
game-414,414,"red-hunter-evolution","iron-hyena-pack-pressure",False,18,1,3,2,3,5,8,8,16,0,0,0,0,0,0,2,1,1,1,0,1,0,6,0,6,0,0,1,1,0,2,0,1,0,0,"","red.ancestor.firsthunter",0,0,0,2,0,5,8,0,0,0,0,0,3,6,1,5,0,0,8,0,8,0,8,0,2,0,4,0,26,18,0,0,0,1,0,5,0,0,1,1,10,3,1,0,0,0
game-415,415,"red-hunter-evolution","iron-hyena-pack-pressure",False,24,1,3,2,3,7,8,7,20,2,0,2,0,0,0,2,2,0,1,0,1,4,2,4,2,0,0,1,4,0,9,0,5,0,0,"","red.ancestor.firsthunter",0,3,0,8,0,8,3,2,0,0,0,0,0,6,0,5,0,0,8,0,8,0,8,0,2,0,6,0,32,24,0,0,0,1,1,3,0,0,1,2,12,3,1,0,0,0
game-416,416,"red-hunter-evolution","iron-hyena-pack-pressure",False,28,1,3,2,3,9,6,5,22,3,2,1,0,0,0,2,2,0,1,0,1,2,2,2,2,0,0,2,2,0,15,0,6,0,0,"","red.ancestor.grandmother",0,1,0,4,0,11,7,3,0,0,0,0,0,2,0,2,0,0,14,0,14,0,14,0,2,0,9,0,42,28,0,0,0,2,2,10,0,0,2,2,14,3,1,0,0,0
game-417,417,"red-hunter-evolution","iron-hyena-pack-pressure",False,18,1,3,1,3,12,8,10,16,1,0,1,0,0,0,2,2,0,1,0,1,2,2,2,2,0,0,2,3,0,6,0,3,0,0,"","red.ancestor.firsthunter",0,0,0,2,0,5,3,0,0,0,0,0,0,10,0,5,0,0,8,0,7,0,7,0,3,0,3,0,25,18,0,0,0,0,0,3,0,0,1,1,4,3,1,0,0,0
game-418,418,"red-hunter-evolution","iron-hyena-pack-pressure",False,28,1,3,2,3,7,6,12,,3,3,0,0,0,0,4,2,2,0,0,0,0,4,0,3,1,1,1,5,0,18,0,9,0,0,"","red.ancestor.grandmother",0,4,0,10,0,11,5,2,2,0,0,0,0,7,0,5,0,0,15,0,15,0,15,0,1,0,9,0,43,28,0,0,0,1,0,7,0,0,2,2,14,3,1,0,0,0
game-419,419,"iron-hyena-pack-pressure","red-hunter-evolution",False,15,1,0,3,3,5,6,12,,0,0,0,0,0,0,1,1,0,0,0,0,0,0,0,0,0,0,0,2,0,12,0,4,0,0,"","red.ancestor.firsthunter",0,0,0,2,0,4,1,0,0,0,0,0,0,4,0,2,0,0,5,0,5,0,5,0,0,0,5,0,21,14,0,0,0,1,0,1,0,0,1,1,14,3,1,1,0,0
game-420,420,"red-hunter-evolution","iron-hyena-pack-pressure",False,32,1,3,1,3,7,6,13,18,3,3,0,0,0,0,3,3,0,1,0,1,0,2,0,2,0,1,5,10,0,20,0,9,0,0,"","red.ancestor.firsthunter",0,4,0,10,0,13,7,3,0,0,0,0,1,0,1,0,0,0,9,0,9,0,9,0,0,0,7,0,41,32,1,0,0,1,0,14,0,0,2,3,16,3,1,0,0,0
game-421,421,"iron-hyena-pack-pressure","red-hunter-evolution",False,15,1,0,3,3,11,6,12,,1,0,1,0,0,0,1,1,0,0,0,0,4,0,2,0,0,0,0,4,0,4,0,2,0,0,"","red.ancestor.grandmother",0,1,0,4,0,4,0,3,0,0,0,0,0,1,0,1,0,0,12,0,11,0,11,0,1,0,6,0,27,14,0,0,0,1,0,1,0,0,1,1,,3,1,1,0,0
game-422,422,"iron-hyena-pack-pressure","red-hunter-evolution",False,21,1,0,3,3,9,6,10,,2,0,2,0,0,0,2,2,0,0,0,0,4,0,4,0,0,0,0,2,0,17,0,7,0,0,"","red.ancestor.firsthunter",0,3,0,8,0,7,0,3,0,0,0,0,0,4,0,4,0,0,11,0,11,0,11,0,3,0,8,0,33,20,0,0,0,2,1,2,0,0,1,1,,3,1,1,0,0
game-423,423,"iron-hyena-pack-pressure","red-hunter-evolution",False,13,1,0,3,3,7,6,12,,0,0,0,0,0,0,1,1,0,0,0,0,0,0,0,0,0,0,0,2,0,8,0,3,0,0,"","red.ancestor.firsthunter",0,1,0,4,0,3,0,0,1,0,0,0,0,3,0,3,0,0,6,0,6,0,6,0,0,0,3,0,20,12,0,0,0,0,0,1,0,0,0,0,,3,1,1,0,0
game-424,424,"iron-hyena-pack-pressure","red-hunter-evolution",False,19,1,0,3,3,9,6,9,,2,0,2,0,0,0,2,2,0,0,0,0,4,0,3,0,0,0,1,4,0,21,0,7,0,0,"","red.ancestor.firsthunter",0,1,0,4,0,6,0,2,0,0,0,0,0,2,0,2,0,0,11,0,10,0,10,0,2,0,6,0,30,18,0,0,0,3,0,0,0,0,1,1,,3,1,1,0,0
game-425,425,"iron-hyena-pack-pressure","red-hunter-evolution",False,11,1,0,3,3,7,10,5,,2,0,2,0,0,0,0,0,0,0,0,0,6,0,4,0,0,0,0,3,0,2,0,1,0,0,"","red.ancestor.firsthunter",0,0,0,2,0,0,0,0,0,0,0,0,0,0,0,0,0,0,9,0,8,0,8,0,1,0,5,0,20,10,0,0,0,1,1,0,0,0,0,0,,3,1,1,0,0
game-426,426,"iron-hyena-pack-pressure","red-hunter-evolution",False,23,1,0,3,3,13,6,12,18,1,0,1,0,0,0,2,1,1,1,0,1,2,4,2,4,1,2,2,4,0,14,0,6,0,0,"","red.ancestor.firsthunter",0,1,0,4,0,8,2,2,0,0,0,0,2,3,1,3,0,0,13,0,13,0,13,0,3,0,8,0,37,22,0,0,0,2,1,5,0,0,1,1,16,3,1,1,0,0
game-427,427,"iron-hyena-pack-pressure","red-hunter-evolution",False,33,1,0,3,3,20,6,15,,2,2,0,0,0,0,4,1,3,0,0,0,0,10,0,10,1,1,2,2,0,36,0,13,0,0,"","red.ancestor.grandmother",0,5,0,12,0,13,0,5,0,0,0,0,0,8,0,8,0,0,16,0,16,0,16,0,1,0,11,0,50,32,0,0,0,3,3,11,0,0,2,3,,3,1,1,0,0
game-428,428,"iron-hyena-pack-pressure","red-hunter-evolution",False,15,1,0,3,3,5,8,11,,2,1,1,0,0,0,0,0,0,0,0,0,8,0,4,0,1,0,1,0,0,4,0,2,0,0,"","red.ancestor.grandmother",0,1,0,4,0,3,0,2,0,0,0,0,0,0,0,0,0,0,8,0,8,0,8,0,2,0,6,0,24,14,0,0,0,1,0,0,0,0,1,1,,3,1,1,0,0
game-429,429,"iron-hyena-pack-pressure","red-hunter-evolution",False,33,1,0,3,3,13,10,10,,3,1,2,0,0,0,5,3,2,0,0,0,6,4,4,4,1,2,1,7,0,41,0,11,0,0,"","red.ancestor.firsthunter",0,3,0,8,0,11,0,3,0,0,0,0,0,12,0,11,0,0,18,0,18,0,18,0,3,0,11,0,52,32,0,0,0,0,3,6,0,0,2,2,6,3,1,1,0,0
game-430,430,"iron-hyena-pack-pressure","red-hunter-evolution",False,23,1,0,3,3,5,8,14,,1,0,1,0,0,0,2,2,0,0,0,0,4,0,4,0,1,1,0,4,0,22,0,8,0,0,"","red.ancestor.firsthunter",0,2,0,6,0,7,0,0,0,0,0,0,0,5,0,5,0,0,9,0,9,0,9,0,1,0,8,0,33,22,0,0,0,1,1,3,0,0,1,1,,3,1,1,0,0
game-431,431,"iron-hyena-pack-pressure","red-hunter-evolution",False,15,1,0,3,3,7,8,13,,1,0,1,0,0,0,1,1,0,0,0,0,4,0,4,0,0,0,0,2,0,10,0,4,0,0,"","red.ancestor.firsthunter",0,0,0,2,0,3,0,0,0,0,0,0,0,2,0,2,0,0,7,0,7,0,7,0,2,0,4,0,23,14,0,0,0,0,0,1,0,0,1,1,,3,1,1,0,0
game-432,432,"iron-hyena-pack-pressure","red-hunter-evolution",False,25,1,0,3,3,19,8,12,,2,0,2,0,0,0,3,1,2,0,0,0,4,4,3,4,0,1,1,6,0,29,0,9,0,0,"","red.ancestor.firsthunter",0,3,0,8,0,8,0,2,0,0,0,0,0,5,0,5,0,0,12,0,12,0,12,0,2,0,7,0,38,24,0,0,0,1,1,0,0,0,1,2,,3,1,1,0,0
game-433,433,"iron-hyena-pack-pressure","red-hunter-evolution",False,15,1,0,3,3,7,6,9,,2,0,2,0,0,0,1,1,0,0,0,0,6,0,6,0,0,0,0,1,0,7,0,3,0,0,"","red.ancestor.firsthunter",0,1,0,4,0,4,1,2,0,0,0,0,1,0,1,0,0,0,6,0,6,0,6,0,2,0,4,0,22,14,0,0,0,0,0,0,0,0,1,1,,3,1,1,0,0
game-434,434,"iron-hyena-pack-pressure","red-hunter-evolution",False,19,1,0,3,3,9,6,13,,2,0,2,0,0,0,2,2,0,0,0,0,6,0,6,0,1,0,1,8,0,16,0,6,0,0,"","red.ancestor.firsthunter",0,2,0,6,0,6,0,1,0,0,0,0,0,3,0,3,0,0,11,0,11,0,11,0,4,0,7,0,31,18,0,0,0,1,0,1,0,0,1,1,,3,1,1,0,0
game-435,435,"iron-hyena-pack-pressure","red-hunter-evolution",False,19,1,1,3,3,9,6,9,,2,0,2,0,0,0,2,2,0,0,0,0,6,0,4,0,0,0,0,5,0,10,0,5,0,0,"","red.ancestor.firsthunter",0,2,0,6,0,6,3,1,0,0,0,0,1,2,1,2,0,0,11,0,11,0,11,0,3,0,8,0,31,18,1,0,0,0,1,3,0,1,1,1,12,3,1,1,0,0
game-436,436,"iron-hyena-pack-pressure","red-hunter-evolution",False,15,1,0,3,3,5,6,11,,1,0,1,0,0,0,1,0,1,0,0,0,2,2,2,2,0,3,0,2,0,10,0,4,0,0,"","red.ancestor.firsthunter",0,1,0,4,0,4,0,2,0,0,0,0,0,2,0,1,0,0,9,0,9,0,9,0,4,0,7,0,25,14,0,0,0,0,2,1,1,0,1,1,14,3,1,1,0,0
game-437,437,"red-hunter-evolution","iron-hyena-pack-pressure",False,34,1,3,2,3,13,6,5,26,4,2,2,0,0,0,5,4,1,1,0,1,4,4,4,4,0,2,5,5,0,21,0,10,0,0,"","red.ancestor.grandmother",0,7,0,16,0,14,6,4,0,0,0,0,1,21,0,15,1,0,20,0,20,0,20,0,4,0,12,0,54,34,0,0,0,1,1,7,0,0,2,3,22,3,1,0,0,0
game-438,438,"iron-hyena-pack-pressure","red-hunter-evolution",False,17,1,0,3,3,11,8,10,,0,0,0,0,0,0,3,3,0,0,0,0,0,0,0,0,0,0,0,0,0,3,0,1,0,0,"","red.ancestor.firsthunter",0,0,0,2,0,4,0,0,0,0,0,0,0,7,0,6,0,0,10,0,9,0,9,0,0,0,6,0,27,16,0,0,0,1,0,1,0,0,1,1,4,3,1,1,0,0
game-439,439,"iron-hyena-pack-pressure","red-hunter-evolution",False,23,1,2,3,3,7,6,5,18,4,1,3,0,0,0,3,2,1,1,0,1,6,4,5,4,0,0,3,5,0,17,0,8,0,0,"","red.ancestor.firsthunter",0,2,0,6,0,8,3,1,0,0,0,0,1,4,1,4,0,0,10,0,10,0,10,0,3,0,8,0,34,22,0,0,0,2,0,3,0,0,1,1,16,3,1,1,0,0
game-440,440,"red-hunter-evolution","iron-hyena-pack-pressure",False,22,1,3,2,3,9,6,11,,2,1,1,0,0,0,2,1,1,0,0,0,2,2,2,2,0,0,3,6,0,13,0,6,0,0,"","red.ancestor.firsthunter",0,4,0,10,0,8,3,1,0,0,0,0,0,6,0,5,0,0,9,0,9,0,9,0,1,0,7,0,31,22,0,0,0,0,0,2,0,0,1,1,16,3,1,0,0,0
game-441,441,"iron-hyena-pack-pressure","red-hunter-evolution",False,19,1,0,3,3,7,6,10,,2,0,2,0,0,0,2,1,1,0,0,0,8,2,4,2,0,1,1,2,0,13,0,6,0,0,"","red.ancestor.firsthunter",0,1,0,4,0,6,1,2,0,0,0,0,1,1,1,1,0,0,11,0,11,0,11,0,4,0,8,0,31,18,0,0,0,2,1,1,0,0,1,1,,3,1,1,0,0
game-442,442,"iron-hyena-pack-pressure","red-hunter-evolution",False,15,1,0,3,3,7,6,12,,2,0,2,0,0,0,1,1,0,0,0,0,6,0,6,0,0,0,0,2,0,10,0,4,0,0,"","red.ancestor.grandmother",0,1,0,4,0,4,0,2,0,0,0,0,0,1,0,1,0,0,14,0,14,0,14,0,5,0,7,0,30,14,0,0,0,1,0,0,0,0,1,1,,3,1,1,0,0
game-443,443,"iron-hyena-pack-pressure","red-hunter-evolution",False,21,1,1,3,3,7,6,9,,3,2,1,0,0,0,2,2,0,0,0,0,4,0,4,0,1,0,1,6,0,11,0,5,0,0,"","red.ancestor.grandmother",0,1,0,4,0,7,4,2,0,0,0,0,0,6,0,6,0,0,11,0,10,0,10,0,1,0,7,0,32,20,0,0,0,0,1,2,0,0,1,1,14,3,1,1,0,0
game-444,444,"red-hunter-evolution","iron-hyena-pack-pressure",False,36,1,3,1,3,7,6,5,30,5,3,2,0,0,0,4,3,1,1,0,1,4,4,4,4,0,1,4,5,0,25,0,11,0,0,"","red.ancestor.firsthunter",0,4,0,10,0,15,4,5,0,0,0,0,1,6,1,5,0,0,19,0,19,0,19,0,3,0,13,0,55,36,0,0,0,3,2,13,0,0,2,3,14,3,1,0,0,0
game-445,445,"red-hunter-evolution","iron-hyena-pack-pressure",False,28,1,3,2,3,13,8,10,20,3,2,1,0,0,0,3,3,0,1,0,1,2,2,2,2,2,0,4,8,0,22,0,9,0,0,"","red.ancestor.firsthunter",0,3,0,8,0,10,4,2,0,0,0,0,3,11,2,8,0,0,14,0,14,0,14,0,1,0,9,0,42,28,0,0,0,3,1,5,0,2,2,2,12,3,1,0,0,0
game-446,446,"iron-hyena-pack-pressure","red-hunter-evolution",False,31,1,1,3,3,9,6,13,,4,1,3,0,0,0,4,1,3,0,0,0,8,8,8,8,0,0,1,6,0,19,0,8,0,0,"","red.ancestor.firsthunter",0,1,0,4,0,12,6,0,0,0,0,0,1,0,1,0,0,0,14,0,14,0,14,0,5,0,10,0,46,30,0,0,0,3,0,6,0,0,2,2,20,3,1,1,0,0
game-447,447,"red-hunter-evolution","iron-hyena-pack-pressure",False,36,1,3,2,3,5,8,15,20,4,1,3,0,0,0,3,1,2,1,0,1,6,8,6,8,1,2,2,5,0,15,0,6,0,0,"","red.ancestor.grandmother",0,3,0,8,0,14,7,2,0,0,0,0,1,5,1,5,0,0,18,0,18,0,18,0,2,0,13,0,54,36,0,0,0,2,0,15,0,0,2,3,18,3,1,0,0,0
game-448,448,"red-hunter-evolution","iron-hyena-pack-pressure",False,34,1,3,2,3,7,6,9,28,4,1,3,0,0,0,4,1,3,1,0,1,6,12,6,12,1,0,1,2,0,29,0,11,0,0,"","red.ancestor.grandmother",0,3,0,8,0,14,7,4,0,0,0,0,1,3,1,3,0,0,18,0,18,0,18,0,4,0,13,0,52,34,0,0,0,2,3,11,0,1,2,3,24,3,1,0,0,0
game-449,449,"red-hunter-evolution","iron-hyena-pack-pressure",False,18,1,3,2,3,9,6,10,,0,0,0,0,0,0,2,2,0,0,0,0,0,0,0,0,0,0,0,4,0,3,0,2,0,0,"","red.ancestor.grandmother",0,1,0,4,0,6,4,2,0,0,0,0,0,8,0,5,0,0,8,0,8,0,8,0,0,0,7,0,26,18,0,0,0,0,0,2,0,0,1,1,12,3,1,0,0,0
game-450,450,"iron-hyena-pack-pressure","red-hunter-evolution",False,19,1,0,3,3,5,6,9,,2,0,2,0,0,0,2,1,1,0,0,0,6,2,4,2,0,1,0,7,0,14,0,6,0,0,"","red.ancestor.firsthunter",0,2,0,6,0,6,2,1,0,0,0,0,2,4,1,4,0,0,14,0,14,0,14,0,2,0,8,0,34,18,0,0,0,0,1,3,0,0,1,1,18,3,1,1,0,0
game-451,451,"iron-hyena-pack-pressure","red-hunter-evolution",False,13,1,0,3,3,5,6,9,,2,0,2,0,0,0,1,1,0,0,0,0,8,0,7,0,0,0,0,2,0,12,0,4,0,0,"","red.ancestor.firsthunter",0,0,0,2,0,3,0,0,0,0,0,0,0,0,0,0,0,0,11,0,11,0,11,0,3,0,6,0,25,12,0,0,0,0,0,0,0,0,0,0,,3,1,1,0,0
game-452,452,"red-hunter-evolution","iron-hyena-pack-pressure",False,36,1,3,1,3,13,10,12,,3,1,2,0,0,0,3,1,2,0,0,0,6,4,6,4,0,0,3,1,0,22,0,9,0,0,"","red.ancestor.firsthunter",0,4,0,10,0,13,4,3,1,0,0,0,2,3,2,3,0,0,18,0,18,0,18,0,2,0,13,0,54,36,0,0,0,4,3,18,0,0,2,4,14,3,1,0,0,0
game-453,453,"iron-hyena-pack-pressure","red-hunter-evolution",False,29,1,1,3,3,9,6,12,18,4,2,2,0,0,0,3,2,1,1,0,1,4,4,4,4,0,1,3,3,0,30,0,11,0,0,"","red.ancestor.grandmother",0,3,0,8,0,11,1,3,0,0,0,0,0,12,0,12,0,0,17,0,17,0,17,0,4,0,11,0,47,28,0,0,0,3,1,8,0,0,2,2,14,3,1,1,0,0
game-454,454,"iron-hyena-pack-pressure","red-hunter-evolution",False,19,1,0,3,3,5,8,14,,1,0,1,0,0,0,1,1,0,0,0,0,6,0,4,0,0,0,0,7,0,13,0,5,0,0,"","red.ancestor.firsthunter",0,1,0,4,0,5,0,1,0,0,0,0,0,3,0,3,0,0,6,0,6,0,6,0,0,0,5,0,26,18,0,0,0,2,0,2,0,0,1,1,,3,1,1,0,0
game-455,455,"red-hunter-evolution","iron-hyena-pack-pressure",False,36,1,3,2,3,5,6,7,,3,0,3,0,0,0,6,2,4,0,0,0,8,10,8,9,1,1,1,8,0,15,0,8,0,0,"","red.ancestor.grandmother",0,5,0,12,0,15,8,3,0,0,0,0,2,4,2,4,0,0,18,0,18,0,18,0,3,0,13,0,54,36,0,0,0,2,1,10,0,0,2,3,18,3,1,0,0,0
game-456,456,"iron-hyena-pack-pressure","red-hunter-evolution",False,17,1,0,3,3,9,8,14,,0,0,0,0,0,0,1,1,0,0,0,0,0,0,0,0,0,0,0,0,0,9,0,3,0,0,"","red.ancestor.firsthunter",0,1,0,4,0,4,0,2,0,0,0,0,0,2,0,2,0,0,7,0,7,0,7,0,1,0,4,0,25,16,0,0,0,1,1,1,0,0,1,1,,3,1,1,0,0
game-457,457,"red-hunter-evolution","iron-hyena-pack-pressure",False,22,1,3,2,3,9,6,10,18,0,0,0,0,0,0,2,1,1,1,0,1,0,6,0,6,0,0,0,5,0,7,0,4,0,0,"","red.ancestor.grandmother",0,3,0,8,0,8,2,6,0,0,0,0,0,14,0,9,0,0,14,0,13,0,13,0,0,0,8,0,35,22,0,0,0,1,1,5,0,0,1,1,12,3,1,0,0,0
game-458,458,"red-hunter-evolution","iron-hyena-pack-pressure",False,40,1,3,1,3,11,6,9,36,4,1,3,0,0,0,5,2,3,1,0,1,6,8,6,8,2,0,0,8,0,32,0,12,0,0,"","red.ancestor.firsthunter",0,5,0,12,0,17,6,4,0,0,0,0,2,4,2,4,0,0,14,0,14,0,14,0,1,0,11,0,54,40,0,0,0,3,2,13,0,1,3,4,30,3,1,0,0,0
game-459,459,"iron-hyena-pack-pressure","red-hunter-evolution",False,21,1,0,3,3,9,6,11,,3,0,3,0,0,0,1,1,0,0,0,0,6,0,6,0,1,0,0,0,0,22,0,7,0,0,"","red.ancestor.grandmother",0,1,0,4,0,7,0,2,0,0,0,0,0,3,0,3,0,0,9,0,9,0,9,0,1,0,7,0,31,20,0,0,0,2,1,2,0,0,1,1,,3,1,1,0,0
game-460,460,"iron-hyena-pack-pressure","red-hunter-evolution",False,19,1,0,3,5,7,6,11,,2,0,2,0,0,0,1,1,0,0,0,0,6,0,5,0,0,0,1,3,0,15,0,6,0,0,"","red.ancestor.firsthunter",0,1,0,4,0,6,0,3,0,0,0,0,0,3,0,2,0,0,9,0,9,0,9,0,2,0,6,0,29,18,0,0,0,2,1,0,0,0,1,1,,5,1,1,0,0
game-461,461,"red-hunter-evolution","iron-hyena-pack-pressure",False,24,1,3,0,3,18,6,12,22,0,0,0,0,0,0,2,1,1,1,0,1,0,6,0,6,0,0,0,3,0,8,0,5,0,0,"","red.ancestor.grandmother",0,1,0,4,0,9,7,2,0,0,0,0,0,0,0,0,0,0,6,0,6,0,6,0,0,0,5,0,30,24,0,0,0,0,0,12,0,0,1,2,14,3,1,0,0,0
game-462,462,"red-hunter-evolution","iron-hyena-pack-pressure",False,32,1,3,2,3,5,8,15,28,4,2,2,0,0,0,5,4,1,1,0,1,4,6,4,4,0,2,4,5,0,21,0,8,0,0,"","red.ancestor.grandmother",0,1,0,4,0,12,8,2,0,0,0,0,1,7,1,4,0,0,19,0,19,0,19,0,4,0,13,0,51,32,0,0,0,2,1,8,0,0,2,3,10,3,1,0,0,0
game-463,463,"iron-hyena-pack-pressure","red-hunter-evolution",False,23,1,0,3,3,9,6,5,,2,0,2,0,0,0,2,2,0,0,0,0,4,0,4,0,0,0,0,4,0,20,0,8,0,0,"","red.ancestor.grandmother",0,4,0,10,0,8,0,2,2,0,0,0,0,7,0,6,0,0,14,0,14,0,14,0,3,0,9,0,38,22,0,0,0,1,1,1,0,0,1,1,,3,1,1,0,0
game-464,464,"red-hunter-evolution","iron-hyena-pack-pressure",False,24,1,3,1,3,14,8,10,,2,1,1,0,0,0,2,1,1,0,0,0,2,2,2,2,0,1,0,1,0,12,0,7,0,0,"","red.ancestor.firsthunter",0,3,0,8,0,8,4,3,0,0,0,0,2,3,0,2,1,0,10,0,10,0,10,0,4,0,6,0,34,24,0,0,0,0,1,5,0,0,1,2,4,3,1,0,0,0
game-465,465,"iron-hyena-pack-pressure","red-hunter-evolution",False,18,1,0,3,3,8,8,12,,1,0,1,0,0,0,1,1,0,0,0,0,4,0,3,0,0,0,0,3,0,13,0,5,0,0,"","red.ancestor.firsthunter",0,0,0,2,0,5,1,0,0,0,0,0,1,4,1,3,0,0,7,0,7,0,7,0,1,0,4,0,25,18,0,0,0,3,0,1,0,0,1,1,,3,1,1,0,0
game-466,466,"iron-hyena-pack-pressure","red-hunter-evolution",False,19,1,0,3,3,9,6,16,,1,0,1,0,0,0,1,1,0,0,0,0,2,0,1,0,0,0,0,1,0,18,0,6,0,0,"","red.ancestor.grandmother",0,2,0,6,0,6,0,3,0,0,0,0,0,3,0,3,0,0,5,0,5,0,5,0,0,0,4,0,25,18,2,0,0,1,2,1,1,0,1,1,,3,1,1,0,0
game-467,467,"iron-hyena-pack-pressure","red-hunter-evolution",False,20,1,0,3,3,5,6,10,,2,2,0,0,0,0,3,3,0,0,0,0,0,0,0,0,1,0,1,6,0,7,0,3,0,0,"","red.ancestor.grandmother",0,1,0,4,0,7,0,4,0,0,0,0,0,9,0,7,0,0,10,0,10,0,10,0,1,0,7,0,30,20,0,0,0,1,2,3,0,0,1,1,,3,1,1,0,0
game-468,468,"iron-hyena-pack-pressure","red-hunter-evolution",False,19,1,0,3,3,11,6,5,,2,0,2,0,0,0,1,1,0,0,0,0,6,0,5,0,0,0,0,2,0,19,0,6,0,0,"","red.ancestor.grandmother",0,1,0,4,0,6,0,4,0,0,0,0,0,5,0,4,0,0,9,0,9,0,9,0,3,0,6,0,29,18,0,0,0,2,1,1,0,0,1,1,,3,1,1,0,0
game-469,469,"iron-hyena-pack-pressure","red-hunter-evolution",False,11,1,0,3,3,5,6,7,,2,0,2,0,0,0,0,0,0,0,0,0,6,0,6,0,0,0,1,0,0,2,0,1,0,0,"","red.ancestor.firsthunter",0,0,0,2,0,2,0,0,0,0,0,0,0,0,0,0,0,0,10,0,10,0,10,0,1,0,5,0,22,10,0,0,0,0,0,0,0,0,0,0,,3,1,1,0,0
game-470,470,"red-hunter-evolution","iron-hyena-pack-pressure",False,24,1,3,1,3,11,6,5,16,1,0,1,0,0,0,3,3,0,1,0,1,2,2,2,2,0,1,0,5,0,13,0,7,0,0,"","red.ancestor.grandmother",0,2,0,6,0,9,7,2,0,0,0,0,1,2,1,2,0,0,7,0,7,0,7,0,2,0,7,0,31,24,0,0,0,1,1,7,0,0,1,1,14,3,1,0,0,0
game-471,471,"iron-hyena-pack-pressure","red-hunter-evolution",False,23,1,0,3,3,7,6,9,20,4,1,3,0,0,0,1,1,0,1,0,1,14,2,10,2,1,2,0,1,0,19,0,7,0,0,"","red.ancestor.grandmother",0,3,0,8,0,8,1,4,1,0,0,0,0,2,0,2,0,0,13,0,12,0,12,0,4,0,7,0,36,22,0,0,0,2,3,2,0,0,1,1,18,3,1,1,0,0
game-472,472,"iron-hyena-pack-pressure","red-hunter-evolution",False,19,1,0,3,3,7,8,5,,2,0,2,0,0,0,1,1,0,0,0,0,4,0,4,0,0,0,0,4,0,17,0,6,0,0,"","red.ancestor.grandmother",0,1,0,4,0,5,0,0,0,0,0,0,0,4,0,3,0,0,10,0,10,0,10,0,5,0,7,0,30,18,0,0,0,2,1,2,0,0,1,1,,3,1,1,0,0
game-473,473,"iron-hyena-pack-pressure","red-hunter-evolution",False,13,1,0,3,3,7,8,11,,1,0,1,0,0,0,0,0,0,0,0,0,4,0,3,0,0,0,0,0,0,3,0,2,0,0,"","red.ancestor.firsthunter",0,1,0,4,0,2,0,1,0,0,0,0,0,1,0,1,0,0,8,0,8,0,8,0,0,0,6,0,22,12,0,0,0,1,0,0,0,0,0,0,,3,1,1,0,0
game-474,474,"iron-hyena-pack-pressure","red-hunter-evolution",False,17,1,0,3,3,5,6,14,,1,0,1,0,0,0,1,1,0,0,0,0,4,0,2,0,0,0,0,7,0,11,0,5,0,0,"","red.ancestor.grandmother",0,1,0,4,0,5,0,1,0,0,0,0,0,2,0,2,0,0,11,0,11,0,11,0,0,0,6,0,29,16,0,0,0,1,1,1,0,0,1,1,,3,1,1,0,0
game-475,475,"iron-hyena-pack-pressure","red-hunter-evolution",False,23,1,1,3,3,11,6,5,18,3,1,2,0,0,0,3,3,0,1,0,1,4,2,4,2,1,0,0,8,0,17,0,8,0,0,"","red.ancestor.firsthunter",0,2,0,6,0,8,3,1,0,0,0,0,0,6,0,5,0,0,13,0,13,0,13,0,2,0,10,0,37,22,0,0,0,2,0,2,0,0,1,1,16,3,1,1,0,0
game-476,476,"iron-hyena-pack-pressure","red-hunter-evolution",False,19,1,0,3,3,7,6,12,,2,0,2,0,0,0,2,2,0,0,0,0,4,0,3,0,0,0,1,5,0,16,0,7,0,0,"","red.ancestor.firsthunter",0,1,0,4,0,6,0,1,0,0,0,0,0,3,0,3,0,0,12,0,10,0,10,0,2,0,4,0,30,18,0,0,0,1,2,3,0,0,1,1,,3,1,1,0,0
game-477,477,"red-hunter-evolution","iron-hyena-pack-pressure",False,36,1,3,2,3,7,6,11,18,4,0,4,0,0,0,2,1,1,1,0,1,8,4,8,4,0,3,2,8,0,26,0,10,0,0,"","red.ancestor.grandmother",0,2,0,6,0,15,4,2,1,0,0,0,2,2,2,2,0,0,16,0,16,0,16,0,4,0,12,0,52,36,0,0,0,1,0,16,0,2,2,4,16,3,1,0,0,0
game-478,478,"iron-hyena-pack-pressure","red-hunter-evolution",False,21,1,0,3,3,5,8,7,,2,0,2,0,0,0,1,1,0,0,0,0,6,0,6,0,0,0,1,3,0,23,0,7,0,0,"","red.ancestor.firsthunter",0,0,0,2,0,6,0,0,0,0,0,0,0,4,0,3,0,0,10,0,10,0,10,0,3,0,7,0,32,20,0,0,0,1,0,1,0,0,1,1,,3,1,1,0,0
game-479,479,"red-hunter-evolution","iron-hyena-pack-pressure",False,20,1,3,2,3,5,8,8,12,1,1,0,0,0,0,3,2,1,1,0,1,0,4,0,4,1,0,1,3,0,6,0,4,0,0,"","red.ancestor.firsthunter",0,0,0,2,0,6,6,0,0,0,0,0,1,6,1,6,0,0,11,0,11,0,11,0,0,0,6,0,31,20,0,0,0,2,1,5,0,1,1,1,10,3,1,0,0,0
game-480,480,"iron-hyena-pack-pressure","red-hunter-evolution",False,21,1,0,3,3,9,6,7,,2,0,2,0,0,0,3,3,0,0,0,0,4,0,4,0,0,0,0,1,0,6,0,3,0,0,"","red.ancestor.grandmother",0,1,0,4,0,7,0,3,0,0,0,0,0,5,0,5,0,0,13,0,13,0,13,0,4,0,7,0,35,20,0,0,0,2,2,2,0,0,1,1,,3,1,1,0,0
game-481,481,"red-hunter-evolution","iron-hyena-pack-pressure",False,26,1,3,2,3,11,6,9,22,3,0,3,0,0,0,3,3,0,1,0,1,8,2,7,2,0,1,1,6,0,12,0,7,0,0,"","red.ancestor.grandmother",0,2,0,6,0,10,7,2,0,0,0,0,2,3,2,3,0,0,8,0,8,0,8,0,2,0,7,0,34,26,0,0,0,1,0,3,0,1,1,2,14,3,1,0,0,0
game-482,482,"red-hunter-evolution","iron-hyena-pack-pressure",False,20,1,3,2,3,7,12,8,,1,0,1,0,0,0,2,1,1,0,0,0,4,2,4,2,0,0,0,2,0,7,0,4,0,0,"","red.ancestor.firsthunter",0,0,0,2,0,4,5,0,0,0,0,0,1,1,1,1,0,0,6,0,6,0,6,0,2,0,6,0,26,20,0,0,0,1,1,1,0,0,1,1,10,3,1,0,0,0
game-483,483,"iron-hyena-pack-pressure","red-hunter-evolution",False,21,1,2,3,3,7,6,7,16,2,0,2,0,0,0,2,2,0,1,0,1,6,2,5,2,0,0,0,7,0,11,0,5,0,0,"","red.ancestor.firsthunter",0,0,0,2,0,7,4,0,0,0,0,0,0,4,0,3,0,0,14,0,14,0,14,0,6,0,8,0,36,20,0,0,0,1,2,3,0,0,1,1,14,3,1,1,0,0
game-484,484,"iron-hyena-pack-pressure","red-hunter-evolution",False,13,1,0,3,3,9,6,9,,1,0,1,0,0,0,1,1,0,0,0,0,2,0,2,0,0,0,0,5,0,4,0,2,0,0,"","red.ancestor.grandmother",0,1,0,4,0,3,0,3,0,0,0,0,0,3,0,3,0,0,9,0,9,0,9,0,2,0,3,0,23,12,0,0,0,2,0,1,0,0,0,0,,3,1,1,0,0
game-485,485,"iron-hyena-pack-pressure","red-hunter-evolution",False,21,1,0,3,3,7,8,9,,2,0,2,0,0,0,3,2,1,0,0,0,4,2,4,2,0,0,1,7,0,10,0,5,0,0,"","red.ancestor.grandmother",0,2,0,6,0,6,0,3,0,0,0,0,0,6,0,6,0,0,16,0,16,0,16,0,1,0,10,0,38,20,0,0,0,2,3,4,0,0,1,1,,3,1,1,0,0
game-486,486,"red-hunter-evolution","iron-hyena-pack-pressure",False,20,1,3,2,3,7,6,5,,1,0,1,0,0,0,2,2,0,0,0,0,2,0,2,0,0,0,0,8,0,8,0,4,0,0,"","red.ancestor.firsthunter",0,0,0,2,0,7,7,0,0,0,0,0,0,9,0,5,0,0,8,0,8,0,8,0,1,0,6,0,28,20,0,0,0,1,0,2,0,0,1,1,8,3,1,0,0,0
game-487,487,"iron-hyena-pack-pressure","red-hunter-evolution",False,27,1,2,3,3,7,6,7,20,4,1,3,0,0,0,3,1,2,1,0,1,6,8,5,8,1,0,0,3,0,13,0,6,0,0,"","red.ancestor.grandmother",0,1,0,4,0,10,5,1,0,0,0,0,1,4,1,2,0,0,15,0,15,0,15,0,2,0,10,0,43,26,0,0,0,2,2,9,0,0,2,2,18,3,1,1,0,0
game-488,488,"iron-hyena-pack-pressure","red-hunter-evolution",False,27,1,2,3,3,7,6,5,20,3,0,3,0,0,0,2,2,0,1,0,1,14,2,8,2,0,0,0,5,0,22,0,9,0,0,"","red.ancestor.firsthunter",0,0,0,2,0,10,5,0,0,0,0,0,2,9,2,6,0,0,14,0,13,0,13,0,3,0,7,0,41,26,0,0,0,4,1,5,0,1,2,2,8,3,1,1,0,0
game-489,489,"iron-hyena-pack-pressure","red-hunter-evolution",False,17,1,0,3,3,11,6,11,,1,0,1,0,0,0,1,1,0,0,0,0,2,0,2,0,0,0,1,1,0,17,0,6,0,0,"","red.ancestor.grandmother",0,2,0,6,0,5,0,3,0,0,0,0,0,2,0,2,0,0,10,0,10,0,10,0,2,0,6,0,28,16,0,0,0,1,0,0,0,0,1,1,,3,1,1,0,0
game-490,490,"iron-hyena-pack-pressure","red-hunter-evolution",False,15,1,0,3,3,5,6,9,,1,0,1,0,0,0,1,1,0,0,0,0,2,0,2,0,0,0,0,3,0,9,0,4,0,0,"","red.ancestor.firsthunter",0,1,0,4,0,4,0,1,0,0,0,0,0,4,0,3,0,0,8,0,8,0,8,0,1,0,6,0,24,14,0,0,0,0,1,1,0,0,1,1,,3,1,1,0,0
game-491,491,"iron-hyena-pack-pressure","red-hunter-evolution",False,13,1,0,3,3,5,6,10,,1,0,1,0,0,0,1,1,0,0,0,0,2,0,2,0,0,0,0,1,0,6,0,3,0,0,"","red.ancestor.firsthunter",0,1,0,4,0,3,0,1,0,0,0,0,0,2,0,2,0,0,8,0,8,0,8,0,1,0,6,0,22,12,0,0,0,2,0,1,0,0,0,0,,3,1,1,0,0
game-492,492,"iron-hyena-pack-pressure","red-hunter-evolution",False,11,1,0,3,3,5,6,,,0,0,0,0,0,0,0,0,0,0,0,0,0,0,0,0,0,0,0,0,0,3,0,1,0,0,"","red.ancestor.firsthunter",0,0,0,2,0,2,0,0,0,0,0,0,0,1,0,1,0,0,6,0,6,0,6,0,0,0,5,0,18,10,0,0,0,1,0,0,0,0,0,0,,3,1,1,0,0
game-493,493,"iron-hyena-pack-pressure","red-hunter-evolution",False,21,1,0,3,3,5,8,8,,2,2,0,0,0,0,3,2,1,0,0,0,0,2,0,2,0,0,1,2,0,16,0,6,0,0,"","red.ancestor.firsthunter",0,3,0,8,0,6,1,4,0,0,0,0,0,6,0,6,0,0,11,0,11,0,11,0,1,0,8,0,33,20,0,0,0,0,2,4,0,0,1,1,20,3,1,1,0,0
game-494,494,"iron-hyena-pack-pressure","red-hunter-evolution",False,19,1,0,3,3,11,6,9,,2,0,2,0,0,0,2,2,0,0,0,0,4,0,4,0,0,0,0,2,0,13,0,5,0,0,"","red.ancestor.firsthunter",0,1,0,4,0,6,0,2,0,0,0,0,0,4,0,4,0,0,12,0,12,0,12,0,3,0,6,0,32,18,0,0,0,2,0,2,0,0,1,1,,3,1,1,0,0
game-495,495,"red-hunter-evolution","iron-hyena-pack-pressure",False,42,1,3,2,3,9,10,11,20,5,2,3,0,0,0,6,4,2,1,0,1,6,14,6,10,1,0,2,10,0,38,0,14,0,0,"","red.ancestor.firsthunter",0,2,0,6,0,16,9,1,0,0,0,0,7,9,4,6,2,0,25,0,25,0,25,0,7,0,14,0,67,42,0,0,0,3,4,14,0,1,3,4,18,3,1,0,0,0
game-496,496,"iron-hyena-pack-pressure","red-hunter-evolution",False,22,1,2,3,5,9,8,10,,2,1,1,0,0,0,3,2,1,0,0,0,2,2,2,2,1,0,8,6,0,8,0,4,0,0,"","red.ancestor.firsthunter",0,2,0,6,0,7,5,1,0,0,0,0,1,5,1,5,0,0,10,0,10,0,10,0,2,0,9,0,32,22,0,0,0,0,3,3,0,0,1,1,12,5,1,1,0,0
game-497,497,"iron-hyena-pack-pressure","red-hunter-evolution",False,13,1,0,3,3,7,8,11,,1,0,1,0,0,0,0,0,0,0,0,0,4,0,3,0,1,0,0,0,0,2,0,1,0,0,"","red.ancestor.firsthunter",0,0,0,2,0,2,0,0,0,0,0,0,0,1,0,1,0,0,10,0,10,0,10,0,3,0,5,0,24,12,0,0,0,1,0,0,0,0,0,0,,3,1,1,0,0
game-498,498,"iron-hyena-pack-pressure","red-hunter-evolution",False,19,1,0,3,3,9,6,5,,2,1,1,0,0,0,2,2,0,0,0,0,2,0,2,0,1,0,0,2,0,19,0,6,0,0,"","red.ancestor.firsthunter",0,2,0,6,0,6,0,1,0,0,0,0,0,5,0,5,0,0,9,0,9,0,9,0,1,0,6,0,29,18,0,0,0,1,2,4,0,0,1,1,,3,1,1,0,0
game-499,499,"iron-hyena-pack-pressure","red-hunter-evolution",False,33,1,2,3,3,12,6,12,30,3,2,1,0,0,0,3,3,0,1,0,1,2,2,2,2,0,0,3,4,0,35,0,12,0,0,"","red.ancestor.firsthunter",0,3,0,8,0,13,3,4,0,0,0,0,1,9,1,7,0,0,16,0,16,0,16,0,3,0,9,0,50,32,0,0,0,2,0,5,0,0,2,2,14,3,1,1,0,0
game-500,500,"iron-hyena-pack-pressure","red-hunter-evolution",False,21,1,1,3,3,9,8,7,,2,1,1,0,0,0,2,2,0,0,0,0,2,0,2,0,3,1,0,8,0,12,0,6,0,0,"","red.ancestor.firsthunter",0,0,0,2,0,6,3,0,0,0,0,0,0,4,0,4,0,0,9,0,9,0,9,0,2,0,8,0,31,20,0,0,0,1,2,2,0,0,1,1,16,3,1,1,0,0
game-501,501,"red-hunter-evolution","iron-hyena-pack-pressure",False,32,1,3,1,3,11,6,11,,3,2,1,0,0,0,5,1,4,0,0,0,4,12,4,10,1,1,2,3,0,28,0,12,0,0,"","red.ancestor.grandmother",0,6,0,14,0,13,7,2,1,0,0,0,1,0,1,0,0,0,15,0,15,0,15,0,2,0,9,0,47,32,0,0,0,0,1,12,0,0,2,3,14,3,1,0,0,0
game-502,502,"iron-hyena-pack-pressure","red-hunter-evolution",False,17,1,0,3,3,7,6,9,,1,0,1,0,0,0,2,2,0,0,0,0,4,0,4,0,0,0,0,6,0,17,0,6,0,0,"","red.ancestor.firsthunter",0,1,0,4,0,5,0,1,0,0,0,0,0,5,0,5,0,0,13,0,13,0,13,0,3,0,6,0,31,16,0,0,0,1,1,2,0,0,1,1,,3,1,1,0,0
game-503,503,"iron-hyena-pack-pressure","red-hunter-evolution",False,29,1,1,3,5,13,8,12,20,2,1,1,0,0,0,4,4,0,1,0,1,2,2,2,2,0,0,1,9,0,26,0,10,0,0,"","red.ancestor.firsthunter",0,3,0,8,0,10,2,4,0,0,0,0,1,10,1,10,0,0,14,0,13,0,13,0,2,0,8,0,43,28,1,0,0,1,4,8,0,1,2,2,18,5,1,1,0,0
game-504,504,"iron-hyena-pack-pressure","red-hunter-evolution",False,21,1,0,3,3,13,8,14,,1,0,1,0,0,0,2,2,0,0,0,0,2,0,2,0,0,1,0,2,0,15,0,6,0,0,"","red.ancestor.grandmother",0,4,0,10,0,6,0,4,2,0,0,0,0,6,0,6,0,0,15,0,14,0,14,0,4,0,7,0,36,20,0,0,0,1,1,2,0,0,1,1,,3,1,1,0,0
game-505,505,"red-hunter-evolution","iron-hyena-pack-pressure",False,20,1,3,1,3,7,6,5,16,2,1,1,0,0,0,2,2,0,1,0,1,2,2,2,2,0,0,2,6,0,6,0,3,0,0,"","red.ancestor.firsthunter",0,1,0,4,0,7,2,3,0,0,0,0,0,15,0,8,0,0,9,0,9,0,9,0,1,0,6,0,29,20,0,0,0,2,2,4,0,0,1,1,12,3,1,0,0,0
game-506,506,"iron-hyena-pack-pressure","red-hunter-evolution",False,23,1,0,3,3,5,6,12,,1,0,1,0,0,0,3,2,1,0,0,0,2,2,2,2,0,0,0,3,0,22,0,8,0,0,"","red.ancestor.firsthunter",0,3,0,8,0,8,1,4,0,0,0,0,1,9,0,8,1,0,11,0,11,0,11,0,1,0,9,0,35,22,0,0,0,2,2,4,0,0,1,1,22,3,1,1,0,0
game-507,507,"iron-hyena-pack-pressure","red-hunter-evolution",False,15,1,0,3,3,5,6,11,,3,1,2,0,0,0,1,1,0,0,0,0,6,0,6,0,1,0,1,6,0,10,0,4,0,0,"","red.ancestor.firsthunter",0,0,0,2,0,4,0,0,0,0,0,0,0,0,0,0,0,0,5,0,5,0,5,0,2,0,4,0,21,14,0,0,0,1,0,0,0,0,1,1,,3,1,1,0,0
game-508,508,"iron-hyena-pack-pressure","red-hunter-evolution",False,13,1,0,3,3,7,6,7,,1,0,1,0,0,0,1,1,0,0,0,0,2,0,2,0,0,0,0,0,0,11,0,4,0,0,"","red.ancestor.firsthunter",0,1,0,4,0,3,0,1,0,0,0,0,0,2,0,2,0,0,8,0,8,0,8,0,2,0,6,0,22,12,0,0,0,2,1,1,0,0,0,0,,3,1,1,0,0
game-509,509,"iron-hyena-pack-pressure","red-hunter-evolution",False,17,1,0,3,3,7,8,11,,2,0,2,0,0,0,1,1,0,0,0,0,10,0,5,0,1,0,1,4,0,11,0,5,0,0,"","red.ancestor.firsthunter",0,0,0,2,0,4,1,0,0,0,0,0,1,1,1,1,0,0,7,0,7,0,7,0,2,0,7,0,25,16,0,0,0,0,0,0,0,0,1,1,,3,1,1,0,0
game-510,510,"iron-hyena-pack-pressure","red-hunter-evolution",False,29,1,0,3,3,9,8,10,,1,0,1,0,0,0,5,4,1,0,0,0,4,2,4,2,0,1,0,6,0,21,0,8,0,0,"","red.ancestor.firsthunter",0,2,0,6,0,10,0,4,0,0,0,0,0,12,0,11,0,0,18,0,17,0,17,0,2,0,10,0,47,28,0,0,0,3,0,4,0,0,2,2,4,3,1,1,0,0
game-511,511,"iron-hyena-pack-pressure","red-hunter-evolution",False,17,1,0,3,3,5,6,10,,1,0,1,0,0,0,2,2,0,0,0,0,6,0,2,0,2,0,0,0,0,3,0,1,0,0,"","red.ancestor.firsthunter",0,0,0,2,0,5,2,0,0,0,0,0,3,3,1,3,0,0,11,0,11,0,11,0,5,0,7,0,29,16,0,0,0,2,0,3,0,0,1,1,16,3,1,1,0,0
game-512,512,"iron-hyena-pack-pressure","red-hunter-evolution",False,15,1,0,3,3,7,12,7,,1,0,1,0,0,0,0,0,0,0,0,0,2,0,2,0,0,0,0,0,0,2,0,1,0,0,"","red.ancestor.firsthunter",0,0,0,2,0,1,0,0,0,0,0,0,0,0,0,0,0,0,6,0,6,0,6,0,2,0,6,0,22,14,0,0,0,2,1,0,0,0,1,1,,3,1,1,0,0
game-513,513,"iron-hyena-pack-pressure","red-hunter-evolution",False,21,1,1,3,3,9,6,5,16,3,2,1,0,0,0,2,2,0,1,0,1,2,2,2,2,1,0,1,5,0,15,0,7,0,0,"","red.ancestor.firsthunter",0,0,0,2,0,7,3,0,0,0,0,0,0,5,0,4,0,0,12,0,12,0,12,0,2,0,9,0,34,20,0,0,0,0,0,3,0,0,1,1,14,3,1,1,0,0
game-514,514,"iron-hyena-pack-pressure","red-hunter-evolution",False,33,1,0,3,3,5,6,10,,4,2,2,0,0,0,5,3,2,0,0,0,8,8,8,8,2,0,4,5,0,39,0,14,0,0,"","red.ancestor.firsthunter",0,2,0,6,0,13,3,1,0,0,0,0,2,9,2,7,0,0,10,0,10,0,10,0,2,0,8,0,44,32,1,0,0,3,0,4,0,0,2,3,28,3,1,1,0,0
game-515,515,"iron-hyena-pack-pressure","red-hunter-evolution",False,19,1,0,3,3,9,6,9,,2,0,2,0,0,0,0,0,0,0,0,0,4,0,3,0,1,0,2,0,0,16,0,6,0,0,"","red.ancestor.firsthunter",0,2,0,6,0,6,0,2,0,0,0,0,0,0,0,0,0,0,11,0,11,0,11,0,3,0,7,0,31,18,1,0,0,0,4,1,0,0,1,1,,3,1,1,0,0
game-516,516,"iron-hyena-pack-pressure","red-hunter-evolution",False,19,1,0,3,3,7,6,5,,1,0,1,0,0,0,2,2,0,0,0,0,2,0,2,0,0,0,0,6,0,11,0,5,0,0,"","red.ancestor.grandmother",0,3,0,8,0,6,1,2,0,0,0,0,0,5,0,5,0,0,8,0,8,0,8,0,1,0,5,0,28,18,0,0,0,1,1,2,0,0,1,1,16,3,1,1,0,0
game-517,517,"red-hunter-evolution","iron-hyena-pack-pressure",False,20,1,3,1,3,12,8,10,18,2,2,0,0,0,0,2,2,0,1,0,1,0,2,0,2,1,1,1,5,0,5,0,3,0,0,"","red.ancestor.firsthunter",0,0,0,2,0,6,5,0,0,0,0,0,0,15,0,9,0,0,8,0,8,0,8,0,0,0,5,0,28,20,0,0,0,1,1,4,0,0,1,1,4,3,1,0,0,0
game-518,518,"iron-hyena-pack-pressure","red-hunter-evolution",False,15,1,0,3,3,5,6,5,,2,0,2,0,0,0,1,1,0,0,0,0,6,0,6,0,0,0,0,5,0,8,0,4,0,0,"","red.ancestor.firsthunter",0,2,0,6,0,4,0,2,0,0,0,0,0,1,0,1,0,0,8,0,8,0,8,0,3,0,5,0,24,14,0,0,0,0,1,0,0,0,1,1,,3,1,1,0,0
game-519,519,"red-hunter-evolution","iron-hyena-pack-pressure",False,34,1,3,2,3,13,6,10,32,4,1,3,0,0,0,5,4,1,1,0,1,8,6,8,6,0,0,2,1,0,31,0,12,0,0,"","red.ancestor.grandmother",0,5,0,12,0,14,3,8,1,0,0,0,1,4,1,4,0,0,19,0,19,0,19,0,3,0,11,0,53,34,0,0,0,1,1,9,0,0,2,3,18,3,1,0,0,0
game-520,520,"iron-hyena-pack-pressure","red-hunter-evolution",False,17,1,0,3,3,5,6,7,,1,0,1,0,0,0,1,1,0,0,0,0,2,0,2,0,0,0,0,2,0,2,0,1,0,0,"","red.ancestor.grandmother",0,0,0,2,0,5,0,4,0,0,0,0,0,3,0,2,0,0,9,0,9,0,9,0,1,0,7,0,27,16,0,0,0,2,1,0,0,0,1,1,14,3,1,1,0,0
game-521,521,"iron-hyena-pack-pressure","red-hunter-evolution",False,19,1,1,3,3,7,6,10,,2,0,2,0,0,0,3,3,0,0,0,0,8,0,8,0,0,0,0,5,0,10,0,6,0,0,"","red.ancestor.grandmother",0,3,0,8,0,6,3,1,1,0,0,0,1,2,1,2,0,0,7,0,7,0,7,0,3,0,5,0,27,18,0,0,0,0,2,2,0,0,1,1,14,3,1,1,0,0
game-522,522,"iron-hyena-pack-pressure","red-hunter-evolution",False,17,1,0,3,3,7,6,5,,2,0,2,0,0,0,1,1,0,0,0,0,4,0,3,0,0,0,0,1,0,14,0,5,0,0,"","red.ancestor.grandmother",0,1,0,4,0,5,0,2,0,0,0,0,0,2,0,2,0,0,10,0,10,0,10,0,4,0,8,0,28,16,0,0,0,0,0,0,0,0,1,1,,3,1,1,0,0
game-523,523,"red-hunter-evolution","iron-hyena-pack-pressure",False,20,1,3,1,3,7,8,10,18,0,0,0,0,0,0,2,2,0,1,0,1,0,4,0,4,0,0,1,4,0,6,0,3,0,0,"","red.ancestor.firsthunter",0,1,0,4,0,6,1,3,0,0,0,0,0,15,0,8,0,0,9,0,9,0,9,0,0,0,5,0,29,20,0,0,0,2,2,5,0,0,1,1,12,3,1,0,0,0
game-524,524,"iron-hyena-pack-pressure","red-hunter-evolution",False,17,1,0,3,3,7,6,13,,1,0,1,0,0,0,0,0,0,0,0,0,2,0,2,0,0,0,1,0,0,14,0,5,0,0,"","red.ancestor.grandmother",0,1,0,4,0,5,0,1,0,0,0,0,0,0,0,0,0,0,10,0,10,0,10,0,2,0,8,0,28,16,0,0,0,1,0,0,0,0,1,1,,3,1,1,0,0
game-525,525,"red-hunter-evolution","iron-hyena-pack-pressure",False,44,1,3,2,3,7,6,5,28,4,1,3,0,0,0,6,2,4,1,0,1,6,14,6,12,0,1,2,11,0,42,0,15,0,0,"","red.ancestor.firsthunter",0,3,0,8,0,19,3,6,0,0,0,0,4,7,1,6,3,0,23,0,23,0,23,0,3,0,16,0,67,44,0,0,0,4,1,16,0,0,3,5,26,3,1,0,0,0
game-526,526,"red-hunter-evolution","iron-hyena-pack-pressure",False,20,1,3,0,3,12,8,10,,1,0,1,0,0,0,2,2,0,0,0,0,2,0,2,0,1,0,2,4,0,5,0,4,0,0,"","red.ancestor.firsthunter",0,2,0,6,0,6,4,1,0,0,0,0,1,6,1,4,0,0,4,0,4,0,4,0,1,0,4,0,24,20,0,0,0,2,1,1,0,1,1,1,6,3,1,0,0,0
game-527,527,"iron-hyena-pack-pressure","red-hunter-evolution",False,13,1,0,3,3,7,6,,,0,0,0,0,0,0,0,0,0,0,0,0,0,0,0,0,0,0,0,3,0,4,0,2,0,0,"","red.ancestor.grandmother",0,1,0,4,0,3,0,2,0,0,0,0,0,1,0,1,0,0,9,0,9,0,9,0,0,0,5,0,23,12,0,0,0,0,0,0,0,0,0,0,,3,1,1,0,0
game-528,528,"red-hunter-evolution","iron-hyena-pack-pressure",False,32,1,3,2,3,13,6,9,20,4,0,4,0,0,0,4,2,2,1,0,1,10,8,10,8,0,2,1,4,0,26,0,12,0,0,"","red.ancestor.grandmother",0,3,0,8,0,13,7,3,0,0,0,0,2,7,2,7,0,0,15,0,15,0,15,0,4,0,11,0,47,32,0,0,0,2,1,7,0,1,2,2,18,3,1,0,0,0
game-529,529,"red-hunter-evolution","iron-hyena-pack-pressure",False,42,1,3,1,3,11,6,11,,4,1,3,0,0,0,5,1,4,0,0,0,6,8,6,8,0,0,2,4,0,39,0,15,0,0,"","red.ancestor.grandmother",0,6,0,14,0,18,6,8,0,0,0,0,3,2,3,2,0,0,20,0,20,0,20,0,5,0,13,0,62,42,0,0,0,1,1,14,0,0,3,4,24,3,1,0,0,0
game-530,530,"iron-hyena-pack-pressure","red-hunter-evolution",False,27,1,0,3,5,7,8,12,,3,1,2,0,0,0,4,2,2,0,0,0,8,6,6,6,0,1,0,4,0,29,0,9,0,0,"","red.ancestor.firsthunter",0,5,0,12,0,9,0,3,0,0,0,0,0,9,0,8,0,0,14,0,14,0,14,0,3,0,9,0,42,26,0,0,0,3,2,3,0,0,2,2,,5,1,1,0,0
game-531,531,"red-hunter-evolution","iron-hyena-pack-pressure",False,20,1,3,2,3,7,8,5,18,3,0,3,0,0,0,2,2,0,1,0,1,8,4,8,4,0,0,0,4,0,7,0,4,0,0,"","red.ancestor.firsthunter",0,2,0,6,0,6,1,1,0,0,0,0,1,9,1,6,0,0,12,0,12,0,12,0,3,0,7,0,32,20,0,0,0,3,1,3,0,0,1,1,12,3,1,0,0,0
game-532,532,"iron-hyena-pack-pressure","red-hunter-evolution",False,17,1,0,3,3,7,8,7,,2,0,2,0,0,0,1,1,0,0,0,0,4,0,4,0,0,0,0,2,0,9,0,3,0,0,"","red.ancestor.grandmother",0,1,0,4,0,4,0,3,0,0,0,0,0,2,0,2,0,0,8,0,8,0,8,0,3,0,5,0,26,16,0,0,0,2,1,2,0,0,1,1,,3,1,1,0,0
game-533,533,"iron-hyena-pack-pressure","red-hunter-evolution",False,17,1,2,3,3,9,8,8,,1,0,1,0,0,0,2,1,1,0,0,0,2,2,2,2,0,0,0,0,0,2,0,1,0,0,"","red.ancestor.firsthunter",0,0,0,2,0,4,4,0,0,0,0,0,4,2,2,2,0,0,12,0,12,0,12,0,5,0,7,0,30,16,0,0,0,1,1,4,0,2,1,1,10,3,1,1,0,0
game-534,534,"iron-hyena-pack-pressure","red-hunter-evolution",False,17,1,2,3,3,7,6,10,,2,1,1,0,0,0,2,2,0,0,0,0,4,0,2,0,1,0,0,3,0,9,0,4,0,0,"","red.ancestor.firsthunter",0,1,0,4,0,5,1,2,0,0,0,0,0,6,0,5,0,0,11,0,9,0,9,0,1,0,6,0,27,16,0,0,0,0,1,2,0,0,1,1,12,3,1,1,0,0
game-535,535,"iron-hyena-pack-pressure","red-hunter-evolution",False,15,1,0,3,3,9,6,12,,1,0,1,0,0,0,2,2,0,0,0,0,4,0,3,0,0,0,0,1,0,9,0,4,0,0,"","red.ancestor.grandmother",0,1,0,4,0,4,1,2,0,0,0,0,4,3,1,3,0,0,12,0,11,0,11,0,4,0,4,0,27,14,0,0,0,0,0,2,0,0,1,1,,3,1,1,0,0
game-536,536,"iron-hyena-pack-pressure","red-hunter-evolution",False,15,1,0,3,3,7,6,5,,1,0,1,0,0,0,0,0,0,0,0,0,2,0,2,0,0,0,0,0,0,14,0,4,0,0,"","red.ancestor.grandmother",0,2,0,6,0,4,0,4,0,0,0,0,0,0,0,0,0,0,6,0,6,0,6,0,1,0,4,0,22,14,0,0,0,0,0,0,0,0,1,1,,3,1,1,0,0
game-537,537,"iron-hyena-pack-pressure","red-hunter-evolution",False,29,1,1,3,3,13,10,8,,3,1,2,0,0,0,4,1,3,0,0,0,4,6,4,6,2,1,1,2,0,23,0,9,0,0,"","red.ancestor.grandmother",0,1,0,4,0,9,3,2,0,0,0,0,1,6,1,6,0,0,17,0,17,0,17,0,3,0,10,0,47,28,0,0,0,1,2,9,0,0,2,2,26,3,1,1,0,0
game-538,538,"red-hunter-evolution","iron-hyena-pack-pressure",False,26,1,3,1,3,9,10,11,18,2,1,1,0,0,0,3,3,0,1,0,1,2,2,2,2,0,1,1,6,0,20,0,7,0,0,"","red.ancestor.firsthunter",0,0,0,2,0,8,6,0,0,0,0,0,0,1,0,1,0,0,10,0,10,0,10,0,2,0,7,0,36,26,0,0,0,1,1,9,0,0,1,2,14,3,1,0,0,0
game-539,539,"iron-hyena-pack-pressure","red-hunter-evolution",False,19,1,0,3,3,7,10,13,,2,0,2,0,0,0,2,2,0,0,0,0,6,0,4,0,1,0,2,6,0,15,0,5,0,0,"","red.ancestor.firsthunter",0,0,0,2,0,4,0,0,0,0,0,0,0,6,0,5,0,0,13,0,13,0,13,0,5,0,8,0,33,18,0,0,0,3,1,2,0,0,1,1,,3,1,1,0,0
game-540,540,"iron-hyena-pack-pressure","red-hunter-evolution",False,28,1,1,3,3,9,10,11,,3,0,3,0,0,0,3,0,3,0,0,0,8,8,8,8,0,0,1,2,0,27,0,9,0,0,"","red.ancestor.firsthunter",0,0,0,2,0,9,4,0,0,0,0,0,1,4,1,4,0,0,11,0,11,0,11,0,3,0,8,0,39,28,0,0,0,2,1,4,0,0,2,2,18,3,1,1,0,0
game-541,541,"iron-hyena-pack-pressure","red-hunter-evolution",False,15,1,0,3,3,5,6,14,,0,0,0,0,0,0,1,1,0,0,0,0,0,0,0,0,0,0,0,2,0,12,0,4,0,0,"","red.ancestor.firsthunter",0,0,0,2,0,4,0,0,0,0,0,0,0,3,0,3,0,0,9,0,9,0,9,0,0,0,6,0,25,14,0,0,0,0,1,2,0,0,1,1,,3,1,1,0,0
game-542,542,"red-hunter-evolution","iron-hyena-pack-pressure",False,30,1,3,0,3,26,8,5,,3,2,1,0,0,0,3,2,1,0,0,0,2,4,2,4,0,0,1,2,0,24,0,8,0,0,"","red.ancestor.firsthunter",0,2,0,6,0,11,6,1,0,0,0,0,0,5,0,3,0,0,11,0,11,0,11,0,1,0,8,0,41,30,0,0,0,1,5,13,0,0,2,2,24,3,1,0,0,0
game-543,543,"red-hunter-evolution","iron-hyena-pack-pressure",False,26,1,3,1,5,11,6,14,,0,0,0,0,0,0,2,1,1,0,0,0,0,2,0,2,1,0,0,6,0,18,0,6,0,0,"","red.ancestor.firsthunter",0,0,0,2,0,10,7,0,0,0,0,0,0,0,0,0,0,0,7,0,7,0,7,0,0,0,7,0,33,26,0,0,0,1,1,12,0,0,1,2,16,5,1,0,0,0
game-544,544,"red-hunter-evolution","iron-hyena-pack-pressure",False,28,1,3,2,3,11,6,5,20,4,1,3,0,0,0,4,2,2,1,0,1,6,6,6,6,0,1,1,5,0,14,0,6,0,0,"","red.ancestor.firsthunter",0,1,0,4,0,11,4,3,0,0,0,0,4,8,2,8,0,0,17,0,17,0,17,0,5,0,11,0,45,28,0,0,0,3,0,8,0,1,2,2,12,3,1,0,0,0
game-545,545,"iron-hyena-pack-pressure","red-hunter-evolution",False,15,1,0,3,3,7,6,10,,1,0,1,0,0,0,2,2,0,0,0,0,8,0,3,0,0,0,0,2,0,10,0,4,0,0,"","red.ancestor.firsthunter",0,1,0,4,0,4,0,1,0,0,0,0,0,4,0,4,0,0,9,0,9,0,9,0,1,0,5,0,25,14,0,0,0,1,1,2,0,0,1,1,,3,1,1,0,0
game-546,546,"iron-hyena-pack-pressure","red-hunter-evolution",False,23,1,2,3,3,7,6,5,,2,0,2,0,0,0,2,2,0,0,0,0,4,0,4,0,0,0,0,4,0,16,0,8,0,0,"","red.ancestor.firsthunter",0,5,0,12,0,8,4,2,2,0,0,0,1,4,0,3,1,0,11,0,11,0,11,0,1,0,8,0,35,22,0,0,0,0,1,4,0,0,1,1,8,3,1,1,0,0
game-547,547,"iron-hyena-pack-pressure","red-hunter-evolution",False,17,1,0,3,3,9,6,9,,2,0,2,0,0,0,2,2,0,0,0,0,6,0,4,0,0,0,0,5,0,12,0,5,0,0,"","red.ancestor.firsthunter",0,1,0,4,0,5,0,1,0,0,0,0,0,5,0,4,0,0,11,0,11,0,11,0,3,0,8,0,29,16,0,0,0,1,1,1,0,0,1,1,,3,1,1,0,0
game-548,548,"iron-hyena-pack-pressure","red-hunter-evolution",False,19,1,0,3,3,11,6,12,,1,0,1,0,0,0,2,1,1,0,0,0,2,2,2,2,0,1,0,3,0,8,0,3,0,0,"","red.ancestor.firsthunter",0,2,0,6,0,6,0,1,0,0,0,0,0,6,0,5,0,0,13,0,13,0,13,0,4,0,7,0,33,18,0,0,0,1,0,2,0,0,1,1,,3,1,1,0,0
game-549,549,"red-hunter-evolution","iron-hyena-pack-pressure",False,30,1,3,1,3,15,8,12,16,2,0,2,0,0,0,3,1,2,1,0,1,8,6,6,6,0,0,2,4,0,19,0,9,0,0,"","red.ancestor.firsthunter",0,3,0,8,0,11,3,4,0,0,0,0,3,2,0,2,2,0,15,0,14,0,14,0,2,0,9,0,44,30,0,0,0,2,3,8,0,0,2,2,14,3,1,0,0,0
game-550,550,"iron-hyena-pack-pressure","red-hunter-evolution",False,15,1,0,3,3,5,6,9,,1,0,1,0,0,0,1,1,0,0,0,0,2,0,2,0,0,0,1,3,0,8,0,4,0,0,"","red.ancestor.firsthunter",0,2,0,6,0,4,0,1,0,0,0,0,0,3,0,3,0,0,9,0,9,0,9,0,1,0,7,0,25,14,0,0,0,0,0,1,0,0,1,1,,3,1,1,0,0
game-551,551,"iron-hyena-pack-pressure","red-hunter-evolution",False,19,1,0,3,3,11,6,10,,1,0,1,0,0,0,2,1,1,0,0,0,2,2,2,2,0,1,0,1,0,10,0,5,0,0,"","red.ancestor.grandmother",0,1,0,4,0,6,3,2,0,0,0,0,3,2,2,2,0,0,12,0,11,0,11,0,3,0,6,0,31,18,0,0,0,3,2,2,0,0,1,1,14,3,1,1,0,0
game-552,552,"red-hunter-evolution","iron-hyena-pack-pressure",False,34,1,3,2,6,11,6,9,22,3,1,2,0,0,0,5,3,2,1,0,1,6,8,6,6,1,0,1,5,0,36,0,12,0,0,"","red.ancestor.grandmother",0,4,0,10,0,14,4,5,0,0,0,0,0,8,0,8,0,0,16,0,16,0,16,0,2,0,9,0,50,34,0,0,0,2,2,3,0,0,2,3,16,6,1,0,0,0
game-553,553,"iron-hyena-pack-pressure","red-hunter-evolution",False,17,1,1,3,3,5,6,11,,2,0,2,0,0,0,1,1,0,0,0,0,8,0,6,0,0,0,0,2,0,9,0,5,0,0,"","red.ancestor.grandmother",0,1,0,4,0,5,2,0,0,0,0,0,1,0,1,0,0,0,10,0,10,0,10,0,3,0,6,0,28,16,0,0,0,2,0,1,0,1,1,1,14,3,1,1,0,0
game-554,554,"red-hunter-evolution","iron-hyena-pack-pressure",False,34,1,3,2,3,9,6,9,32,4,1,3,0,0,0,4,3,1,1,0,1,8,6,8,6,1,0,0,8,0,26,0,12,0,0,"","red.ancestor.firsthunter",0,4,0,10,0,14,7,1,0,0,0,0,1,5,1,4,0,0,20,0,20,0,20,0,4,0,14,0,54,34,0,0,0,1,1,13,0,0,2,3,26,3,1,0,0,0
game-555,555,"iron-hyena-pack-pressure","red-hunter-evolution",False,19,1,0,3,3,9,6,8,,1,0,1,0,0,0,3,2,1,0,0,0,4,2,4,2,1,0,0,1,0,9,0,3,0,0,"","red.ancestor.firsthunter",0,1,0,4,0,6,0,1,0,0,0,0,0,4,0,4,0,0,9,0,9,0,9,0,0,0,6,0,29,18,0,0,0,3,3,2,0,0,1,1,,3,1,1,0,0
game-556,556,"red-hunter-evolution","iron-hyena-pack-pressure",False,24,1,3,2,3,18,6,5,16,2,1,1,0,0,0,2,2,0,1,0,1,2,2,2,2,0,0,1,4,0,11,0,6,0,0,"","red.ancestor.firsthunter",0,2,0,6,0,9,3,3,0,0,0,0,3,9,1,9,0,0,12,0,11,0,11,0,3,0,6,0,35,24,0,0,0,0,4,6,0,1,1,1,14,3,1,0,0,0
game-557,557,"iron-hyena-pack-pressure","red-hunter-evolution",False,21,1,1,3,3,11,10,10,,2,0,2,0,0,0,2,2,0,0,0,0,6,0,6,0,0,0,0,5,0,10,0,5,0,0,"","red.ancestor.firsthunter",0,1,0,4,0,5,3,1,0,0,0,0,3,5,2,5,0,0,12,0,11,0,11,0,3,0,7,0,33,20,0,0,0,2,2,2,0,0,1,1,6,3,1,1,0,0
game-558,558,"red-hunter-evolution","iron-hyena-pack-pressure",False,42,1,3,2,3,7,8,10,40,3,1,2,0,0,0,6,2,4,1,0,1,4,10,4,10,1,0,3,3,0,18,0,6,0,0,"","red.ancestor.firsthunter",0,2,0,6,0,17,9,1,0,0,0,0,2,3,2,3,0,0,18,0,18,0,18,0,2,0,15,0,60,42,0,0,0,2,1,15,0,0,3,4,30,3,1,0,0,0
game-559,559,"iron-hyena-pack-pressure","red-hunter-evolution",False,13,1,0,3,3,7,6,9,,2,0,2,0,0,0,0,0,0,0,0,0,4,0,4,0,0,0,0,3,0,4,0,2,0,0,"","red.ancestor.firsthunter",0,1,0,4,0,3,0,2,0,0,0,0,0,1,0,1,0,0,8,0,8,0,8,0,2,0,5,0,22,12,0,0,0,1,0,0,0,0,0,0,,3,1,1,0,0
game-560,560,"iron-hyena-pack-pressure","red-hunter-evolution",False,20,1,0,3,3,11,6,14,,2,1,1,0,0,0,2,2,0,0,0,0,4,0,4,0,0,0,1,3,0,12,0,5,0,0,"","red.ancestor.grandmother",0,1,0,4,0,7,3,4,0,0,0,0,4,0,2,0,0,0,10,0,10,0,10,0,4,0,8,0,30,20,1,0,0,3,1,2,0,0,1,1,18,3,1,1,0,0
game-561,561,"iron-hyena-pack-pressure","red-hunter-evolution",False,25,1,2,3,3,5,8,10,20,2,1,1,0,0,0,2,2,0,1,0,1,2,2,2,2,0,0,2,4,0,23,0,8,0,0,"","red.ancestor.firsthunter",0,1,0,4,0,8,4,1,0,0,0,0,0,9,0,8,0,0,9,0,9,0,9,0,1,0,9,0,35,24,0,0,0,1,1,5,0,0,1,2,6,3,1,1,0,0
game-562,562,"iron-hyena-pack-pressure","red-hunter-evolution",False,24,1,2,3,3,13,6,5,24,3,0,3,0,0,0,2,2,0,1,0,1,6,2,6,1,0,0,2,0,0,7,0,6,0,0,"","red.ancestor.firsthunter",0,2,0,6,0,9,3,4,0,0,0,0,5,5,3,5,0,0,13,0,13,0,13,0,6,0,8,0,37,24,0,0,0,1,1,4,0,2,1,2,12,3,1,1,0,0
game-563,563,"iron-hyena-pack-pressure","red-hunter-evolution",False,17,1,0,3,3,5,10,13,,1,0,1,0,0,0,0,0,0,0,0,0,4,0,4,0,0,0,0,0,0,4,0,2,0,0,"","red.ancestor.grandmother",0,1,0,4,0,3,0,2,0,0,0,0,0,2,0,2,0,0,10,0,10,0,10,0,4,0,6,0,28,16,0,0,0,3,0,0,0,0,1,1,,3,1,1,0,0
game-564,564,"red-hunter-evolution","iron-hyena-pack-pressure",False,32,1,3,2,3,7,8,10,20,3,1,2,0,0,0,4,2,2,1,0,1,6,6,6,6,1,1,1,2,0,21,0,10,0,0,"","red.ancestor.firsthunter",0,3,0,8,0,12,8,0,0,0,0,0,2,6,2,5,0,0,13,0,13,0,13,0,2,0,10,0,45,32,0,0,0,4,0,8,0,0,2,3,12,3,1,0,0,0
game-565,565,"red-hunter-evolution","iron-hyena-pack-pressure",False,34,1,3,1,3,9,8,16,34,2,1,1,0,0,0,5,1,4,1,0,1,4,14,4,12,3,2,2,8,0,20,0,10,0,0,"","red.ancestor.grandmother",0,4,0,10,0,13,7,3,1,0,0,0,1,6,1,5,0,0,18,0,18,0,18,0,2,0,12,0,52,34,0,0,0,1,1,9,0,0,2,3,18,3,1,0,0,0
game-566,566,"red-hunter-evolution","iron-hyena-pack-pressure",False,30,1,3,1,3,7,10,5,18,2,0,2,0,0,0,3,1,2,1,0,1,4,8,4,8,1,1,1,2,0,21,0,9,0,0,"","red.ancestor.firsthunter",0,2,0,6,0,10,7,1,0,0,0,0,0,0,0,0,0,0,12,0,12,0,12,0,1,0,10,0,42,30,0,0,0,2,0,9,0,0,2,3,16,3,1,0,0,0
game-567,567,"red-hunter-evolution","iron-hyena-pack-pressure",False,26,1,3,1,3,11,6,10,18,2,2,0,0,0,0,2,1,1,1,0,1,0,4,0,4,1,1,1,2,0,15,0,7,0,0,"","red.ancestor.firsthunter",0,3,0,8,0,10,5,1,0,0,0,0,0,1,0,1,0,0,9,0,9,0,9,0,0,0,7,0,35,26,0,0,0,0,1,8,0,0,1,2,10,3,1,0,0,0
game-568,568,"red-hunter-evolution","iron-hyena-pack-pressure",False,38,1,3,1,3,12,6,11,,3,2,1,0,0,0,3,0,3,0,0,0,2,8,2,8,2,1,2,1,0,32,0,13,0,0,"","red.ancestor.firsthunter",0,6,0,14,0,16,5,3,2,0,0,0,1,0,1,0,0,0,15,0,15,0,15,0,2,0,10,0,53,38,0,0,0,2,2,10,0,0,2,3,22,3,1,0,0,0
game-569,569,"iron-hyena-pack-pressure","red-hunter-evolution",False,25,1,1,3,3,7,6,7,16,4,1,3,0,0,0,2,2,0,1,0,1,8,2,8,2,1,0,0,4,0,24,0,9,0,0,"","red.ancestor.grandmother",0,1,0,4,0,9,2,1,0,0,0,0,0,0,0,0,0,0,12,0,12,0,12,0,2,0,9,0,38,24,0,0,0,0,1,2,0,0,1,2,14,3,1,1,0,0
game-570,570,"iron-hyena-pack-pressure","red-hunter-evolution",False,23,1,0,3,3,9,8,10,,2,1,1,0,0,0,4,3,1,0,0,0,2,2,2,2,1,2,1,1,0,16,0,6,0,0,"","red.ancestor.firsthunter",0,2,0,6,0,7,1,1,0,0,0,0,1,7,1,7,0,0,14,0,13,0,13,0,3,0,7,0,37,22,0,0,0,0,1,2,0,0,1,1,4,3,1,1,0,0
game-571,571,"iron-hyena-pack-pressure","red-hunter-evolution",False,21,1,1,3,3,7,10,11,16,2,1,1,0,0,0,2,2,0,1,0,1,4,2,4,2,1,0,0,3,0,12,0,5,0,0,"","red.ancestor.firsthunter",0,0,0,2,0,5,2,0,0,0,0,0,0,5,0,5,0,0,13,0,13,0,13,0,1,0,8,0,35,20,0,0,0,2,2,4,0,0,1,1,14,3,1,1,0,0
game-572,572,"iron-hyena-pack-pressure","red-hunter-evolution",False,13,1,0,3,3,7,8,11,,1,0,1,0,0,0,1,1,0,0,0,0,2,0,2,0,0,0,2,3,0,5,0,3,0,0,"","red.ancestor.grandmother",0,1,0,4,0,2,0,0,0,0,0,0,0,2,0,2,0,0,9,0,9,0,9,0,2,0,5,0,23,12,0,0,0,1,0,1,0,0,0,0,,3,1,1,0,0
game-573,573,"iron-hyena-pack-pressure","red-hunter-evolution",False,13,1,0,3,3,7,8,11,,1,0,1,0,0,0,0,0,0,0,0,0,4,0,4,0,0,0,0,0,0,4,0,2,0,0,"","red.ancestor.firsthunter",0,1,0,4,0,2,0,1,0,0,0,0,0,0,0,0,0,0,6,0,6,0,6,0,1,0,5,0,20,12,0,0,0,4,2,0,0,0,0,0,,3,1,1,0,0
game-574,574,"red-hunter-evolution","iron-hyena-pack-pressure",False,26,1,3,2,3,7,6,10,16,3,1,2,0,0,0,3,1,2,1,0,1,6,6,6,6,1,2,1,3,0,14,0,8,0,0,"","red.ancestor.firsthunter",0,3,0,8,0,10,6,1,0,0,0,0,2,10,2,7,0,0,11,0,11,0,11,0,2,0,7,0,37,26,0,0,0,1,0,6,0,1,1,2,14,3,1,0,0,0
game-575,575,"red-hunter-evolution","iron-hyena-pack-pressure",False,34,1,3,1,3,5,8,12,,3,3,0,0,0,0,5,4,1,0,0,0,0,2,0,2,0,1,5,5,0,33,0,11,0,0,"","red.ancestor.firsthunter",0,0,0,2,0,13,8,0,0,0,0,0,0,1,0,1,0,0,12,0,12,0,12,0,0,0,10,0,46,34,0,0,0,2,1,15,0,0,2,3,18,3,1,0,0,0
game-576,576,"iron-hyena-pack-pressure","red-hunter-evolution",False,13,1,0,3,3,9,6,5,,1,0,1,0,0,0,0,0,0,0,0,0,2,0,2,0,0,0,0,0,0,4,0,2,0,0,"","red.ancestor.grandmother",0,1,0,4,0,3,0,3,0,0,0,0,0,1,0,1,0,0,7,0,7,0,7,0,1,0,5,0,21,12,0,0,0,1,0,0,0,0,0,0,,3,1,1,0,0
game-577,577,"iron-hyena-pack-pressure","red-hunter-evolution",False,19,1,2,3,3,7,8,10,,2,1,1,0,0,0,2,1,1,0,0,0,6,2,4,2,1,0,0,3,0,11,0,5,0,0,"","red.ancestor.firsthunter",0,0,0,2,0,5,4,0,0,0,0,0,2,3,1,2,0,0,12,0,12,0,12,0,5,0,6,0,32,18,0,0,0,0,1,2,0,1,1,1,12,3,1,1,0,0
game-578,578,"iron-hyena-pack-pressure","red-hunter-evolution",False,18,1,0,3,3,7,6,12,,2,1,1,0,0,0,2,2,0,0,0,0,6,0,4,0,0,0,1,4,0,5,0,3,0,0,"","red.ancestor.grandmother",0,2,0,6,0,6,0,3,0,0,0,0,0,7,0,6,0,0,12,0,12,0,12,0,0,0,6,0,30,18,0,0,0,1,2,2,0,0,1,1,,3,1,1,0,0
game-579,579,"red-hunter-evolution","iron-hyena-pack-pressure",False,42,1,3,1,3,12,6,14,36,4,1,3,0,0,0,7,2,5,1,0,1,8,12,8,12,0,1,3,6,0,49,0,17,0,0,"","red.ancestor.firsthunter",0,4,0,10,0,18,6,3,0,0,0,0,1,8,1,8,0,0,22,0,22,0,22,0,3,0,15,0,64,42,0,0,0,4,3,16,0,1,3,4,30,3,1,0,0,0
game-580,580,"iron-hyena-pack-pressure","red-hunter-evolution",False,20,1,0,3,3,9,6,10,,2,1,1,0,0,0,1,1,0,0,0,0,2,0,2,0,1,0,1,0,0,18,0,8,0,0,"","red.ancestor.grandmother",0,3,0,8,0,7,0,4,0,0,0,0,1,2,1,2,0,0,9,0,9,0,9,0,1,0,6,0,29,20,0,0,0,1,1,2,0,0,1,1,,3,1,1,0,0
game-581,581,"iron-hyena-pack-pressure","red-hunter-evolution",False,21,1,2,3,3,7,8,10,16,3,0,3,0,0,0,2,2,0,1,0,1,12,2,9,2,1,0,0,4,0,10,0,5,0,0,"","red.ancestor.firsthunter",0,1,0,4,0,6,2,0,2,0,0,0,5,2,2,1,0,0,13,0,12,0,12,0,6,0,7,0,34,20,0,0,0,1,1,1,0,1,1,1,4,3,1,1,0,0
game-582,582,"iron-hyena-pack-pressure","red-hunter-evolution",False,15,1,0,3,3,5,6,10,,1,0,1,0,0,0,2,1,1,0,0,0,4,2,4,2,0,0,0,2,0,10,0,4,0,0,"","red.ancestor.firsthunter",0,0,0,2,0,4,1,0,0,0,0,0,1,3,1,3,0,0,7,0,7,0,7,0,0,0,6,0,23,14,0,0,0,1,1,3,0,0,1,1,,3,1,1,0,0
game-583,583,"iron-hyena-pack-pressure","red-hunter-evolution",False,21,1,0,3,3,7,8,5,,2,1,1,0,0,0,2,2,0,0,0,0,2,0,2,0,0,0,2,6,0,18,0,6,0,0,"","red.ancestor.firsthunter",0,2,0,6,0,6,0,1,0,0,0,0,0,2,0,2,0,0,11,0,11,0,11,0,2,0,6,0,33,20,0,0,0,2,1,1,0,0,1,1,,3,1,1,0,0
game-584,584,"red-hunter-evolution","iron-hyena-pack-pressure",False,24,1,3,2,3,9,8,5,22,2,1,1,0,0,0,2,2,0,1,0,1,2,2,2,2,1,0,2,6,0,10,0,5,0,0,"","red.ancestor.firsthunter",0,2,0,6,0,8,5,1,0,0,0,0,0,11,0,8,0,0,12,0,12,0,12,0,3,0,8,0,36,24,0,0,0,1,1,6,0,0,1,2,12,3,1,0,0,0
game-585,585,"iron-hyena-pack-pressure","red-hunter-evolution",False,15,1,0,3,3,7,10,9,,2,0,2,0,0,0,0,0,0,0,0,0,6,0,6,0,0,0,0,0,0,4,0,2,0,0,"","red.ancestor.firsthunter",0,0,0,2,0,2,0,0,0,0,0,0,0,0,0,0,0,0,9,0,9,0,9,0,3,0,6,0,25,14,0,0,0,3,1,0,0,0,1,1,,3,1,1,0,0
game-586,586,"iron-hyena-pack-pressure","red-hunter-evolution",False,17,1,0,3,3,5,6,10,,0,0,0,0,0,0,1,1,0,0,0,0,0,0,0,0,0,0,0,1,0,10,0,5,0,0,"","red.ancestor.firsthunter",0,3,0,8,0,5,0,2,0,0,0,0,0,2,0,2,0,0,6,0,6,0,6,0,0,0,4,0,24,16,0,0,0,2,1,1,0,0,1,1,,3,1,1,0,0
game-587,587,"red-hunter-evolution","iron-hyena-pack-pressure",False,34,1,3,2,3,5,8,8,30,3,1,2,0,0,0,5,1,4,1,0,1,10,14,8,12,0,1,1,7,0,28,0,10,0,0,"","red.ancestor.firsthunter",0,0,0,2,0,13,6,0,0,0,0,0,0,2,0,2,0,0,15,0,15,0,15,0,2,0,12,0,49,34,0,0,0,1,2,11,0,0,2,2,16,3,1,0,0,0
game-588,588,"iron-hyena-pack-pressure","red-hunter-evolution",False,25,1,2,3,3,9,6,13,24,1,1,0,0,0,0,2,2,0,1,0,1,0,2,0,2,0,0,2,6,0,21,0,7,0,0,"","red.ancestor.firsthunter",0,0,0,2,0,9,4,0,0,0,0,0,1,10,1,7,0,0,12,0,12,0,12,0,2,0,9,0,38,24,1,0,0,0,1,4,0,1,1,1,18,3,1,1,0,0
game-589,589,"red-hunter-evolution","iron-hyena-pack-pressure",False,32,1,3,2,3,7,6,9,,3,1,2,0,0,0,3,2,1,0,0,0,4,2,4,2,0,0,3,3,0,24,0,11,0,0,"","red.ancestor.grandmother",0,4,0,10,0,13,6,2,0,0,0,0,1,0,1,0,0,0,13,0,13,0,13,0,2,0,11,0,45,32,0,0,0,2,2,10,0,0,2,3,12,3,1,0,0,0
game-590,590,"iron-hyena-pack-pressure","red-hunter-evolution",False,17,1,0,3,3,5,6,10,,1,0,1,0,0,0,1,1,0,0,0,0,2,0,2,0,0,0,0,0,0,14,0,5,0,0,"","red.ancestor.firsthunter",0,2,0,6,0,5,0,3,0,0,0,0,0,2,0,2,0,0,10,0,10,0,10,0,2,0,6,0,28,16,0,0,0,1,3,2,0,0,1,1,,3,1,1,0,0
game-591,591,"iron-hyena-pack-pressure","red-hunter-evolution",False,19,1,0,3,3,9,6,9,,2,1,1,0,0,0,2,2,0,0,0,0,4,0,3,0,0,0,2,5,0,9,0,5,0,0,"","red.ancestor.firsthunter",0,3,0,8,0,6,0,2,0,0,0,0,0,4,0,4,0,0,10,0,10,0,10,0,2,0,7,0,30,18,0,0,0,0,1,1,0,0,1,1,,3,1,1,0,0
game-592,592,"red-hunter-evolution","iron-hyena-pack-pressure",False,30,1,3,1,3,11,6,12,18,2,1,1,0,0,0,4,3,1,1,0,1,2,4,2,4,1,0,0,10,0,18,0,11,0,0,"","red.ancestor.firsthunter",0,6,0,14,0,12,6,3,1,0,0,0,1,5,0,5,1,0,14,0,14,0,14,0,1,0,10,0,44,30,0,0,0,1,0,9,0,0,2,2,10,3,1,0,0,0
game-593,593,"iron-hyena-pack-pressure","red-hunter-evolution",False,37,1,2,3,3,11,6,11,32,4,2,2,0,0,0,4,2,2,1,0,1,6,6,4,6,1,1,1,4,0,21,0,10,0,0,"","red.ancestor.grandmother",0,4,0,10,0,15,6,8,0,0,0,0,0,11,0,9,0,0,22,0,22,0,22,0,2,0,12,0,60,36,0,0,0,1,1,14,0,0,2,3,14,3,1,1,0,0
game-594,594,"red-hunter-evolution","iron-hyena-pack-pressure",False,28,1,3,0,3,24,6,19,,2,2,0,0,0,0,2,0,2,0,0,0,0,4,0,4,1,2,1,0,0,28,0,8,0,0,"","red.ancestor.firsthunter",0,0,0,2,0,11,6,0,0,0,0,0,0,0,0,0,0,0,10,0,10,0,10,0,0,0,6,0,38,28,0,0,0,2,1,14,0,0,2,2,22,3,1,0,0,0
game-595,595,"iron-hyena-pack-pressure","red-hunter-evolution",False,25,1,2,3,3,7,10,7,,3,2,1,0,0,0,3,1,2,0,0,0,4,6,4,6,1,0,1,2,0,11,0,4,0,0,"","red.ancestor.grandmother",0,1,0,4,0,7,2,4,0,0,0,0,1,6,1,5,0,0,22,0,21,0,21,0,4,0,11,0,47,24,0,0,0,3,2,6,0,0,1,2,10,3,1,1,0,0
game-596,596,"red-hunter-evolution","iron-hyena-pack-pressure",False,32,1,3,2,3,9,6,10,,2,1,1,0,0,0,4,2,2,0,0,0,2,8,2,4,0,1,1,5,0,4,0,2,0,0,"","red.ancestor.grandmother",0,1,0,4,0,13,8,2,0,0,0,0,1,2,1,2,0,0,25,0,25,0,25,0,5,0,15,0,57,32,0,0,0,1,2,14,0,0,2,3,20,3,1,0,0,0
game-597,597,"iron-hyena-pack-pressure","red-hunter-evolution",False,15,1,0,3,3,5,8,11,,1,0,1,0,0,0,0,0,0,0,0,0,2,0,2,0,0,0,0,0,0,5,0,3,0,0,"","red.ancestor.firsthunter",0,1,0,4,0,3,0,0,0,0,0,0,0,1,0,1,0,0,8,0,8,0,8,0,3,0,5,0,24,14,0,0,0,0,1,1,0,0,1,1,6,3,1,1,0,0
game-598,598,"red-hunter-evolution","iron-hyena-pack-pressure",False,28,1,3,1,3,7,6,14,18,2,2,0,0,0,0,2,2,0,1,0,1,0,2,0,2,0,1,2,3,0,24,0,9,0,0,"","red.ancestor.firsthunter",0,2,0,6,0,11,6,1,0,0,0,0,0,7,0,5,0,0,10,0,10,0,10,0,0,0,8,0,38,28,0,0,0,1,1,9,0,0,2,2,16,3,1,0,0,0
game-599,599,"red-hunter-evolution","iron-hyena-pack-pressure",False,20,1,3,1,3,7,8,8,16,1,1,0,0,0,0,2,1,1,1,0,1,0,6,0,6,0,0,3,5,0,4,0,3,0,0,"","red.ancestor.firsthunter",0,0,0,2,0,6,7,0,0,0,0,0,0,11,0,6,0,0,8,0,8,0,8,0,2,0,6,0,28,20,0,0,0,2,1,5,0,0,1,1,10,3,1,0,0,0
game-600,600,"red-hunter-evolution","iron-hyena-pack-pressure",False,32,1,3,2,3,7,6,9,24,1,0,1,0,0,0,4,1,3,1,0,1,4,12,3,11,0,0,1,2,0,19,0,7,0,0,"","red.ancestor.grandmother",0,3,0,8,0,13,6,4,0,0,0,0,0,0,0,0,0,0,15,0,15,0,15,0,2,0,11,0,47,32,0,0,0,3,3,14,0,0,2,3,20,3,1,0,0,0
game-601,601,"iron-hyena-pack-pressure","red-hunter-evolution",False,21,1,0,3,3,11,6,12,,1,0,1,0,0,0,3,3,0,0,0,0,8,0,4,0,0,0,0,9,0,12,0,6,0,0,"","red.ancestor.firsthunter",0,4,0,10,0,7,1,3,0,0,0,0,0,6,0,5,0,0,7,0,7,0,7,0,0,0,6,0,29,20,0,0,0,2,1,1,0,0,1,1,18,3,1,1,0,0
game-602,602,"iron-hyena-pack-pressure","red-hunter-evolution",False,15,1,0,3,3,7,8,8,,1,0,1,0,0,0,2,1,1,0,0,0,2,2,2,2,0,0,1,2,0,4,0,2,0,0,"","red.ancestor.firsthunter",0,0,0,2,0,3,0,0,0,0,0,0,0,3,0,3,0,0,7,0,7,0,7,0,0,0,5,0,23,14,0,0,0,2,1,2,0,0,1,1,,3,1,1,0,0
game-603,603,"iron-hyena-pack-pressure","red-hunter-evolution",False,25,1,1,3,3,9,8,10,16,2,1,1,0,0,0,2,2,0,1,0,1,4,2,3,2,1,0,0,7,0,16,0,7,0,0,"","red.ancestor.firsthunter",0,2,0,6,0,8,2,1,0,0,0,0,0,8,0,6,0,0,12,0,11,0,11,0,2,0,7,0,37,24,0,0,0,2,0,2,0,0,2,2,12,3,1,1,0,0
game-604,604,"iron-hyena-pack-pressure","red-hunter-evolution",False,21,1,0,3,3,7,6,9,18,1,0,1,0,0,0,1,1,0,1,0,1,4,2,4,2,0,0,0,7,0,22,0,8,0,0,"","red.ancestor.grandmother",0,1,0,4,0,7,1,2,0,0,0,0,0,3,0,3,0,0,8,0,8,0,8,0,2,0,7,0,30,20,0,0,0,0,1,2,0,0,1,1,16,3,1,1,0,0
game-605,605,"iron-hyena-pack-pressure","red-hunter-evolution",False,13,1,0,3,3,10,6,7,,1,0,1,0,0,0,0,0,0,0,0,0,2,0,2,0,0,0,0,3,0,8,0,3,0,0,"","red.ancestor.firsthunter",0,1,0,4,0,3,0,0,0,0,0,0,0,0,0,0,0,0,7,0,7,0,7,0,1,0,6,0,21,12,0,0,0,1,1,0,0,0,0,0,,3,1,1,0,0
game-606,606,"iron-hyena-pack-pressure","red-hunter-evolution",False,21,1,0,3,3,5,6,9,,2,1,1,0,0,0,3,3,0,0,0,0,2,0,2,0,2,0,0,6,0,9,0,5,0,0,"","red.ancestor.grandmother",0,3,0,8,0,7,0,2,0,0,0,0,0,6,0,6,0,0,13,0,13,0,13,0,2,0,10,0,35,20,0,0,0,1,0,2,0,0,1,1,,3,1,1,0,0
game-607,607,"iron-hyena-pack-pressure","red-hunter-evolution",False,37,1,2,3,3,7,6,14,32,4,4,0,0,0,0,5,3,2,1,0,1,0,8,0,8,0,0,4,4,0,29,0,11,0,0,"","red.ancestor.grandmother",0,4,0,10,0,15,5,3,0,0,0,0,2,8,2,8,0,0,25,0,25,0,25,0,3,0,16,0,63,36,0,0,0,3,2,15,0,1,2,3,16,3,1,1,0,0
game-608,608,"iron-hyena-pack-pressure","red-hunter-evolution",False,29,1,1,3,3,9,8,11,28,4,1,3,0,0,0,4,3,1,1,0,1,6,4,5,4,0,1,1,2,0,23,0,9,0,0,"","red.ancestor.firsthunter",0,2,0,6,0,10,2,2,0,0,0,0,1,9,1,6,0,0,13,0,13,0,13,0,3,0,9,0,43,28,0,0,0,2,1,7,0,0,2,2,26,3,1,1,0,0
game-609,609,"iron-hyena-pack-pressure","red-hunter-evolution",False,27,1,2,3,3,7,8,7,24,3,1,2,0,0,0,2,1,1,1,0,1,4,8,4,6,1,0,0,1,0,21,0,8,0,0,"","red.ancestor.firsthunter",0,2,0,6,0,9,3,0,2,0,0,0,0,9,0,5,0,0,15,0,15,0,15,0,2,0,10,0,43,26,0,0,0,2,0,4,0,0,2,2,12,3,1,1,0,0
game-610,610,"iron-hyena-pack-pressure","red-hunter-evolution",False,13,1,0,3,3,7,6,13,,1,0,1,0,0,0,0,0,0,0,0,0,4,0,3,0,0,0,0,0,0,5,0,2,0,0,"","red.ancestor.firsthunter",0,1,0,4,0,3,0,3,0,0,0,0,0,0,0,0,0,0,3,0,3,0,3,0,0,0,2,0,17,12,1,0,0,0,2,0,0,0,0,0,,3,1,1,0,0
game-611,611,"iron-hyena-pack-pressure","red-hunter-evolution",False,21,1,0,3,3,9,6,9,,2,0,2,0,0,0,2,2,0,0,0,0,8,0,8,0,0,0,0,7,0,16,0,7,0,0,"","red.ancestor.grandmother",0,3,0,8,0,7,0,4,0,0,0,0,0,4,0,4,0,0,10,0,10,0,10,0,3,0,7,0,32,20,0,0,0,3,0,0,0,0,1,1,,3,1,1,0,0
game-612,612,"iron-hyena-pack-pressure","red-hunter-evolution",False,21,1,1,3,3,9,8,12,16,1,0,1,0,0,0,2,1,1,1,0,1,4,4,4,4,0,2,0,4,0,16,0,6,0,0,"","red.ancestor.firsthunter",0,0,0,2,0,6,3,0,0,0,0,0,1,5,1,4,0,0,9,0,9,0,9,0,2,0,5,0,31,20,0,0,0,1,0,2,0,1,1,1,14,3,1,1,0,0
game-613,613,"iron-hyena-pack-pressure","red-hunter-evolution",False,21,1,0,3,3,11,6,5,,3,0,3,0,0,0,1,1,0,0,0,0,6,0,6,0,0,0,1,1,0,11,0,5,0,0,"","red.ancestor.grandmother",0,3,0,8,0,7,0,3,0,0,0,0,0,1,0,1,0,0,12,0,12,0,12,0,3,0,8,0,34,20,0,0,0,2,0,1,0,0,1,1,,3,1,1,0,0
game-614,614,"iron-hyena-pack-pressure","red-hunter-evolution",False,19,1,0,3,3,5,6,10,,0,0,0,0,0,0,3,3,0,0,0,0,0,0,0,0,1,0,0,5,0,11,0,5,0,0,"","red.ancestor.firsthunter",0,2,0,6,0,6,0,2,0,0,0,0,0,5,0,5,0,0,8,0,8,0,8,0,1,0,7,0,28,18,0,0,0,2,0,1,0,0,1,1,,3,1,1,0,0
game-615,615,"iron-hyena-pack-pressure","red-hunter-evolution",False,19,1,0,3,3,13,6,12,,2,0,2,0,0,0,1,1,0,0,0,0,6,0,5,0,0,0,1,3,0,7,0,4,0,0,"","red.ancestor.firsthunter",0,2,0,6,0,6,0,3,0,0,0,0,7,1,2,1,0,0,7,0,7,0,7,0,4,0,5,0,27,18,0,0,0,2,1,2,0,0,1,1,16,3,1,1,0,0
game-616,616,"red-hunter-evolution","iron-hyena-pack-pressure",False,32,1,3,2,3,7,6,5,22,3,1,2,0,0,0,5,3,2,1,0,1,6,8,6,8,0,2,1,2,0,30,0,12,0,0,"","red.ancestor.firsthunter",0,6,0,14,0,13,5,4,2,0,0,0,3,16,2,10,0,0,18,0,18,0,18,0,4,0,13,0,50,32,0,0,0,1,0,8,0,1,2,3,18,3,1,0,0,0
game-617,617,"iron-hyena-pack-pressure","red-hunter-evolution",False,19,1,0,3,3,11,6,5,,3,1,2,0,0,0,2,2,0,0,0,0,4,0,4,0,1,0,0,5,0,19,0,7,0,0,"","red.ancestor.grandmother",0,1,0,4,0,6,0,3,0,0,0,0,0,3,0,3,0,0,16,0,15,0,15,0,4,0,8,0,35,18,0,0,0,0,1,0,0,0,1,1,,3,1,1,0,0
game-618,618,"red-hunter-evolution","iron-hyena-pack-pressure",False,32,1,3,1,3,7,6,9,30,4,3,1,0,0,0,3,2,1,1,0,1,4,4,3,4,2,0,1,4,0,28,0,10,0,0,"","red.ancestor.firsthunter",0,4,0,10,0,13,7,2,0,0,0,0,0,4,0,3,0,0,16,0,16,0,16,0,1,0,11,0,48,32,0,0,0,0,2,14,0,0,2,3,14,3,1,0,0,0
game-619,619,"red-hunter-evolution","iron-hyena-pack-pressure",False,34,1,3,1,3,11,8,5,24,3,1,2,0,0,0,4,0,4,1,0,1,4,12,4,10,2,1,0,1,0,11,0,4,0,0,"","red.ancestor.grandmother",0,1,0,4,0,13,7,2,0,0,0,0,0,1,0,1,0,0,15,0,15,0,15,0,2,0,11,0,49,34,0,0,0,1,3,15,0,0,2,3,18,3,1,0,0,0
game-620,620,"iron-hyena-pack-pressure","red-hunter-evolution",False,15,1,0,3,3,7,8,14,,1,0,1,0,0,0,1,1,0,0,0,0,4,0,2,0,1,0,0,2,0,15,0,4,0,0,"","red.ancestor.firsthunter",0,0,0,2,0,3,0,0,0,0,0,0,0,2,0,2,0,0,10,0,10,0,10,0,0,0,6,0,26,14,0,0,0,0,2,1,0,0,1,1,,3,1,1,0,0
game-621,621,"red-hunter-evolution","iron-hyena-pack-pressure",False,22,1,3,1,3,11,8,12,16,1,1,0,0,0,0,2,2,0,1,0,1,0,2,0,2,0,0,6,3,0,10,0,4,0,0,"","red.ancestor.firsthunter",0,1,0,4,0,7,1,5,0,0,0,0,0,8,0,6,0,0,8,0,8,0,8,0,1,0,7,0,30,22,0,0,0,1,0,3,0,0,1,1,14,3,1,0,0,0
game-622,622,"iron-hyena-pack-pressure","red-hunter-evolution",False,33,1,0,3,3,19,8,12,,4,1,3,0,0,0,4,2,2,0,0,0,8,4,8,4,2,1,3,6,0,30,0,11,0,0,"","red.ancestor.grandmother",0,1,0,4,0,12,2,1,0,0,0,0,2,11,2,10,0,0,16,0,16,0,16,0,2,0,13,0,50,32,0,0,0,3,1,8,0,0,2,3,4,3,1,1,0,0
