game_id,seed,winner,loser,timeout,turn_count,phase_count,final_red_shrines_broken,final_iron_shrines_broken,first_shrine_damage_turn,first_shrine_break_turn,first_ancestor_awakened_turn,first_l2_turn,first_l3_turn,red_l2_entered_battlefield,red_l2_hard_cast,red_l2_evolved,red_l3_entered_battlefield,red_l3_hard_cast,red_l3_evolved,iron_l2_entered_battlefield,iron_l2_hard_cast,iron_l2_evolved,iron_l3_entered_battlefield,iron_l3_hard_cast,iron_l3_evolved,legal_evolve_actions_generated_red,legal_evolve_actions_generated_iron,evolve_actions_chosen_red,evolve_actions_chosen_iron,hard_cast_chosen_while_legal_evolve_action_exists_red,hard_cast_chosen_while_legal_evolve_action_exists_iron,hard_cast_chosen_while_evolution_base_exists_red,hard_cast_chosen_while_evolution_base_exists_iron,legal_awaken_actions_generated_red,legal_awaken_actions_generated_iron,awaken_actions_chosen_red,awaken_actions_chosen_iron,awaken_actions_skipped_while_legal_red,awaken_actions_skipped_while_legal_iron,first_awakened_ancestor_red,first_awakened_ancestor_iron,ancestor_switches_red,ancestor_switches_iron,memory_spent_on_ancestors_red,memory_spent_on_ancestors_iron,turns_with_awakened_ancestor_red,turns_with_awakened_ancestor_iron,first_hunter_bonus_damage,grandmother_healing_done,child_draw_discard_triggers,iron_hyena_ancestor_bonus_damage,smith_offering_discount_saved,tooth_mother_bonus_damage,legal_block_options_red,legal_block_options_iron,blocks_chosen_red,blocks_chosen_iron,blocks_declined_red,blocks_declined_iron,pack_units_ready_at_combat_start_red,pack_units_ready_at_combat_start_iron,pack_assault_slots_generated_red,pack_assault_slots_generated_iron,pack_assault_slots_available_red,pack_assault_slots_available_iron,pack_assault_slots_skipped_red,pack_assault_slots_skipped_iron,turns_with_pack_bonus_red,turns_with_pack_bonus_iron,max_attacks_available_this_combat_red,max_attacks_available_this_combat_iron,attacks_prevented_by_assault_limit_red,attacks_prevented_by_assault_limit_iron,prepared_tactics_triggered_red,prepared_tactics_triggered_iron,wounded_events_red,wounded_events_iron,pierce_overflow_events_red,pierce_overflow_events_iron,deck_reshuffles_red,deck_reshuffles_iron,first_shrine_damage_turn_red,first_shrine_damage_turn_iron,wins_in_odd_phase,winner_was_first_player_in_final_phase,shrine_damage_dealt_during_double_turn_red,shrine_damage_dealt_during_double_turn_iron
game-123,123,"red-hunter-evolution","iron-hyena-pack-pressure",False,33,9,0,3,4,25,5,5,,4,2,2,0,0,0,4,1,3,0,0,0,6,8,6,8,2,0,7,2,14,1,8,1,0,0,"red.ancestor.firsthunter","iron.ancestor.firstpack",6,0,14,2,14,13,5,5,0,0,0,0,5,1,3,1,0,0,0,17,0,17,0,17,0,4,0,12,34,49,0,0,1,0,13,6,0,0,3,2,4,19,1,1,27,14
game-124,124,"iron-hyena-pack-pressure","red-hunter-evolution",False,17,5,3,0,4,12,5,5,,2,1,1,0,0,0,3,1,2,0,0,0,2,6,1,6,1,1,0,0,5,4,3,3,0,0,"red.ancestor.grandmother","iron.ancestor.firstpack",1,2,4,6,6,5,3,2,0,0,2,0,2,4,2,2,0,0,0,13,0,12,0,12,0,4,0,6,18,28,0,0,1,0,2,1,0,0,1,1,4,11,1,0,0,22
game-125,125,"iron-hyena-pack-pressure","red-hunter-evolution",False,23,6,3,1,4,13,6,9,16,2,1,1,1,0,1,2,0,2,0,0,0,6,6,6,6,1,0,5,0,15,4,7,3,0,0,"red.ancestor.firsthunter","iron.ancestor.firstpack",0,0,2,2,8,5,5,0,0,0,0,0,4,4,4,2,0,0,0,13,0,13,0,13,0,4,0,6,22,37,0,0,0,0,6,0,0,0,1,1,4,11,0,1,10,19
game-126,126,"iron-hyena-pack-pressure","red-hunter-evolution",False,15,4,3,0,4,5,5,10,,1,1,0,0,0,0,1,0,1,0,0,0,0,2,0,2,0,0,1,0,9,4,3,2,0,0,"red.ancestor.firsthunter","iron.ancestor.firstpack",0,0,2,2,4,5,0,0,0,0,0,0,2,0,2,0,0,0,0,8,0,8,0,8,0,1,0,6,14,24,0,0,0,0,3,2,0,0,1,1,4,,0,1,0,11
game-127,127,"red-hunter-evolution","iron-hyena-pack-pressure",False,30,8,1,3,4,12,7,5,24,2,0,2,1,0,1,3,1,2,0,0,0,6,6,6,6,1,0,0,0,21,11,7,8,0,0,"red.ancestor.grandmother","iron.ancestor.firstpack",3,0,8,2,11,11,7,2,0,0,0,0,0,1,0,1,0,0,0,12,0,12,0,12,0,2,0,10,30,42,0,0,1,0,10,1,1,0,2,2,4,19,0,0,12,24
game-128,128,"iron-hyena-pack-pressure","red-hunter-evolution",False,23,6,3,1,4,7,8,9,19,3,2,1,1,0,1,2,0,2,0,0,0,4,10,4,6,0,1,8,1,14,3,6,2,0,0,"red.ancestor.firsthunter","iron.ancestor.firstpack",1,1,4,4,7,5,4,1,0,0,1,0,6,4,3,3,0,0,0,12,0,12,0,12,0,4,0,7,22,36,0,0,1,0,4,0,1,0,1,1,4,17,0,1,5,13
game-129,129,"iron-hyena-pack-pressure","red-hunter-evolution",False,23,6,3,0,4,13,6,10,,3,1,2,0,0,0,3,1,2,0,0,0,4,6,4,4,0,1,6,1,15,6,6,4,0,0,"red.ancestor.firsthunter","iron.ancestor.firstpack",2,0,6,2,8,5,1,0,0,0,0,0,6,0,6,0,0,0,0,13,0,12,0,12,0,3,0,6,22,36,0,0,2,0,4,0,0,0,1,1,4,17,0,1,3,17
game-130,130,"iron-hyena-pack-pressure","red-hunter-evolution",False,34,9,3,2,4,5,5,9,,5,1,4,0,0,0,3,2,1,0,0,0,12,4,12,4,1,2,3,2,26,9,11,6,0,0,"red.ancestor.firsthunter","iron.ancestor.firstpack",3,1,8,4,13,14,7,4,0,0,2,0,5,2,5,1,0,1,0,21,0,19,0,19,0,1,0,11,34,53,0,0,3,0,10,2,0,0,3,2,4,11,1,0,14,23
game-131,131,"red-hunter-evolution","iron-hyena-pack-pressure",False,32,8,2,3,4,5,5,11,22,5,3,2,1,0,1,2,1,1,0,0,0,6,2,6,2,2,2,9,0,23,17,9,11,0,0,"red.ancestor.firsthunter","iron.ancestor.firstpack",3,0,8,2,12,13,6,0,0,0,0,0,4,1,4,0,0,1,0,18,0,18,0,18,0,1,0,13,32,50,0,0,3,0,11,1,0,0,3,2,4,19,0,0,15,23
game-132,132,"iron-hyena-pack-pressure","red-hunter-evolution",False,29,8,3,1,4,10,5,5,16,2,1,1,1,0,1,2,1,1,0,0,0,6,2,6,2,0,1,2,1,28,11,12,8,0,0,"red.ancestor.firsthunter","iron.ancestor.firstpack",2,2,6,6,11,12,3,1,0,0,1,0,7,2,6,1,0,0,0,14,0,14,0,14,0,1,0,10,28,44,0,0,3,0,4,0,0,0,2,2,4,14,0,1,10,28
game-133,133,"iron-hyena-pack-pressure","red-hunter-evolution",False,20,5,3,0,3,15,8,11,,2,2,0,0,0,0,0,0,0,0,0,0,0,0,0,0,0,0,4,0,13,6,5,3,0,0,"red.ancestor.grandmother","iron.ancestor.firstpack",1,0,4,2,6,3,0,2,0,0,0,0,11,0,5,0,0,0,0,13,0,12,0,12,0,2,0,5,20,32,0,0,3,0,0,0,0,0,1,1,4,3,1,0,0,23
game-134,134,"iron-hyena-pack-pressure","red-hunter-evolution",False,21,6,3,0,4,5,6,11,,3,2,1,0,0,0,2,2,0,0,0,0,2,0,2,0,1,1,6,4,26,8,8,6,0,0,"red.ancestor.firsthunter","iron.ancestor.firstpack",1,0,4,2,7,5,0,2,0,0,0,0,6,0,6,0,0,0,0,14,0,14,0,14,0,4,0,8,20,36,0,0,1,0,2,0,0,0,1,1,4,,0,1,0,35
game-135,135,"iron-hyena-pack-pressure","red-hunter-evolution",False,15,4,3,0,5,7,6,10,,2,2,0,0,0,0,1,0,1,0,0,0,0,2,0,2,0,0,6,0,5,5,3,4,0,0,"red.ancestor.firsthunter","iron.ancestor.firstpack",2,2,6,6,4,4,0,0,0,0,1,0,2,0,2,0,0,0,0,10,0,10,0,10,0,3,0,6,14,26,0,0,0,0,0,0,0,0,1,1,5,,0,1,0,11
game-136,136,"red-hunter-evolution","iron-hyena-pack-pressure",False,19,5,1,3,4,11,5,9,14,3,2,1,1,0,1,1,0,1,0,0,0,4,2,4,2,0,0,7,0,8,3,4,2,0,0,"red.ancestor.firsthunter","iron.ancestor.firstpack",1,0,4,2,7,6,4,2,0,0,0,0,6,0,4,0,0,0,0,6,0,6,0,6,0,1,0,4,20,24,0,0,1,0,2,0,0,0,1,1,4,9,1,1,16,9
game-137,137,"red-hunter-evolution","iron-hyena-pack-pressure",False,40,10,1,3,5,7,6,15,,6,3,3,0,0,0,3,2,1,0,0,0,18,2,12,2,0,0,6,6,30,2,12,1,0,0,"red.ancestor.grandmother","iron.ancestor.firstpack",4,0,10,2,17,16,5,5,0,0,0,0,3,1,3,1,0,0,0,24,0,24,0,24,0,5,0,13,40,64,0,0,3,0,17,0,0,0,4,3,5,17,0,0,17,11
game-138,138,"red-hunter-evolution","iron-hyena-pack-pressure",False,43,11,1,3,4,5,6,13,30,7,3,4,1,0,1,5,4,1,0,0,0,18,2,16,2,2,1,8,2,36,4,15,3,0,0,"red.ancestor.firsthunter","iron.ancestor.firstpack",5,1,12,4,19,14,7,0,1,0,4,0,11,4,7,2,0,2,0,23,0,23,0,23,0,3,0,14,44,65,0,1,2,0,20,2,0,1,4,3,4,25,1,1,21,18
game-139,139,"iron-hyena-pack-pressure","red-hunter-evolution",False,21,6,3,0,4,5,5,13,,1,1,0,0,0,0,1,0,1,0,0,0,0,4,0,4,0,1,4,1,17,6,6,4,0,0,"red.ancestor.firsthunter","iron.ancestor.firstpack",3,0,8,2,5,8,0,1,1,0,0,0,3,0,3,0,0,0,0,11,0,11,0,11,0,3,0,7,20,33,0,0,1,0,1,0,0,0,1,1,4,,0,1,0,33
game-140,140,"red-hunter-evolution","iron-hyena-pack-pressure",False,33,9,0,3,4,19,6,10,17,5,4,1,1,0,1,3,2,1,0,0,0,4,4,4,4,0,0,3,2,26,0,11,0,0,0,"red.ancestor.grandmother","",4,0,10,0,14,0,4,5,0,0,0,0,7,0,4,0,0,0,0,11,0,11,0,11,0,1,0,7,34,43,0,1,1,0,9,1,0,0,3,2,4,16,1,1,31,12
game-141,141,"iron-hyena-pack-pressure","red-hunter-evolution",False,15,4,3,0,4,7,9,10,,1,1,0,0,0,0,2,0,2,0,0,0,0,4,0,4,0,0,5,0,10,4,3,3,0,0,"red.ancestor.firsthunter","iron.ancestor.firstpack",0,0,2,2,2,3,0,0,0,0,0,0,1,0,1,0,0,0,0,8,0,8,0,8,0,1,0,5,14,24,0,0,0,0,0,0,0,0,1,1,4,,0,1,0,14
game-142,142,"iron-hyena-pack-pressure","red-hunter-evolution",False,31,8,3,2,5,10,6,14,,3,2,1,0,0,0,2,0,2,0,0,0,2,4,2,4,2,2,2,1,22,10,10,7,0,0,"red.ancestor.grandmother","iron.ancestor.firstpack",7,0,16,2,12,12,2,5,0,0,0,0,8,0,7,0,0,0,0,21,0,21,0,21,0,4,0,12,30,53,0,0,2,0,4,2,0,0,2,2,5,25,0,1,8,17
game-143,143,"red-hunter-evolution","iron-hyena-pack-pressure",False,27,7,2,3,5,5,7,11,16,4,1,3,1,0,1,1,1,0,0,0,0,8,0,8,0,1,0,3,3,12,12,7,8,0,0,"red.ancestor.grandmother","iron.ancestor.firstpack",3,0,8,2,10,9,6,1,2,0,0,0,5,0,3,0,0,0,0,12,0,12,0,12,0,0,0,10,28,38,0,0,0,0,10,0,0,0,2,1,5,14,1,1,18,19
game-144,144,"red-hunter-evolution","iron-hyena-pack-pressure",False,25,7,2,3,5,7,6,9,,2,2,0,0,0,0,1,1,0,0,0,0,0,0,0,0,0,1,4,0,11,11,7,6,0,0,"red.ancestor.firsthunter","iron.ancestor.firstpack",2,0,6,2,10,8,8,1,0,0,0,0,4,1,4,1,0,0,0,10,0,10,0,10,0,1,0,8,26,34,0,0,2,0,7,1,0,0,2,1,5,11,1,1,21,14
game-145,145,"iron-hyena-pack-pressure","red-hunter-evolution",False,29,8,3,1,3,16,8,11,,3,2,1,0,0,0,2,2,0,0,0,0,2,0,2,0,0,1,4,2,29,8,10,6,0,0,"red.ancestor.firsthunter","iron.ancestor.firstpack",5,0,12,2,10,7,2,2,2,0,0,0,10,1,8,1,0,0,0,14,0,14,0,14,0,1,0,9,28,44,0,0,3,0,6,1,1,0,2,2,4,3,0,1,5,26
game-146,146,"iron-hyena-pack-pressure","red-hunter-evolution",False,21,6,3,0,4,13,5,15,,1,0,1,0,0,0,2,1,1,0,0,0,2,4,2,2,0,3,1,1,15,6,6,5,0,0,"red.ancestor.firsthunter","iron.ancestor.firstpack",3,0,8,2,7,8,0,4,0,0,0,0,2,0,2,0,0,0,0,15,0,14,0,14,0,2,0,8,20,36,0,0,2,0,3,2,0,0,1,1,4,,0,1,0,41
game-147,147,"iron-hyena-pack-pressure","red-hunter-evolution",False,23,6,3,0,4,13,6,5,,2,2,0,0,0,0,2,0,2,0,0,0,0,4,0,4,0,0,3,0,23,10,8,6,0,0,"red.ancestor.firsthunter","iron.ancestor.firstpack",3,0,8,2,8,6,0,3,0,0,0,0,8,0,7,0,0,0,0,15,0,14,0,14,0,3,0,9,22,38,0,0,1,0,2,1,0,0,1,1,4,,0,1,0,26
game-148,148,"red-hunter-evolution","iron-hyena-pack-pressure",False,33,9,1,3,3,13,8,9,,5,3,2,0,0,0,3,1,2,0,0,0,4,4,3,4,2,1,2,1,28,2,11,1,0,0,"red.ancestor.grandmother","iron.ancestor.firstpack",4,0,10,2,13,10,7,1,1,0,0,0,1,3,1,3,0,0,0,16,0,16,0,16,0,3,0,10,34,48,0,0,2,0,9,2,0,0,3,2,4,3,1,1,15,21
game-149,149,"iron-hyena-pack-pressure","red-hunter-evolution",False,15,4,3,0,4,5,5,11,,1,0,1,0,0,0,0,0,0,0,0,0,2,0,2,0,1,0,1,0,5,6,2,4,0,0,"red.ancestor.firsthunter","iron.ancestor.firstpack",0,0,2,2,3,5,1,0,0,0,0,0,4,0,3,0,0,0,0,7,0,7,0,7,0,1,0,6,14,23,0,0,1,0,2,0,0,0,1,1,4,14,0,1,0,19
game-150,150,"red-hunter-evolution","iron-hyena-pack-pressure",False,33,9,0,3,3,17,9,11,,4,2,2,0,0,0,3,3,0,0,0,0,4,0,4,0,0,0,2,4,32,0,12,0,0,0,"red.ancestor.firsthunter","",3,0,8,0,12,0,6,1,0,0,0,0,1,0,1,0,0,0,0,12,0,12,0,12,0,1,0,8,34,44,0,0,2,0,17,1,0,0,3,2,4,3,1,1,26,8
game-151,151,"iron-hyena-pack-pressure","red-hunter-evolution",False,21,6,3,1,3,13,8,14,,2,2,0,0,0,0,1,0,1,0,0,0,0,4,0,4,0,0,4,0,14,6,6,4,0,0,"red.ancestor.grandmother","iron.ancestor.firstpack",1,0,4,2,6,4,2,1,0,0,0,0,3,0,3,0,0,0,0,11,0,11,0,11,0,2,0,6,20,33,0,0,0,0,1,0,0,0,1,1,4,3,0,1,5,28
game-152,152,"red-hunter-evolution","iron-hyena-pack-pressure",False,30,8,0,3,4,19,5,11,,3,2,1,0,0,0,2,1,1,0,0,0,4,2,4,2,3,0,3,3,21,2,9,1,0,0,"red.ancestor.firsthunter","iron.ancestor.firstpack",3,0,8,2,9,12,6,2,0,0,0,0,0,0,0,0,0,0,0,17,0,17,0,17,0,3,0,11,30,47,0,0,1,0,11,1,0,0,3,2,4,14,0,0,11,10
game-153,153,"red-hunter-evolution","iron-hyena-pack-pressure",False,25,7,1,3,4,5,5,14,17,3,2,1,1,0,1,1,1,0,0,0,0,4,0,4,0,1,0,7,3,14,2,7,1,0,0,"red.ancestor.grandmother","iron.ancestor.firstpack",2,0,6,2,9,9,6,0,0,0,0,0,1,0,1,0,0,0,0,7,0,7,0,7,0,0,0,7,26,31,0,0,2,0,6,0,0,0,2,1,4,16,1,1,23,17
game-154,154,"iron-hyena-pack-pressure","red-hunter-evolution",False,21,6,3,0,5,13,6,16,,1,1,0,0,0,0,1,0,1,0,0,0,0,4,0,4,1,0,7,0,15,3,6,2,0,0,"red.ancestor.firsthunter","iron.ancestor.firstpack",0,0,2,2,7,5,3,0,0,0,0,0,2,2,2,1,0,0,0,9,0,9,0,9,0,2,0,6,20,31,0,0,1,0,1,1,0,0,1,1,5,9,0,1,9,18
game-155,155,"red-hunter-evolution","iron-hyena-pack-pressure",False,27,7,0,3,4,17,7,13,,4,2,2,0,0,0,3,3,0,0,0,0,6,0,4,0,0,0,10,4,9,1,5,1,0,0,"red.ancestor.grandmother","iron.ancestor.smithpassedfang",3,0,8,2,10,9,2,5,0,0,3,0,1,0,1,0,0,0,0,10,0,10,0,10,0,0,0,6,28,36,0,0,2,0,8,2,0,0,2,2,4,9,1,1,21,6
game-156,156,"red-hunter-evolution","iron-hyena-pack-pressure",False,49,13,1,3,4,21,6,11,,8,4,4,0,0,0,5,4,1,0,0,0,12,2,12,2,1,2,11,3,39,18,14,11,0,0,"red.ancestor.grandmother","iron.ancestor.firstpack",6,2,14,6,22,17,1,8,0,0,0,0,10,2,9,1,0,1,0,23,0,23,0,23,0,2,0,14,50,71,0,0,2,0,16,2,0,0,5,3,4,32,1,1,21,25
game-157,157,"red-hunter-evolution","iron-hyena-pack-pressure",False,32,8,1,3,4,12,6,12,19,4,3,1,1,0,1,4,2,2,0,0,0,4,4,3,4,1,3,6,2,21,12,10,9,0,0,"red.ancestor.grandmother","iron.ancestor.firstpack",4,0,10,2,13,11,6,4,1,0,0,0,11,0,6,0,0,0,0,16,0,16,0,16,0,2,0,11,32,48,0,0,1,0,6,0,0,0,3,2,4,16,0,0,17,26
game-158,158,"iron-hyena-pack-pressure","red-hunter-evolution",False,21,6,3,0,5,13,6,7,19,2,1,1,1,0,1,2,0,2,0,0,0,4,4,4,3,2,0,3,0,15,7,6,5,0,0,"red.ancestor.grandmother","iron.ancestor.firstpack",3,0,8,2,7,7,1,2,0,0,0,0,5,0,5,0,0,0,0,10,0,10,0,10,0,2,0,6,20,32,0,0,0,0,2,0,0,0,1,1,5,17,0,1,5,23
game-159,159,"iron-hyena-pack-pressure","red-hunter-evolution",False,21,6,3,1,5,7,6,10,19,2,2,0,1,0,1,2,0,2,0,0,0,2,4,2,4,0,0,4,0,19,5,8,4,0,0,"red.ancestor.grandmother","iron.ancestor.firstpack",3,0,8,2,7,7,2,1,1,0,0,0,3,1,3,1,0,0,0,10,0,10,0,10,0,4,0,7,20,32,0,0,2,0,5,0,0,0,1,1,5,17,0,1,7,23
game-160,160,"red-hunter-evolution","iron-hyena-pack-pressure",False,33,9,2,3,4,5,5,5,30,4,1,3,1,0,1,3,1,2,0,0,0,8,4,8,4,0,1,5,0,31,6,9,5,0,0,"red.ancestor.firsthunter","iron.ancestor.firstpack",2,2,6,6,14,13,8,1,0,0,1,0,3,1,2,1,0,0,0,16,0,16,0,16,0,1,0,13,34,48,0,0,2,0,13,2,0,0,3,2,4,25,1,1,25,24
game-161,161,"red-hunter-evolution","iron-hyena-pack-pressure",False,25,7,2,3,4,12,8,10,,2,1,1,0,0,0,2,0,2,0,0,0,2,4,2,4,0,1,3,2,18,7,8,5,0,0,"red.ancestor.firsthunter","iron.ancestor.firstpack",2,0,6,2,9,7,7,0,0,0,0,0,2,0,2,0,0,0,0,11,0,11,0,11,0,2,0,8,26,35,0,0,1,0,6,0,0,0,2,1,4,17,1,1,24,19
game-162,162,"iron-hyena-pack-pressure","red-hunter-evolution",False,20,5,3,1,5,10,7,7,16,1,1,0,1,0,1,2,0,2,0,0,0,2,10,2,4,0,0,1,0,13,6,7,5,0,0,"red.ancestor.firsthunter","iron.ancestor.firstpack",0,0,2,2,6,6,4,0,0,0,0,0,1,3,1,2,0,0,0,11,0,11,0,11,0,4,0,6,20,31,0,0,2,0,2,1,1,0,1,1,5,14,1,0,14,20
game-163,163,"iron-hyena-pack-pressure","red-hunter-evolution",False,20,5,3,0,4,5,5,11,19,2,2,0,1,0,1,2,2,0,0,0,0,2,0,2,0,2,1,3,2,9,8,4,5,0,0,"red.ancestor.grandmother","iron.ancestor.firstpack",1,2,4,6,6,7,1,1,0,0,1,0,7,0,6,0,0,0,0,8,0,8,0,8,0,0,0,7,20,28,0,0,2,0,2,0,0,0,1,1,4,17,1,0,5,23
game-164,164,"iron-hyena-pack-pressure","red-hunter-evolution",False,28,7,3,0,4,13,6,5,,3,1,2,0,0,0,3,1,2,0,0,0,6,4,6,3,0,1,3,2,32,8,10,6,0,0,"red.ancestor.firsthunter","iron.ancestor.firstpack",2,0,6,2,11,7,0,1,0,0,0,0,5,0,5,0,0,0,0,13,0,13,0,13,0,3,0,8,28,41,0,0,2,0,4,2,0,0,2,2,4,,1,0,0,26
game-165,165,"red-hunter-evolution","iron-hyena-pack-pressure",False,17,5,1,3,4,7,5,5,,2,2,0,0,0,0,1,0,1,0,0,0,0,2,0,2,0,0,6,2,5,5,3,4,0,0,"red.ancestor.firsthunter","iron.ancestor.firstpack",1,1,4,4,6,5,3,3,0,0,0,0,7,0,4,0,0,0,0,6,0,6,0,6,0,1,0,5,18,22,0,0,0,0,2,0,0,0,1,1,4,9,1,1,28,15
game-166,166,"iron-hyena-pack-pressure","red-hunter-evolution",False,24,6,3,0,4,11,9,5,19,2,1,1,1,0,1,2,0,2,0,0,0,4,4,4,4,1,0,4,1,23,8,8,5,0,0,"red.ancestor.firsthunter","iron.ancestor.firstpack",4,0,10,2,7,5,2,1,2,0,0,0,6,2,6,1,0,0,0,11,0,11,0,11,0,3,0,8,24,35,0,0,1,0,5,1,0,0,2,1,4,17,0,1,3,18
game-167,167,"red-hunter-evolution","iron-hyena-pack-pressure",False,33,9,2,3,4,13,9,12,27,4,2,2,1,0,1,3,0,3,0,0,0,8,8,8,8,0,0,8,0,32,12,11,9,0,0,"red.ancestor.firsthunter","iron.ancestor.firstpack",5,0,12,2,12,11,2,4,0,0,0,0,8,1,7,1,0,0,0,20,0,20,0,20,0,6,0,12,34,52,0,0,4,0,10,1,0,0,3,2,4,25,1,1,18,17
game-168,168,"iron-hyena-pack-pressure","red-hunter-evolution",False,21,6,3,1,4,5,5,11,,3,3,0,0,0,0,1,1,0,0,0,0,0,0,0,0,0,1,9,0,14,11,6,7,0,0,"red.ancestor.firsthunter","iron.ancestor.firstpack",0,0,2,2,6,8,2,0,0,0,0,0,4,0,4,0,0,0,0,13,0,12,0,12,0,2,0,8,20,34,0,0,1,0,2,0,0,0,1,1,4,17,0,1,5,29
game-169,169,"iron-hyena-pack-pressure","red-hunter-evolution",False,29,8,3,2,4,15,6,11,22,4,2,2,1,0,1,2,1,1,0,0,0,8,4,8,4,1,1,6,0,22,7,10,4,0,0,"red.ancestor.grandmother","iron.ancestor.firstpack",1,0,4,2,11,7,5,1,0,0,0,0,9,1,9,1,0,0,0,12,0,12,0,12,0,3,0,7,28,42,0,0,2,0,8,1,0,0,2,2,4,19,0,1,9,30
game-170,170,"iron-hyena-pack-pressure","red-hunter-evolution",False,18,5,3,0,4,5,5,5,,1,1,0,0,0,0,2,0,2,0,0,0,0,4,0,4,0,0,6,0,10,7,4,4,0,0,"red.ancestor.firsthunter","iron.ancestor.firstpack",1,2,4,6,6,6,3,2,0,0,0,0,6,1,4,1,0,0,0,6,0,6,0,6,0,1,0,5,18,24,0,0,2,0,1,3,0,0,1,1,4,9,1,0,8,19
game-171,171,"iron-hyena-pack-pressure","red-hunter-evolution",False,21,6,3,0,4,5,5,14,,2,2,0,0,0,0,0,0,0,0,0,0,0,0,0,0,1,0,2,2,25,11,8,7,0,0,"red.ancestor.firsthunter","iron.ancestor.firstpack",2,2,6,6,7,8,0,2,0,0,1,0,6,0,6,0,0,0,0,10,0,10,0,10,0,0,0,8,20,32,0,0,1,0,2,0,0,0,1,1,4,,0,1,0,34
game-172,172,"iron-hyena-pack-pressure","red-hunter-evolution",False,29,8,3,1,5,13,8,7,,3,2,1,0,0,0,1,0,1,0,0,0,2,2,2,2,1,0,2,1,24,11,8,7,0,0,"red.ancestor.firsthunter","iron.ancestor.firstpack",2,0,6,2,10,8,3,1,0,0,0,0,11,0,10,0,0,0,0,16,0,16,0,16,0,3,0,9,28,46,0,0,1,0,6,0,0,0,2,2,5,9,0,1,9,27
game-173,173,"iron-hyena-pack-pressure","red-hunter-evolution",False,23,6,3,0,4,7,5,11,,3,2,1,0,0,0,1,0,1,0,0,0,2,2,2,2,0,0,6,0,22,9,9,6,0,0,"red.ancestor.firsthunter","iron.ancestor.firstpack",2,0,6,2,8,9,2,1,0,0,0,0,6,1,5,1,0,0,0,13,0,12,0,12,0,2,0,8,22,36,0,0,0,0,3,1,0,0,1,1,4,17,0,1,5,17
game-174,174,"iron-hyena-pack-pressure","red-hunter-evolution",False,25,7,3,1,4,13,6,9,14,3,2,1,1,0,1,2,1,1,0,0,0,6,4,6,4,0,1,4,0,15,7,7,4,0,0,"red.ancestor.firsthunter","iron.ancestor.firstpack",2,0,6,2,10,5,2,2,0,0,0,0,8,0,7,0,0,0,0,12,0,11,0,11,0,1,0,6,26,35,0,0,0,0,5,1,0,0,2,1,4,11,1,0,4,27
game-175,175,"red-hunter-evolution","iron-hyena-pack-pressure",False,30,8,1,3,4,7,5,13,27,3,1,2,1,0,1,2,2,0,0,0,0,6,0,6,0,1,1,8,3,17,2,7,1,0,0,"red.ancestor.firsthunter","iron.ancestor.firstpack",0,0,2,2,9,12,6,0,0,0,0,0,0,0,0,0,0,0,0,11,0,11,0,11,0,0,0,7,30,41,0,0,2,0,12,1,0,0,2,2,4,9,0,0,17,8
game-176,176,"iron-hyena-pack-pressure","red-hunter-evolution",False,23,6,3,1,4,13,6,5,,2,2,0,0,0,0,2,0,2,0,0,0,0,4,0,4,0,0,8,0,18,5,9,4,0,0,"red.ancestor.firsthunter","iron.ancestor.firstpack",3,0,8,2,8,5,4,1,1,0,0,0,6,2,5,2,0,0,0,12,0,12,0,12,0,3,0,7,22,36,0,0,1,0,3,1,0,0,1,1,4,11,0,1,4,27
game-177,177,"red-hunter-evolution","iron-hyena-pack-pressure",False,19,5,2,3,4,12,6,9,,2,2,0,0,0,0,1,0,1,0,0,0,0,6,0,4,0,0,2,0,4,2,2,2,0,0,"red.ancestor.firsthunter","iron.ancestor.firstpack",1,0,4,2,7,3,0,7,0,0,0,0,1,2,1,2,0,0,0,8,0,8,0,8,0,0,0,4,20,26,0,0,2,0,2,1,2,0,1,1,4,11,1,1,12,23
game-178,178,"iron-hyena-pack-pressure","red-hunter-evolution",False,21,6,3,1,4,5,5,13,,2,1,1,0,0,0,1,0,1,0,0,0,2,2,2,2,0,0,4,0,20,5,8,4,0,0,"red.ancestor.firsthunter","iron.ancestor.firstpack",3,2,8,6,7,8,2,0,1,0,0,0,5,0,5,0,0,0,0,8,0,8,0,8,0,1,0,6,20,30,0,0,2,0,2,0,0,0,1,1,4,17,0,1,5,28
game-179,179,"iron-hyena-pack-pressure","red-hunter-evolution",False,20,5,3,1,4,7,5,5,17,1,1,0,1,0,1,1,0,1,0,0,0,2,2,2,2,0,0,2,0,13,9,6,6,0,0,"red.ancestor.firsthunter","iron.ancestor.firstpack",0,0,2,2,7,7,4,0,0,0,0,0,8,0,5,0,0,0,0,12,0,12,0,12,0,1,0,8,20,32,0,0,2,0,3,1,0,0,1,1,4,9,1,0,13,21
game-180,180,"red-hunter-evolution","iron-hyena-pack-pressure",False,19,5,1,3,4,13,5,5,,2,2,0,0,0,0,3,1,2,0,0,0,0,4,0,4,0,0,4,1,4,6,2,4,0,0,"red.ancestor.grandmother","iron.ancestor.firstpack",1,0,4,2,7,6,5,3,0,0,0,0,1,1,1,1,0,0,0,9,0,9,0,9,0,3,0,7,20,27,0,0,1,0,4,1,1,0,1,1,4,14,1,1,15,15
game-181,181,"iron-hyena-pack-pressure","red-hunter-evolution",False,21,6,3,1,4,5,5,13,,2,2,0,0,0,0,2,0,2,0,0,0,0,4,0,4,1,0,5,2,14,8,6,5,0,0,"red.ancestor.firsthunter","iron.ancestor.firstpack",2,0,6,2,5,8,1,1,0,0,0,0,2,0,2,0,0,0,0,11,0,11,0,11,0,6,0,7,20,33,0,0,0,0,0,0,0,0,1,1,4,17,0,1,4,29
game-182,182,"red-hunter-evolution","iron-hyena-pack-pressure",False,22,6,2,3,5,13,6,7,22,2,1,1,1,0,1,3,1,2,0,0,0,4,8,3,7,1,0,2,0,11,5,6,4,0,0,"red.ancestor.firsthunter","iron.ancestor.firstpack",2,0,6,2,8,7,4,2,0,0,0,0,5,5,3,3,0,0,0,13,0,13,0,13,0,4,0,6,22,35,0,0,1,0,4,0,2,0,1,1,5,11,0,0,11,11
game-183,183,"iron-hyena-pack-pressure","red-hunter-evolution",False,18,5,3,0,5,7,6,15,,1,0,1,0,0,0,1,1,0,0,0,0,4,0,4,0,0,2,0,1,21,3,7,3,0,0,"red.ancestor.firsthunter","iron.ancestor.firstpack",2,0,6,2,6,5,0,1,0,0,0,0,2,0,2,0,0,0,0,7,0,7,0,7,0,0,0,5,18,25,0,0,1,0,1,0,0,0,1,1,5,,1,0,0,14
game-184,184,"iron-hyena-pack-pressure","red-hunter-evolution",False,15,4,3,0,4,5,5,10,,1,1,0,0,0,0,1,0,1,0,0,0,0,2,0,2,0,0,3,0,6,6,3,5,0,0,"red.ancestor.firsthunter","iron.ancestor.firstpack",1,2,4,6,4,5,0,0,0,0,0,0,2,0,2,0,0,0,0,10,0,10,0,10,0,3,0,7,14,26,0,0,2,0,0,0,0,0,1,1,4,,0,1,0,17
game-185,185,"red-hunter-evolution","iron-hyena-pack-pressure",False,24,6,0,3,4,17,6,14,,3,2,1,0,0,0,1,1,0,0,0,0,2,0,1,0,1,0,4,2,16,0,8,0,0,0,"red.ancestor.grandmother","",1,0,4,0,9,0,7,3,0,0,0,0,0,0,0,0,0,0,0,8,0,8,0,8,0,0,0,5,24,32,0,0,0,0,11,1,0,0,2,1,4,16,0,0,19,3
game-186,186,"iron-hyena-pack-pressure","red-hunter-evolution",False,45,12,3,2,4,13,6,10,22,6,2,4,1,0,1,5,1,4,0,0,0,14,12,12,12,1,0,4,5,46,9,15,8,0,0,"red.ancestor.grandmother","iron.ancestor.firstpack",6,2,14,6,19,18,3,8,0,0,0,0,20,2,13,1,0,1,0,28,0,27,0,27,0,7,0,15,44,73,0,1,2,0,14,2,0,0,4,3,4,19,0,1,10,27
game-187,187,"iron-hyena-pack-pressure","red-hunter-evolution",False,15,4,3,0,5,7,6,10,,0,0,0,0,0,0,2,0,2,0,0,0,0,6,0,4,0,0,0,0,4,4,2,2,0,0,"red.ancestor.grandmother","iron.ancestor.firstpack",1,0,4,2,4,4,0,1,0,0,0,0,0,0,0,0,0,0,0,9,0,9,0,9,0,3,0,6,14,25,0,0,2,0,0,2,0,0,1,1,5,,0,1,0,12
game-188,188,"iron-hyena-pack-pressure","red-hunter-evolution",False,23,6,3,2,4,13,6,9,14,2,2,0,1,0,1,1,0,1,0,0,0,2,8,2,2,0,0,3,1,17,9,8,6,0,0,"red.ancestor.firsthunter","iron.ancestor.firstpack",2,0,6,2,8,7,2,2,0,0,0,0,8,3,7,1,0,0,0,15,0,14,0,14,0,4,0,8,22,38,0,0,1,0,5,1,1,0,1,1,4,11,0,1,8,20
game-189,189,"iron-hyena-pack-pressure","red-hunter-evolution",False,29,8,3,0,4,15,6,11,,4,3,1,0,0,0,3,1,2,0,0,0,2,4,2,3,1,1,6,1,33,12,12,8,0,0,"red.ancestor.firsthunter","iron.ancestor.firstpack",2,0,6,2,11,9,1,1,0,0,0,0,9,3,8,2,0,0,0,15,0,15,0,15,0,4,0,9,28,45,0,0,0,0,7,4,0,0,2,2,4,,0,1,0,31
game-190,190,"iron-hyena-pack-pressure","red-hunter-evolution",False,44,11,3,1,4,7,8,10,27,5,1,4,1,0,1,6,1,5,0,0,0,12,12,12,12,2,1,2,0,37,9,14,7,0,0,"red.ancestor.firsthunter","iron.ancestor.firstpack",6,0,14,2,18,10,2,4,2,0,0,0,13,1,11,1,0,0,0,23,0,23,0,23,0,4,0,14,44,67,0,0,2,0,11,1,0,0,4,3,4,24,1,0,15,25
game-191,191,"iron-hyena-pack-pressure","red-hunter-evolution",False,21,6,3,1,4,7,5,11,19,3,2,1,1,0,1,1,0,1,0,0,0,4,4,4,2,0,0,8,1,18,7,8,5,0,0,"red.ancestor.firsthunter","iron.ancestor.smithpassedfang",2,1,6,4,7,8,0,2,0,0,2,0,8,0,7,0,0,0,0,9,0,9,0,9,0,1,0,5,20,31,0,0,0,0,3,0,0,0,1,1,4,17,0,1,7,22
game-192,192,"iron-hyena-pack-pressure","red-hunter-evolution",False,20,5,3,0,4,7,5,5,,1,0,1,0,0,0,1,0,1,0,0,0,2,2,2,2,0,0,1,0,18,7,6,5,0,0,"red.ancestor.grandmother","iron.ancestor.firstpack",3,0,8,2,7,7,0,3,0,0,0,0,3,0,3,0,0,0,0,9,0,9,0,9,0,2,0,7,20,29,0,1,0,0,3,0,0,0,1,1,4,,1,0,0,20
game-193,193,"iron-hyena-pack-pressure","red-hunter-evolution",False,23,6,3,1,4,5,5,9,,2,2,0,0,0,0,3,0,3,0,0,0,0,8,0,7,0,1,7,0,5,5,4,3,0,0,"red.ancestor.grandmother","iron.ancestor.firstpack",1,2,4,6,7,9,3,2,0,0,2,0,6,4,5,2,0,0,0,13,0,13,0,13,0,5,0,8,22,37,0,0,1,0,1,1,0,0,1,1,4,11,0,1,8,32
game-194,194,"red-hunter-evolution","iron-hyena-pack-pressure",False,38,10,1,3,4,20,8,11,,5,1,4,0,0,0,4,0,4,0,0,0,12,10,12,10,1,2,3,3,39,4,15,3,0,0,"red.ancestor.firsthunter","iron.ancestor.firstpack",8,1,18,4,15,11,4,2,2,0,2,0,3,2,3,2,0,0,0,17,0,16,0,16,0,3,0,9,38,54,0,0,4,0,13,2,0,0,4,3,4,27,0,0,10,29
game-195,195,"red-hunter-evolution","iron-hyena-pack-pressure",False,27,7,1,3,4,18,6,13,,3,2,1,0,0,0,2,1,1,0,0,0,2,4,2,4,0,1,4,1,13,6,6,4,0,0,"red.ancestor.grandmother","iron.ancestor.firstpack",3,0,8,2,11,5,8,3,0,0,0,0,3,3,3,2,0,0,0,11,0,11,0,11,0,2,0,6,28,37,0,0,3,0,5,0,0,0,2,2,4,17,1,1,20,12
game-196,196,"iron-hyena-pack-pressure","red-hunter-evolution",False,45,12,3,2,4,20,8,11,,7,4,3,0,0,0,4,0,4,0,0,0,10,12,10,12,0,0,7,1,37,18,14,13,0,0,"red.ancestor.firsthunter","iron.ancestor.firstpack",6,0,14,2,18,16,5,3,0,0,0,0,13,2,8,2,0,0,0,26,0,26,0,26,0,6,0,17,44,72,0,1,2,0,9,1,0,0,4,3,4,27,0,1,5,39
game-197,197,"iron-hyena-pack-pressure","red-hunter-evolution",False,23,6,3,0,4,13,8,14,,2,2,0,0,0,0,1,0,1,0,0,0,0,4,0,3,0,0,8,1,17,8,6,5,0,0,"red.ancestor.firsthunter","iron.ancestor.firstpack",2,0,6,2,7,7,0,2,0,0,0,0,4,0,4,0,0,0,0,14,0,14,0,14,0,1,0,7,22,38,0,0,3,0,2,1,0,0,1,1,4,,0,1,0,20
game-198,198,"red-hunter-evolution","iron-hyena-pack-pressure",False,25,7,2,3,5,7,7,11,16,2,2,0,1,0,1,0,0,0,0,0,0,2,0,2,0,1,0,4,1,18,8,8,6,0,0,"red.ancestor.firsthunter","iron.ancestor.firstpack",1,2,4,6,9,8,6,0,0,0,0,0,5,1,5,1,0,0,0,11,0,11,0,11,0,1,0,8,26,35,0,0,3,0,4,0,1,0,2,1,5,14,1,1,33,14
game-199,199,"iron-hyena-pack-pressure","red-hunter-evolution",False,47,12,3,2,4,13,5,9,,10,5,5,0,0,0,6,2,4,0,0,0,16,8,16,8,1,1,10,5,22,22,8,15,0,0,"red.ancestor.grandmother","iron.ancestor.firstpack",3,0,8,2,19,21,6,5,0,0,0,0,9,4,8,3,0,1,0,34,0,34,0,34,0,9,0,21,46,82,0,0,3,0,15,2,0,0,4,3,4,17,0,1,6,22
game-200,200,"iron-hyena-pack-pressure","red-hunter-evolution",False,50,13,3,1,5,21,6,11,,7,2,5,0,0,0,5,2,3,0,0,0,14,8,14,6,1,1,8,6,59,24,21,17,0,0,"red.ancestor.firsthunter","iron.ancestor.firstpack",4,2,10,6,22,21,5,2,0,0,0,0,9,2,8,2,0,0,0,26,0,26,0,26,0,4,0,17,50,76,0,0,3,0,13,0,0,0,5,4,5,38,1,0,5,30
game-201,201,"iron-hyena-pack-pressure","red-hunter-evolution",False,18,5,3,0,5,7,7,14,,1,1,0,0,0,0,0,0,0,0,0,0,0,0,0,0,0,0,7,0,11,3,4,2,0,0,"red.ancestor.firsthunter","iron.ancestor.smithpassedfang",1,1,4,4,5,5,1,1,0,0,3,0,3,0,3,0,0,0,0,9,0,9,0,9,0,0,0,5,18,27,0,0,2,0,1,1,0,0,1,1,5,9,1,0,3,14
game-202,202,"iron-hyena-pack-pressure","red-hunter-evolution",False,13,4,3,0,4,5,5,9,,1,1,0,0,0,0,1,0,1,0,0,0,0,8,0,2,0,0,2,0,4,7,2,4,0,0,"red.ancestor.grandmother","iron.ancestor.firstpack",1,0,4,2,3,4,0,2,0,0,0,0,1,0,1,0,0,0,0,9,0,8,0,8,0,0,0,6,12,22,0,0,1,0,2,0,0,0,0,0,4,11,0,1,0,29
game-203,203,"red-hunter-evolution","iron-hyena-pack-pressure",False,33,9,1,3,5,18,6,16,25,3,1,2,1,0,1,3,0,3,0,0,0,8,6,8,6,0,0,0,2,25,12,11,7,0,0,"red.ancestor.grandmother","iron.ancestor.firstpack",3,0,8,2,14,12,8,4,0,0,0,0,0,3,0,2,0,0,0,13,0,13,0,13,0,3,0,11,34,45,0,0,1,0,7,0,0,0,3,2,5,17,1,1,24,12
game-204,204,"iron-hyena-pack-pressure","red-hunter-evolution",False,28,7,3,2,4,15,8,11,22,4,3,1,1,0,1,2,1,1,0,0,0,6,4,6,4,0,1,9,1,13,9,5,6,0,0,"red.ancestor.firsthunter","iron.ancestor.firstpack",2,0,6,2,10,7,3,1,0,0,0,0,15,0,9,0,0,0,0,19,0,17,0,17,0,4,0,9,28,45,0,0,2,0,6,1,0,0,2,2,4,6,1,0,9,21
game-205,205,"red-hunter-evolution","iron-hyena-pack-pressure",False,27,7,2,3,4,13,5,11,19,3,3,0,1,0,1,3,2,1,0,0,0,2,2,2,2,0,0,7,2,19,10,9,8,0,0,"red.ancestor.firsthunter","iron.ancestor.smithpassedfang",3,1,8,4,11,10,3,1,1,0,0,0,15,0,11,0,0,0,0,12,0,12,0,12,0,2,0,8,28,38,0,0,1,0,8,0,0,0,2,1,4,16,1,1,26,23
game-206,206,"iron-hyena-pack-pressure","red-hunter-evolution",False,23,6,3,0,4,5,7,14,,2,1,1,0,0,0,2,1,1,0,0,0,2,2,2,1,1,0,5,3,20,6,7,4,0,0,"red.ancestor.firsthunter","iron.ancestor.smithpassedfang",1,1,4,4,6,8,0,1,0,0,2,0,5,0,4,0,0,0,0,10,0,9,0,9,0,0,0,5,22,33,0,0,1,0,0,0,0,0,1,1,4,,0,1,0,25
game-207,207,"red-hunter-evolution","iron-hyena-pack-pressure",False,19,5,0,3,4,14,6,9,17,2,2,0,1,0,1,0,0,0,0,0,0,4,0,4,0,0,0,3,0,10,0,4,0,0,0,"red.ancestor.firsthunter","",0,0,2,0,7,0,6,0,0,0,0,0,7,0,4,0,0,0,0,3,0,3,0,3,0,0,0,3,20,21,0,0,1,0,3,0,0,0,1,1,4,11,1,1,23,7
game-208,208,"iron-hyena-pack-pressure","red-hunter-evolution",False,31,8,3,1,5,13,6,7,25,3,3,0,1,0,1,4,1,3,0,0,0,2,10,2,10,1,0,4,3,25,9,11,5,0,0,"red.ancestor.firsthunter","iron.ancestor.firstpack",6,0,14,2,12,8,2,2,1,0,0,0,6,0,5,0,0,0,0,17,0,16,0,16,0,7,0,10,30,48,0,0,1,0,5,1,0,0,2,2,5,24,0,1,8,29
game-209,209,"iron-hyena-pack-pressure","red-hunter-evolution",False,13,4,3,0,4,5,7,,,0,0,0,0,0,0,0,0,0,0,0,0,0,0,0,0,0,0,0,0,4,2,2,2,0,0,"red.ancestor.grandmother","iron.ancestor.smithpassedfang",1,1,4,4,2,3,0,0,0,0,1,0,1,0,1,0,0,0,0,6,0,6,0,6,0,2,0,4,12,20,0,0,0,0,0,0,0,0,0,0,4,,0,1,0,31
game-210,210,"iron-hyena-pack-pressure","red-hunter-evolution",False,19,5,3,0,4,5,5,9,,2,1,1,0,0,0,2,0,2,0,0,0,2,4,2,4,0,0,3,0,19,8,7,5,0,0,"red.ancestor.firsthunter","iron.ancestor.firstpack",0,0,2,2,7,6,1,0,0,0,0,0,5,1,4,1,0,0,0,9,0,9,0,9,0,1,0,7,20,27,0,0,0,0,3,2,0,0,1,1,4,,1,0,0,19
game-211,211,"iron-hyena-pack-pressure","red-hunter-evolution",False,23,6,3,0,3,13,8,11,,3,1,2,0,0,0,1,0,1,0,0,0,4,2,4,1,2,0,4,1,22,7,8,5,0,0,"red.ancestor.firsthunter","iron.ancestor.firstpack",3,0,8,2,7,5,0,3,0,0,0,0,6,0,6,0,0,0,0,11,0,11,0,11,0,2,0,7,22,35,0,0,0,0,2,0,0,0,1,1,4,3,0,1,0,23
game-212,212,"iron-hyena-pack-pressure","red-hunter-evolution",False,26,7,3,0,5,15,6,11,,3,0,3,0,0,0,2,2,0,0,0,0,8,0,8,0,4,1,1,3,23,12,10,7,0,0,"red.ancestor.grandmother","iron.ancestor.firstpack",4,0,10,2,10,7,1,3,0,0,0,0,3,0,3,0,0,0,0,16,0,14,0,14,0,0,0,9,26,40,0,0,3,0,6,2,0,0,2,1,5,25,1,0,5,15
game-213,213,"iron-hyena-pack-pressure","red-hunter-evolution",False,21,6,3,1,4,7,6,11,17,2,2,0,1,0,1,1,0,1,0,0,0,2,2,2,2,0,0,4,0,14,6,7,4,0,0,"red.ancestor.grandmother","iron.ancestor.firstpack",1,0,4,2,7,7,3,1,0,0,0,0,3,1,3,1,0,0,0,10,0,10,0,10,0,4,0,7,20,32,0,0,1,0,2,1,0,0,1,1,4,16,0,1,6,24
game-214,214,"iron-hyena-pack-pressure","red-hunter-evolution",False,20,5,3,0,4,7,5,7,,1,1,0,0,0,0,3,1,2,0,0,0,0,8,0,6,0,1,6,0,8,6,4,4,0,0,"red.ancestor.grandmother","iron.ancestor.firstpack",2,0,6,2,6,7,0,1,0,0,0,0,3,0,3,0,0,0,0,9,0,9,0,9,0,3,0,6,20,29,0,0,2,0,1,2,0,0,1,1,4,,1,0,0,25
game-215,215,"iron-hyena-pack-pressure","red-hunter-evolution",False,21,6,3,2,4,9,6,9,14,2,2,0,1,0,1,1,0,1,0,0,0,2,6,2,2,1,0,7,0,10,1,5,1,0,0,"red.ancestor.firsthunter","iron.ancestor.firstpack",0,0,2,2,7,4,5,0,0,0,0,0,4,0,4,0,0,0,0,17,0,15,0,15,0,4,0,6,20,37,0,0,0,0,1,0,0,0,1,1,4,9,0,1,15,21
game-216,216,"red-hunter-evolution","iron-hyena-pack-pressure",False,17,5,1,3,4,11,9,8,,2,0,2,0,0,0,1,0,1,0,0,0,4,2,3,2,0,0,0,2,4,1,3,1,0,0,"red.ancestor.firsthunter","iron.ancestor.smithpassedfang",2,0,6,2,4,2,2,0,1,0,1,0,0,2,0,1,0,0,0,4,0,4,0,4,0,2,0,3,18,20,0,0,0,0,2,0,1,0,1,1,4,9,1,1,23,12
game-217,217,"iron-hyena-pack-pressure","red-hunter-evolution",False,20,5,3,0,5,10,6,10,,2,1,1,0,0,0,3,1,2,0,0,0,4,6,4,5,1,0,6,3,21,6,7,4,0,0,"red.ancestor.firsthunter","iron.ancestor.firstpack",0,0,2,2,7,5,1,0,0,0,0,0,2,0,2,0,0,0,0,8,0,8,0,8,0,2,0,6,20,28,0,0,2,0,3,0,0,0,1,1,5,19,1,0,0,26
game-218,218,"iron-hyena-pack-pressure","red-hunter-evolution",False,15,4,3,0,5,8,7,7,,1,1,0,0,0,0,2,0,2,0,0,0,0,4,0,4,0,0,0,0,4,4,2,3,0,0,"red.ancestor.grandmother","iron.ancestor.firstpack",1,0,4,2,3,4,0,0,0,0,0,0,1,1,1,1,0,0,0,10,0,10,0,10,0,4,0,6,14,26,0,0,1,0,0,1,0,0,1,1,5,,0,1,0,20
game-219,219,"red-hunter-evolution","iron-hyena-pack-pressure",False,17,5,0,3,4,11,13,8,11,2,1,1,1,0,1,0,0,0,0,0,0,4,0,4,0,0,0,0,1,0,1,0,1,0,0,"","iron.ancestor.firstpack",0,0,0,2,0,1,0,0,0,0,0,0,6,0,6,0,0,0,0,6,0,6,0,6,0,0,0,4,18,22,0,0,2,0,8,0,0,0,1,1,4,9,1,1,25,10
game-220,220,"red-hunter-evolution","iron-hyena-pack-pressure",False,35,9,0,3,4,19,6,11,,6,4,2,0,0,0,2,2,0,0,0,0,8,0,8,0,0,0,6,3,37,0,14,0,0,0,"red.ancestor.firsthunter","",3,0,8,0,15,0,8,2,0,0,0,0,2,5,2,2,0,1,0,15,0,15,0,15,0,5,0,8,36,49,0,0,1,0,14,1,0,0,3,2,4,9,1,1,11,7
game-221,221,"red-hunter-evolution","iron-hyena-pack-pressure",False,35,9,2,3,5,21,8,11,32,5,4,1,1,0,1,4,3,1,0,0,0,4,2,4,2,0,2,10,5,33,16,11,9,0,0,"red.ancestor.firsthunter","iron.ancestor.firstpack",3,0,8,2,14,10,7,3,0,0,0,0,6,0,5,0,0,0,0,20,0,20,0,20,0,0,0,13,36,54,0,0,1,0,11,4,0,0,3,2,5,9,1,1,17,28
game-222,222,"iron-hyena-pack-pressure","red-hunter-evolution",False,37,10,3,0,5,13,6,7,,4,1,3,0,0,0,4,1,3,0,0,0,16,6,8,6,1,2,1,1,43,17,14,12,0,0,"red.ancestor.grandmother","iron.ancestor.firstpack",5,0,12,2,15,14,1,4,0,0,0,0,4,1,4,1,0,0,0,28,0,28,0,28,0,8,0,15,36,66,0,0,2,0,8,3,0,0,3,2,5,25,0,1,5,29
game-223,223,"red-hunter-evolution","iron-hyena-pack-pressure",False,17,5,1,3,4,11,6,9,16,2,2,0,1,0,1,0,0,0,0,0,0,2,0,2,0,0,0,7,0,3,4,2,2,0,0,"red.ancestor.firsthunter","iron.ancestor.firstpack",0,0,2,2,6,2,7,0,0,0,0,0,2,0,2,0,0,0,0,4,0,4,0,4,0,0,0,4,18,20,0,0,1,0,1,0,0,0,1,1,4,9,1,1,28,9
game-224,224,"red-hunter-evolution","iron-hyena-pack-pressure",False,33,9,2,3,5,12,6,14,24,3,1,2,1,0,1,2,2,0,0,0,0,6,0,6,0,0,0,3,2,25,5,9,3,0,0,"red.ancestor.grandmother","iron.ancestor.firstpack",3,1,8,4,14,10,6,3,1,0,3,0,2,0,2,0,0,0,0,17,0,17,0,17,0,0,0,11,34,49,0,0,2,0,16,0,0,0,3,2,5,22,1,1,25,28
game-225,225,"red-hunter-evolution","iron-hyena-pack-pressure",False,38,10,2,3,4,7,8,5,,5,4,1,0,0,0,4,0,4,0,0,0,2,8,2,8,1,0,9,1,26,6,13,4,0,0,"red.ancestor.firsthunter","iron.ancestor.firstpack",5,1,12,4,15,13,9,1,0,0,3,0,4,3,3,3,0,0,0,18,0,18,0,18,0,5,0,12,38,56,0,0,1,0,11,1,0,0,3,2,4,11,0,0,15,22
game-226,226,"iron-hyena-pack-pressure","red-hunter-evolution",False,21,6,3,0,4,5,5,14,19,1,1,0,1,0,1,2,1,1,0,0,0,2,4,2,4,0,0,4,1,14,5,6,3,0,0,"red.ancestor.firsthunter","iron.ancestor.firstpack",0,0,2,2,7,8,2,0,0,0,0,0,3,4,3,2,0,0,0,9,0,9,0,9,0,3,0,7,20,31,0,0,1,0,6,3,1,1,1,1,4,17,0,1,4,33
game-227,227,"red-hunter-evolution","iron-hyena-pack-pressure",False,38,10,2,3,4,7,5,7,17,5,1,4,1,0,1,5,2,3,0,0,0,22,6,12,6,0,2,4,3,27,16,12,10,0,0,"red.ancestor.firsthunter","iron.ancestor.firstpack",6,0,14,2,16,16,8,4,0,0,0,0,2,4,2,3,0,0,0,22,0,22,0,22,0,4,0,12,38,60,0,0,2,0,13,1,0,0,4,3,4,16,0,0,12,25
game-228,228,"iron-hyena-pack-pressure","red-hunter-evolution",False,29,8,3,0,4,23,6,14,17,2,1,1,1,0,1,2,1,1,0,0,0,4,4,4,4,2,1,1,1,26,2,10,2,0,0,"red.ancestor.grandmother","iron.ancestor.firstpack",3,0,8,2,11,3,2,4,0,0,0,0,7,5,6,3,0,0,0,23,0,21,0,21,0,4,0,10,28,51,0,0,1,0,8,4,0,0,2,2,4,16,0,1,9,38
game-229,229,"red-hunter-evolution","iron-hyena-pack-pressure",False,32,8,1,3,5,13,6,9,30,3,1,2,1,0,1,1,0,1,0,0,0,8,4,8,4,0,1,2,0,13,1,7,1,0,0,"red.ancestor.grandmother","iron.ancestor.firstpack",3,0,8,2,13,9,5,4,0,0,0,0,3,1,2,1,0,0,0,17,0,17,0,17,0,1,0,10,32,49,0,0,2,0,13,0,0,0,4,2,5,11,0,0,10,20
game-230,230,"red-hunter-evolution","iron-hyena-pack-pressure",False,17,5,1,3,4,11,8,9,,3,1,2,0,0,0,0,0,0,0,0,0,6,0,5,0,0,0,2,0,5,0,4,0,0,0,"red.ancestor.firsthunter","",1,0,4,0,5,0,4,0,0,0,0,0,2,1,2,1,0,0,0,2,0,2,0,2,0,0,0,1,18,18,0,1,1,0,3,0,1,0,1,1,4,6,1,1,16,12
game-231,231,"red-hunter-evolution","iron-hyena-pack-pressure",False,24,6,2,3,3,13,8,9,14,3,3,0,1,0,1,1,0,1,0,0,0,2,4,2,4,1,1,7,0,10,2,5,1,0,0,"red.ancestor.firsthunter","iron.ancestor.firstpack",2,0,6,2,8,4,3,2,0,0,0,0,9,2,8,1,0,0,0,13,0,12,0,12,0,2,0,6,24,36,0,0,0,0,5,0,1,0,1,1,4,3,0,0,13,20
game-232,232,"iron-hyena-pack-pressure","red-hunter-evolution",False,29,8,3,2,4,13,8,10,17,4,2,2,1,0,1,3,0,3,0,0,0,6,10,6,8,1,0,7,1,25,9,11,6,0,0,"red.ancestor.firsthunter","iron.ancestor.firstpack",2,0,6,2,10,10,4,0,1,0,0,0,7,1,7,1,0,0,0,16,0,16,0,16,0,4,0,9,28,46,0,0,1,0,6,1,1,0,2,2,4,16,0,1,21,25
game-233,233,"red-hunter-evolution","iron-hyena-pack-pressure",False,35,9,2,3,4,13,5,11,30,5,1,4,1,0,1,3,2,1,0,0,0,10,2,10,2,3,1,8,2,26,12,9,9,0,0,"red.ancestor.firsthunter","iron.ancestor.smithpassedfang",2,1,6,4,14,14,7,2,0,0,2,0,4,2,4,1,0,1,0,23,0,22,0,22,0,3,0,11,36,56,0,0,2,0,15,4,0,0,3,2,4,27,1,1,10,28
game-234,234,"red-hunter-evolution","iron-hyena-pack-pressure",False,24,6,2,3,4,5,6,9,14,3,2,1,1,0,1,2,1,1,0,0,0,4,2,4,2,0,1,5,0,12,7,6,5,0,0,"red.ancestor.firsthunter","iron.ancestor.smithpassedfang",2,2,6,6,9,8,3,3,0,0,1,0,9,4,7,1,0,0,0,10,0,10,0,10,0,3,0,5,24,34,0,0,2,0,5,2,1,0,1,1,4,11,0,0,22,20
game-235,235,"iron-hyena-pack-pressure","red-hunter-evolution",False,23,6,3,0,4,5,5,13,,2,2,0,0,0,0,2,1,1,0,0,0,0,2,0,2,0,1,9,4,22,11,7,7,0,0,"red.ancestor.grandmother","iron.ancestor.firstpack",1,0,4,2,7,9,0,1,0,0,0,0,4,0,4,0,0,0,0,14,0,14,0,14,0,3,0,9,22,38,0,0,1,0,1,0,0,0,1,1,4,,0,1,0,30
game-236,236,"iron-hyena-pack-pressure","red-hunter-evolution",False,20,5,3,0,5,12,6,11,,2,2,0,0,0,0,1,0,1,0,0,0,0,2,0,2,0,0,3,0,5,8,3,5,0,0,"red.ancestor.grandmother","iron.ancestor.firstpack",1,0,4,2,7,5,2,3,0,0,0,0,3,1,3,1,0,0,0,11,0,11,0,11,0,1,0,7,20,31,0,0,2,0,2,1,0,0,1,1,5,19,1,0,0,19
game-237,237,"iron-hyena-pack-pressure","red-hunter-evolution",False,20,5,3,1,5,13,7,7,19,2,0,2,1,0,1,2,1,1,0,0,0,6,2,6,2,0,1,1,0,18,4,6,3,0,0,"red.ancestor.grandmother","iron.ancestor.firstpack",3,2,8,6,6,6,0,2,0,0,1,0,6,0,4,0,0,0,0,8,0,8,0,8,0,2,0,5,20,28,0,0,0,0,2,1,0,0,1,1,5,17,1,0,7,21
game-238,238,"iron-hyena-pack-pressure","red-hunter-evolution",False,21,6,3,1,5,15,6,11,,2,1,1,0,0,0,2,1,1,0,0,0,2,4,2,2,3,1,4,1,9,8,5,5,0,0,"red.ancestor.grandmother","iron.ancestor.firstpack",1,0,4,2,7,6,2,2,0,0,0,0,2,0,2,0,0,0,0,12,0,12,0,12,0,2,0,7,20,34,0,0,1,0,2,0,0,0,1,1,5,17,0,1,5,28
game-239,239,"iron-hyena-pack-pressure","red-hunter-evolution",False,21,6,3,0,5,12,6,10,,2,1,1,0,0,0,2,0,2,0,0,0,2,10,2,6,0,0,2,0,10,6,5,5,0,0,"red.ancestor.firsthunter","iron.ancestor.firstpack",4,1,10,4,7,7,0,2,0,0,1,0,3,0,3,0,0,0,0,10,0,10,0,10,0,3,0,7,20,32,0,0,1,0,1,0,0,0,1,1,5,,0,1,0,23
game-240,240,"iron-hyena-pack-pressure","red-hunter-evolution",False,24,6,3,1,4,20,6,11,24,3,1,2,1,0,1,2,1,1,0,0,0,10,2,9,2,1,2,0,1,20,8,9,4,0,0,"red.ancestor.firsthunter","iron.ancestor.firstpack",2,0,6,2,9,5,4,1,0,0,0,0,6,2,5,2,0,0,0,11,0,11,0,11,0,2,0,6,24,35,0,0,2,0,6,2,1,0,1,1,4,19,0,1,3,29
game-241,241,"iron-hyena-pack-pressure","red-hunter-evolution",False,15,4,3,0,4,12,6,15,,0,0,0,0,0,0,1,0,1,0,0,0,0,4,0,2,0,0,0,0,8,4,3,3,0,0,"red.ancestor.firsthunter","iron.ancestor.firstpack",0,0,2,2,4,3,0,0,0,0,0,0,1,0,1,0,0,0,0,8,0,8,0,8,0,1,0,5,14,24,0,0,2,0,0,0,0,0,1,1,4,,0,1,0,18
game-242,242,"iron-hyena-pack-pressure","red-hunter-evolution",False,21,6,3,2,4,11,6,5,19,2,1,1,1,0,1,1,0,1,0,0,0,6,2,6,2,0,0,2,0,2,7,1,5,0,0,"red.ancestor.firsthunter","iron.ancestor.firstpack",0,0,2,2,7,5,5,0,0,0,0,0,6,1,5,1,0,0,0,17,0,16,0,16,0,5,0,7,20,38,0,0,2,0,4,1,0,0,1,1,4,9,0,1,12,25
game-243,243,"red-hunter-evolution","iron-hyena-pack-pressure",False,17,5,1,3,4,5,5,8,16,2,1,1,1,0,1,0,0,0,0,0,0,4,0,4,0,0,0,3,1,7,3,5,2,0,0,"red.ancestor.firsthunter","iron.ancestor.firstpack",1,0,4,2,5,5,4,1,0,0,0,0,5,0,4,0,0,0,0,4,0,4,0,4,0,0,0,3,18,20,0,0,0,0,4,0,0,0,1,1,4,9,1,1,21,13
game-244,244,"iron-hyena-pack-pressure","red-hunter-evolution",False,15,4,3,0,4,7,5,5,,1,1,0,0,0,0,1,0,1,0,0,0,0,4,0,4,0,0,1,0,4,7,2,4,0,0,"red.ancestor.grandmother","iron.ancestor.firstpack",1,0,4,2,3,5,0,0,0,0,0,0,2,0,2,0,0,0,0,9,0,9,0,9,0,3,0,5,14,25,0,0,1,0,1,1,0,0,1,1,4,,0,1,0,15
game-245,245,"iron-hyena-pack-pressure","red-hunter-evolution",False,45,12,3,2,4,7,6,11,22,7,2,5,1,0,1,4,4,0,0,0,0,20,0,18,0,1,1,4,2,35,19,16,12,0,0,"red.ancestor.firsthunter","iron.ancestor.firstpack",6,0,14,2,19,13,4,4,0,0,0,0,8,2,8,2,0,0,0,27,0,25,0,25,0,1,0,16,44,71,0,0,3,0,15,2,0,0,4,3,4,19,0,1,15,22
game-246,246,"iron-hyena-pack-pressure","red-hunter-evolution",False,21,6,3,2,4,12,6,9,,2,2,0,0,0,0,1,0,1,0,0,0,0,2,0,2,0,0,3,1,10,2,5,1,0,0,"red.ancestor.firsthunter","iron.ancestor.firstpack",2,0,6,2,7,4,1,4,0,0,0,0,5,2,4,1,0,0,0,14,0,13,0,13,0,3,0,5,20,35,0,0,2,0,3,0,1,0,1,1,4,11,0,1,10,37
game-247,247,"iron-hyena-pack-pressure","red-hunter-evolution",False,18,5,3,0,5,7,7,11,,3,1,2,0,0,0,2,0,2,0,0,0,4,4,4,3,1,1,5,0,12,8,5,5,0,0,"red.ancestor.firsthunter","iron.ancestor.firstpack",2,0,6,2,5,5,1,1,0,0,0,0,3,0,3,0,0,0,0,12,0,12,0,12,0,3,0,7,18,30,0,0,0,0,1,0,0,0,1,1,5,17,1,0,5,21
game-248,248,"iron-hyena-pack-pressure","red-hunter-evolution",False,13,4,3,0,4,7,6,7,,0,0,0,0,0,0,2,0,2,0,0,0,0,8,0,5,0,0,0,0,8,3,3,3,0,0,"red.ancestor.grandmother","iron.ancestor.firstpack",0,0,2,2,3,3,0,2,0,0,0,0,0,0,0,0,0,0,0,10,0,8,0,8,0,2,0,4,12,22,0,0,0,0,0,2,0,0,0,0,4,,0,1,0,22
game-249,249,"red-hunter-evolution","iron-hyena-pack-pressure",False,40,10,2,3,4,7,8,14,,5,2,3,0,0,0,2,1,1,0,0,0,8,2,7,2,1,0,9,1,25,22,12,13,0,0,"red.ancestor.firsthunter","iron.ancestor.firstpack",7,0,16,2,16,14,7,2,2,0,0,0,7,0,6,0,0,0,0,25,0,25,0,25,0,4,0,16,40,65,0,0,1,0,11,1,0,0,4,3,4,9,0,0,24,25
game-250,250,"iron-hyena-pack-pressure","red-hunter-evolution",False,18,5,3,1,4,5,7,9,,2,2,0,0,0,0,2,1,1,0,0,0,0,4,0,4,0,1,3,0,6,6,3,3,0,0,"red.ancestor.grandmother","iron.ancestor.firstpack",1,0,4,2,5,5,2,1,0,0,0,0,2,1,2,1,0,0,0,7,0,7,0,7,0,2,0,6,18,25,0,0,1,0,0,1,0,1,1,1,4,9,1,0,9,25
game-251,251,"iron-hyena-pack-pressure","red-hunter-evolution",False,21,6,3,0,4,10,7,5,,2,2,0,0,0,0,2,0,2,0,0,0,0,4,0,4,0,0,6,3,15,5,6,4,0,0,"red.ancestor.firsthunter","iron.ancestor.firstpack",0,0,2,2,6,7,2,0,0,0,0,0,2,1,2,1,0,0,0,7,0,7,0,7,0,1,0,7,20,29,0,0,2,0,2,1,0,0,1,1,4,19,0,1,0,21
game-252,252,"iron-hyena-pack-pressure","red-hunter-evolution",False,26,7,3,0,4,15,6,11,,3,2,1,0,0,0,2,1,1,0,0,0,4,2,4,2,0,1,6,0,31,4,11,3,0,0,"red.ancestor.firsthunter","iron.ancestor.firstpack",2,0,6,2,10,5,1,1,0,0,0,0,5,2,4,1,0,0,0,18,0,17,0,17,0,4,0,8,26,43,0,0,3,0,3,2,1,0,2,2,4,25,1,0,9,22
game-253,253,"red-hunter-evolution","iron-hyena-pack-pressure",False,19,5,2,3,4,12,5,9,16,2,2,0,1,0,1,0,0,0,0,0,0,2,0,2,0,0,0,3,1,6,4,3,3,0,0,"red.ancestor.firsthunter","iron.ancestor.firstpack",0,0,2,2,7,6,4,0,0,0,0,0,2,1,2,1,0,0,0,7,0,7,0,7,0,0,0,5,20,25,0,0,0,0,2,0,1,0,1,1,4,11,1,1,15,27
game-254,254,"iron-hyena-pack-pressure","red-hunter-evolution",False,16,4,3,0,4,12,6,9,,2,2,0,0,0,0,1,0,1,0,0,0,0,2,0,2,0,0,2,0,13,4,6,2,0,0,"red.ancestor.firsthunter","iron.ancestor.firstpack",2,0,6,2,5,2,1,1,0,0,0,0,2,1,2,1,0,0,0,9,0,9,0,9,0,1,0,4,16,25,0,0,1,0,1,0,0,0,1,1,4,11,0,1,0,20
game-255,255,"iron-hyena-pack-pressure","red-hunter-evolution",False,21,6,3,0,4,7,6,5,,2,2,0,0,0,0,2,0,2,0,0,0,0,4,0,4,0,0,8,1,13,6,6,4,0,0,"red.ancestor.firsthunter","iron.ancestor.firstpack",0,0,2,2,7,5,2,0,0,0,0,0,5,1,4,1,0,0,0,11,0,11,0,11,0,3,0,7,20,33,0,0,0,0,1,1,0,0,1,1,4,9,0,1,3,31
game-256,256,"iron-hyena-pack-pressure","red-hunter-evolution",False,21,6,3,1,3,15,7,14,,2,1,1,0,0,0,1,1,0,0,0,0,2,0,2,0,0,0,7,1,9,7,4,4,0,0,"red.ancestor.firsthunter","iron.ancestor.firstpack",1,0,4,2,5,7,1,0,0,0,0,0,6,0,5,0,0,0,0,13,0,13,0,13,0,2,0,8,20,35,0,0,0,0,6,1,0,0,1,1,5,3,0,1,9,30
game-257,257,"iron-hyena-pack-pressure","red-hunter-evolution",False,28,7,3,0,5,13,6,14,,4,2,2,0,0,0,2,1,1,0,0,0,4,2,4,2,2,1,6,1,23,11,10,7,0,0,"red.ancestor.grandmother","iron.ancestor.firstpack",5,2,12,6,11,9,3,5,0,0,0,0,11,2,8,2,0,0,0,17,0,17,0,17,0,7,0,10,28,45,0,0,4,0,5,2,0,0,2,2,5,27,1,0,0,27
game-258,258,"red-hunter-evolution","iron-hyena-pack-pressure",False,27,7,1,3,4,5,5,9,14,3,1,2,1,0,1,1,1,0,0,0,0,6,0,5,0,1,1,1,3,14,6,7,4,0,0,"red.ancestor.firsthunter","iron.ancestor.firstpack",3,1,8,4,11,10,3,5,0,0,2,0,1,0,1,0,0,0,0,9,0,9,0,9,0,0,0,8,28,35,0,0,1,0,12,0,0,0,2,1,4,11,1,1,16,18
game-259,259,"red-hunter-evolution","iron-hyena-pack-pressure",False,38,10,1,3,4,13,6,5,27,4,3,1,1,0,1,5,2,3,0,0,0,6,6,4,6,2,0,6,4,27,13,10,7,0,0,"red.ancestor.grandmother","iron.ancestor.firstpack",2,0,6,2,16,13,6,3,1,0,0,0,5,1,4,1,0,0,0,18,0,18,0,18,0,3,0,11,38,56,0,0,1,0,10,1,0,0,4,3,4,17,0,0,19,28
game-260,260,"iron-hyena-pack-pressure","red-hunter-evolution",False,20,5,3,0,5,10,6,7,,3,2,1,0,0,0,3,0,3,0,0,0,2,6,2,6,0,0,2,1,8,5,5,3,0,0,"red.ancestor.firsthunter","iron.ancestor.firstpack",2,0,6,2,7,6,4,1,0,0,0,0,2,3,1,3,0,0,0,9,0,9,0,9,0,4,0,6,20,29,0,0,0,0,2,0,0,0,1,1,5,17,1,0,5,20
game-261,261,"red-hunter-evolution","iron-hyena-pack-pressure",False,19,5,1,3,4,13,6,5,16,3,3,0,1,0,1,2,0,2,0,0,0,2,6,2,6,1,0,9,0,9,1,5,1,0,0,"red.ancestor.grandmother","iron.ancestor.firstpack",1,0,4,2,7,2,4,3,0,0,0,0,2,0,2,0,0,0,0,8,0,8,0,8,0,2,0,5,20,26,0,0,1,0,1,0,0,0,1,1,4,11,1,1,10,16
game-262,262,"iron-hyena-pack-pressure","red-hunter-evolution",False,24,6,3,1,4,18,6,11,19,3,2,1,1,0,1,2,1,1,0,0,0,6,6,6,4,1,1,3,0,17,9,7,6,0,0,"red.ancestor.firsthunter","iron.ancestor.firstpack",3,0,8,2,9,7,1,3,0,0,0,0,6,0,6,0,0,0,0,12,0,11,0,11,0,0,0,7,24,35,0,0,2,0,3,0,0,0,1,1,4,17,0,1,5,22
game-263,263,"iron-hyena-pack-pressure","red-hunter-evolution",False,20,5,3,0,4,7,8,5,,3,2,1,0,0,0,2,0,2,0,0,0,2,4,2,4,1,0,6,0,13,5,6,4,0,0,"red.ancestor.firsthunter","iron.ancestor.smithpassedfang",2,1,6,4,6,5,2,1,0,0,2,0,6,2,5,2,0,0,0,11,0,11,0,11,0,4,0,7,20,31,0,0,0,0,3,2,1,0,1,1,4,17,1,0,6,20
game-264,264,"iron-hyena-pack-pressure","red-hunter-evolution",False,23,6,3,0,4,15,6,13,,2,2,0,0,0,0,2,1,1,0,0,0,0,2,0,2,1,1,1,2,14,7,6,4,0,0,"red.ancestor.grandmother","iron.ancestor.firstpack",4,0,10,2,8,5,0,5,0,0,0,0,4,0,4,0,0,0,0,14,0,13,0,13,0,2,0,7,22,37,0,0,1,0,1,0,0,0,1,1,4,9,0,1,8,26
game-265,265,"red-hunter-evolution","iron-hyena-pack-pressure",False,19,5,1,3,4,11,9,9,,2,2,0,0,0,0,1,0,1,0,0,0,0,6,0,4,0,0,4,0,7,0,5,0,0,0,"red.ancestor.firsthunter","",0,0,2,0,5,0,7,0,0,0,0,0,0,9,0,3,0,0,0,7,0,6,0,6,0,3,0,3,20,24,0,0,1,0,3,0,2,0,1,1,4,6,1,1,13,10
game-266,266,"iron-hyena-pack-pressure","red-hunter-evolution",False,21,6,3,0,5,7,6,14,,2,1,1,0,0,0,1,0,1,0,0,0,2,2,2,2,0,0,7,2,16,7,7,5,0,0,"red.ancestor.grandmother","iron.ancestor.firstpack",3,2,8,6,7,5,0,2,0,0,1,0,5,0,4,0,0,0,0,11,0,11,0,11,0,2,0,6,20,33,0,0,1,0,1,0,0,0,1,1,5,,0,1,0,25
game-267,267,"red-hunter-evolution","iron-hyena-pack-pressure",False,32,8,2,3,4,5,5,8,27,3,1,2,1,0,1,2,0,2,0,0,0,8,4,6,4,0,1,2,1,27,10,9,7,0,0,"red.ancestor.firsthunter","iron.ancestor.firstpack",2,0,6,2,12,13,7,2,0,0,0,0,12,1,7,1,0,0,0,14,0,14,0,14,0,2,0,10,32,46,0,0,3,0,7,1,0,0,3,2,4,9,0,0,26,30
game-268,268,"iron-hyena-pack-pressure","red-hunter-evolution",False,15,4,3,0,4,7,5,7,,1,0,1,0,0,0,2,0,2,0,0,0,2,4,2,4,0,1,1,1,2,4,2,2,0,0,"red.ancestor.grandmother","iron.ancestor.firstpack",1,0,4,2,3,5,0,0,0,0,0,0,1,3,1,1,0,0,0,8,0,8,0,8,0,3,0,6,14,24,0,0,1,0,2,1,0,0,1,1,4,9,0,1,3,21
game-269,269,"iron-hyena-pack-pressure","red-hunter-evolution",False,21,6,3,0,4,13,6,11,,3,3,0,0,0,0,1,1,0,0,0,0,0,0,0,0,0,0,5,2,15,8,7,5,0,0,"red.ancestor.firsthunter","iron.ancestor.firstpack",2,0,6,2,7,6,1,2,0,0,0,0,4,0,4,0,0,0,0,12,0,12,0,12,0,2,0,7,20,34,0,0,1,0,1,1,0,0,1,1,4,17,0,1,4,27
game-270,270,"red-hunter-evolution","iron-hyena-pack-pressure",False,25,7,2,3,4,5,5,13,22,2,2,0,1,0,1,1,0,1,0,0,0,2,2,2,2,1,0,2,0,17,8,7,7,0,0,"red.ancestor.grandmother","iron.ancestor.firstpack",2,2,6,6,9,9,3,5,0,0,0,0,13,0,7,0,0,0,0,11,0,11,0,11,0,1,0,8,26,35,0,0,1,0,5,0,0,0,2,1,4,17,1,1,27,26
game-271,271,"red-hunter-evolution","iron-hyena-pack-pressure",False,35,9,1,3,4,15,6,11,30,5,2,3,1,0,1,3,1,2,0,0,0,10,6,10,6,1,1,3,0,37,14,14,10,0,0,"red.ancestor.grandmother","iron.ancestor.firstpack",4,0,10,2,15,10,7,4,0,0,0,0,5,1,5,1,0,0,0,17,0,17,0,17,0,2,0,12,36,51,0,0,0,0,13,1,1,0,3,2,4,27,1,1,12,15
game-272,272,"red-hunter-evolution","iron-hyena-pack-pressure",False,19,5,1,3,3,11,11,9,16,1,1,0,1,0,1,0,0,0,0,0,0,2,0,2,0,0,0,2,0,5,1,3,1,0,0,"red.ancestor.firsthunter","iron.ancestor.firstpack",0,0,2,2,4,1,3,0,0,0,0,0,4,1,3,1,0,0,0,6,0,6,0,6,0,0,0,4,20,24,0,0,0,0,1,0,1,0,1,1,4,3,1,1,17,9
game-273,273,"iron-hyena-pack-pressure","red-hunter-evolution",False,20,5,3,1,4,7,5,5,,2,2,0,0,0,0,1,0,1,0,0,0,0,2,0,2,0,0,7,0,8,11,5,7,0,0,"red.ancestor.firsthunter","iron.ancestor.firstpack",2,0,6,2,7,7,4,1,0,0,0,0,6,1,4,1,0,0,0,11,0,11,0,11,0,2,0,9,20,31,0,0,1,0,1,1,0,0,1,1,4,11,1,0,8,27
game-274,274,"iron-hyena-pack-pressure","red-hunter-evolution",False,21,6,3,0,4,5,5,14,,1,1,0,0,0,0,2,0,2,0,0,0,0,4,0,4,0,1,5,2,7,4,3,3,0,0,"red.ancestor.firsthunter","iron.ancestor.firstpack",1,2,4,6,7,8,1,1,0,0,2,0,2,1,1,1,0,0,0,8,0,8,0,8,0,2,0,6,20,30,0,0,2,0,1,0,0,0,1,1,4,,0,1,0,30
game-275,275,"iron-hyena-pack-pressure","red-hunter-evolution",False,13,4,3,0,3,7,7,7,,0,0,0,0,0,0,1,0,1,0,0,0,0,2,0,2,0,1,0,0,2,3,1,2,0,0,"red.ancestor.firsthunter","iron.ancestor.firstpack",0,0,2,2,2,3,0,0,0,0,0,0,0,0,0,0,0,0,0,8,0,8,0,8,0,1,0,4,12,22,0,0,2,0,0,0,0,0,0,0,5,3,0,1,0,29
game-276,276,"red-hunter-evolution","iron-hyena-pack-pressure",False,33,9,1,3,4,7,5,14,,4,1,3,0,0,0,2,0,2,0,0,0,6,6,6,6,2,1,0,1,23,14,10,10,0,0,"red.ancestor.firsthunter","iron.ancestor.firstpack",4,2,10,6,13,13,7,4,0,0,1,0,9,2,7,2,0,0,0,15,0,15,0,15,0,3,0,11,34,47,0,0,2,0,8,1,0,0,3,2,4,16,1,1,28,19
game-277,277,"iron-hyena-pack-pressure","red-hunter-evolution",False,18,5,3,0,4,5,5,11,,2,1,1,0,0,0,0,0,0,0,0,0,2,0,2,0,1,0,3,1,21,8,7,5,0,0,"red.ancestor.firsthunter","iron.ancestor.firstpack",0,0,2,2,6,6,1,0,0,0,0,0,1,0,1,0,0,0,0,7,0,7,0,7,0,0,0,7,18,25,0,0,1,0,1,0,0,0,1,1,4,17,1,0,5,21
game-278,278,"iron-hyena-pack-pressure","red-hunter-evolution",False,18,5,3,0,4,7,5,5,,2,2,0,0,0,0,2,0,2,0,0,0,0,8,0,8,0,0,5,0,20,5,7,3,0,0,"red.ancestor.firsthunter","iron.ancestor.firstpack",2,0,6,2,6,6,0,0,0,0,0,0,3,0,3,0,0,0,0,8,0,8,0,8,0,3,0,5,18,26,0,0,1,0,1,1,0,0,1,1,4,,1,0,0,18
game-279,279,"iron-hyena-pack-pressure","red-hunter-evolution",False,21,6,3,2,4,13,5,9,17,2,2,0,1,0,1,2,0,2,0,0,0,2,6,2,4,0,0,4,2,14,2,7,2,0,0,"red.ancestor.firsthunter","iron.ancestor.smithpassedfang",3,1,8,4,7,8,4,2,0,0,2,0,3,1,2,1,0,0,0,9,0,8,0,8,0,1,0,4,20,30,0,0,1,0,1,0,0,0,1,1,4,11,0,1,8,37
game-280,280,"red-hunter-evolution","iron-hyena-pack-pressure",False,19,5,2,3,4,5,5,9,16,2,2,0,1,0,1,0,0,0,0,0,0,2,0,2,0,0,0,4,2,8,7,5,4,0,0,"red.ancestor.grandmother","iron.ancestor.firstpack",2,0,6,2,7,6,3,2,0,0,0,0,3,0,3,0,0,0,0,6,0,6,0,6,0,0,0,6,20,24,0,0,0,0,1,0,0,0,1,1,4,11,1,1,12,24
game-281,281,"iron-hyena-pack-pressure","red-hunter-evolution",False,15,4,3,0,5,7,7,7,,0,0,0,0,0,0,2,1,1,0,0,0,0,4,0,4,0,1,0,1,2,3,1,2,0,0,"red.ancestor.firsthunter","iron.ancestor.firstpack",0,0,2,2,1,4,0,0,0,0,0,0,0,0,0,0,0,0,0,10,0,10,0,10,0,3,0,5,14,26,0,0,2,0,2,1,0,0,1,1,5,,0,1,0,15
game-282,282,"iron-hyena-pack-pressure","red-hunter-evolution",False,20,5,3,0,5,7,7,13,,2,1,1,0,0,0,2,1,1,0,0,0,2,2,2,2,0,1,5,1,18,5,6,4,0,0,"red.ancestor.firsthunter","iron.ancestor.firstpack",0,0,2,2,5,6,0,0,0,0,0,0,7,0,6,0,0,0,0,9,0,9,0,9,0,0,0,6,20,29,0,0,2,0,2,1,0,0,1,1,5,,1,0,0,15
game-283,283,"red-hunter-evolution","iron-hyena-pack-pressure",False,27,7,0,3,4,19,6,11,22,3,1,2,1,0,1,1,1,0,0,0,0,8,0,8,0,0,0,2,4,24,2,10,1,0,0,"red.ancestor.firsthunter","iron.ancestor.firstpack",2,0,6,2,11,3,2,3,0,0,0,0,10,0,8,0,0,0,0,6,0,6,0,6,0,0,0,5,28,32,0,0,0,0,7,0,0,0,2,1,4,16,1,1,17,12
game-284,284,"iron-hyena-pack-pressure","red-hunter-evolution",False,21,6,3,0,4,12,9,10,,2,1,1,0,0,0,1,0,1,0,0,0,2,2,2,2,1,0,5,1,4,7,2,4,0,0,"red.ancestor.grandmother","iron.ancestor.firstpack",1,1,4,4,5,6,2,2,0,0,0,0,2,2,2,1,0,0,0,15,0,15,0,15,0,7,0,7,20,37,0,0,2,0,4,3,0,0,1,1,4,19,0,1,0,33
game-285,285,"red-hunter-evolution","iron-hyena-pack-pressure",False,46,12,1,3,5,15,6,11,,8,3,5,0,0,0,5,5,0,0,0,0,22,0,18,0,0,0,8,6,45,1,17,1,0,0,"red.ancestor.firsthunter","iron.ancestor.smithpassedfang",6,0,14,2,20,19,6,1,2,0,7,0,2,1,2,1,0,0,0,24,0,24,0,24,0,2,0,16,46,70,0,0,1,0,19,3,0,0,5,3,5,25,0,0,13,15
game-286,286,"red-hunter-evolution","iron-hyena-pack-pressure",False,16,4,1,3,4,7,5,5,,2,2,0,0,0,0,2,1,1,0,0,0,0,2,0,2,0,0,6,1,4,5,3,3,0,0,"red.ancestor.firsthunter","iron.ancestor.firstpack",1,0,4,2,5,5,5,2,0,0,0,0,3,0,2,0,0,0,0,6,0,6,0,6,0,1,0,4,16,22,0,0,0,0,0,1,0,0,1,1,4,9,0,0,18,12
game-287,287,"red-hunter-evolution","iron-hyena-pack-pressure",False,35,9,2,3,4,13,5,11,32,4,2,2,1,0,1,2,2,0,0,0,0,6,0,5,0,2,1,4,3,33,13,12,9,0,0,"red.ancestor.firsthunter","iron.ancestor.smithpassedfang",5,1,12,4,15,14,3,1,2,0,0,0,4,0,4,0,0,0,0,13,0,13,0,13,0,0,0,9,36,47,0,0,2,0,11,1,0,0,3,2,4,25,1,1,15,26
game-288,288,"iron-hyena-pack-pressure","red-hunter-evolution",False,28,7,3,0,4,20,6,9,14,4,2,2,1,0,1,2,0,2,0,0,0,6,4,6,4,1,0,5,0,17,9,6,7,0,0,"red.ancestor.grandmother","iron.ancestor.firstpack",4,0,10,2,11,7,1,3,0,0,0,0,10,0,10,0,0,0,0,15,0,15,0,15,0,3,0,10,28,43,0,0,4,0,6,1,0,0,2,2,4,11,1,0,0,28
game-289,289,"iron-hyena-pack-pressure","red-hunter-evolution",False,28,7,3,1,5,13,7,10,,4,2,2,0,0,0,3,1,2,0,0,0,4,4,4,3,0,0,7,1,27,12,9,8,0,0,"red.ancestor.firsthunter","iron.ancestor.firstpack",3,0,8,2,10,10,0,6,0,0,0,0,7,0,7,0,0,0,0,14,0,14,0,14,0,3,0,10,28,42,0,0,3,0,3,0,0,0,2,2,5,25,1,0,8,27
game-290,290,"iron-hyena-pack-pressure","red-hunter-evolution",False,20,5,3,1,4,5,5,13,17,1,1,0,1,0,1,1,0,1,0,0,0,2,4,2,4,0,0,6,1,19,6,7,3,0,0,"red.ancestor.firsthunter","iron.ancestor.firstpack",2,0,6,2,6,7,1,0,1,0,0,0,2,0,2,0,0,0,0,7,0,7,0,7,0,2,0,6,20,27,0,0,1,0,1,0,0,0,1,1,4,16,1,0,6,31
game-291,291,"red-hunter-evolution","iron-hyena-pack-pressure",False,17,5,2,3,3,11,9,9,,1,1,0,0,0,0,0,0,0,0,0,0,0,0,0,0,0,0,2,0,2,1,1,1,0,0,"red.ancestor.firsthunter","iron.ancestor.smithpassedfang",0,0,2,2,4,1,4,0,0,0,0,0,2,3,1,1,0,0,0,7,0,7,0,7,0,3,0,3,18,23,0,0,0,0,2,2,1,0,1,1,4,3,1,1,16,12
game-292,292,"iron-hyena-pack-pressure","red-hunter-evolution",False,15,4,3,0,5,7,6,7,,1,1,0,0,0,0,1,0,1,0,0,0,0,4,0,4,0,0,2,0,9,6,4,4,0,0,"red.ancestor.grandmother","iron.ancestor.firstpack",2,0,6,2,4,4,0,2,0,0,0,0,2,0,2,0,0,0,0,11,0,11,0,11,0,2,0,6,14,27,0,0,0,0,1,1,0,0,1,1,5,,0,1,0,10
game-293,293,"red-hunter-evolution","iron-hyena-pack-pressure",False,19,5,1,3,4,13,6,9,16,2,2,0,1,0,1,0,0,0,0,0,0,2,0,2,0,0,0,5,1,5,1,3,1,0,0,"red.ancestor.grandmother","iron.ancestor.firstpack",1,0,4,2,7,2,5,1,0,0,0,0,4,0,3,0,0,0,0,5,0,5,0,5,0,0,0,3,20,23,0,0,0,0,3,1,0,0,1,1,4,11,1,1,13,18
game-294,294,"red-hunter-evolution","iron-hyena-pack-pressure",False,22,6,1,3,5,7,6,9,19,3,2,1,1,0,1,0,0,0,0,0,0,4,0,4,0,1,0,2,1,3,1,2,1,0,0,"red.ancestor.firsthunter","iron.ancestor.smithpassedfang",0,0,2,2,8,5,6,0,0,0,2,0,3,0,3,0,0,0,0,7,0,7,0,7,0,0,0,5,22,29,0,0,0,0,11,0,0,0,1,1,5,11,0,0,14,13
game-295,295,"red-hunter-evolution","iron-hyena-pack-pressure",False,32,8,2,3,4,13,6,9,19,4,3,1,1,0,1,3,1,2,0,0,0,4,4,3,4,0,2,5,1,15,11,8,8,0,0,"red.ancestor.firsthunter","iron.ancestor.firstpack",4,0,10,2,13,10,8,3,0,0,0,0,7,3,6,2,0,0,0,14,0,14,0,14,0,2,0,10,32,46,0,0,1,0,8,0,0,0,3,2,4,9,0,0,19,22
game-296,296,"iron-hyena-pack-pressure","red-hunter-evolution",False,20,5,3,2,4,12,6,5,,2,1,1,0,0,0,2,0,2,0,0,0,2,6,2,6,1,0,5,0,13,7,7,4,0,0,"red.ancestor.firsthunter","iron.ancestor.firstpack",1,0,4,2,7,5,5,0,0,0,0,0,4,1,3,1,0,0,0,12,0,12,0,12,0,4,0,7,20,32,0,0,1,0,5,1,1,0,1,1,4,11,1,0,13,24
game-297,297,"red-hunter-evolution","iron-hyena-pack-pressure",False,32,8,1,3,5,15,6,7,17,4,2,2,1,0,1,4,1,3,0,0,0,6,6,6,6,0,0,6,1,23,2,9,1,0,0,"red.ancestor.firsthunter","iron.ancestor.firstpack",2,0,6,2,13,9,8,0,0,0,0,0,2,2,2,2,0,0,0,14,0,14,0,14,0,4,0,9,32,46,0,0,1,0,11,1,0,0,2,2,5,16,0,0,19,16
game-298,298,"iron-hyena-pack-pressure","red-hunter-evolution",False,23,6,3,0,3,13,9,14,,2,2,0,0,0,0,2,0,2,0,0,0,0,4,0,3,1,0,6,0,17,5,7,4,0,0,"red.ancestor.firsthunter","iron.ancestor.firstpack",4,2,10,6,6,5,0,2,0,0,0,0,4,0,4,0,0,0,0,13,0,13,0,13,0,4,0,6,22,37,0,0,1,0,3,0,0,0,1,1,4,3,0,1,0,31
game-299,299,"iron-hyena-pack-pressure","red-hunter-evolution",False,21,6,3,1,4,7,5,5,,2,2,0,0,0,0,2,0,2,0,0,0,0,4,0,4,0,0,6,0,13,10,6,7,0,0,"red.ancestor.grandmother","iron.ancestor.firstpack",1,0,4,2,7,8,2,1,0,0,0,0,4,1,4,1,0,0,0,10,0,10,0,10,0,0,0,8,20,32,0,0,1,0,3,0,1,0,1,1,4,17,0,1,5,26
game-300,300,"iron-hyena-pack-pressure","red-hunter-evolution",False,21,6,3,0,4,10,6,8,,2,0,2,0,0,0,1,0,1,0,0,0,6,4,6,4,0,0,0,0,7,9,4,6,0,0,"red.ancestor.firsthunter","iron.ancestor.firstpack",2,1,6,4,7,6,2,1,0,0,0,0,8,1,5,1,0,0,0,11,0,11,0,11,0,2,0,8,20,33,0,0,2,0,3,2,0,0,1,1,4,9,0,1,6,19
game-301,301,"red-hunter-evolution","iron-hyena-pack-pressure",False,25,7,1,3,4,12,6,11,17,3,2,1,1,0,1,2,1,1,0,0,0,4,2,4,2,0,0,5,2,14,9,6,6,0,0,"red.ancestor.grandmother","iron.ancestor.firstpack",1,0,4,2,10,7,5,3,0,0,0,0,8,0,4,0,0,0,0,10,0,10,0,10,0,1,0,8,26,34,0,0,1,0,8,0,0,0,2,1,4,14,1,1,29,13
game-302,302,"red-hunter-evolution","iron-hyena-pack-pressure",False,27,7,1,3,3,11,8,9,14,3,2,1,1,0,1,0,0,0,0,0,0,6,0,4,0,0,0,4,1,21,6,7,4,0,0,"red.ancestor.firsthunter","iron.ancestor.firstpack",0,2,2,6,10,7,5,0,0,0,0,0,8,0,8,0,0,0,0,9,0,9,0,9,0,1,0,6,28,35,0,0,2,0,8,1,0,0,2,2,4,3,1,1,10,12
game-303,303,"red-hunter-evolution","iron-hyena-pack-pressure",False,19,5,2,3,4,7,5,9,,2,2,0,0,0,0,1,1,0,0,0,0,0,0,0,0,1,1,5,2,5,5,4,4,0,0,"red.ancestor.firsthunter","iron.ancestor.smithpassedfang",0,1,2,4,7,6,7,0,0,0,0,0,5,0,4,0,0,0,0,7,0,7,0,7,0,0,0,4,20,25,0,0,0,0,1,0,0,0,1,1,4,9,1,1,23,16
game-304,304,"iron-hyena-pack-pressure","red-hunter-evolution",False,13,4,3,1,4,5,10,8,,1,0,1,0,0,0,1,0,1,0,0,0,2,2,2,2,0,0,0,0,1,5,1,3,0,0,"red.ancestor.firsthunter","iron.ancestor.firstpack",0,0,2,2,0,2,0,0,0,0,0,0,0,0,0,0,0,0,0,9,0,8,0,8,0,2,0,3,12,22,0,0,2,0,1,0,0,0,0,0,4,9,0,1,7,29
game-305,305,"iron-hyena-pack-pressure","red-hunter-evolution",False,13,4,3,0,4,7,5,9,,1,1,0,0,0,0,1,0,1,0,0,0,0,4,0,2,0,0,1,0,6,6,3,4,0,0,"red.ancestor.firsthunter","iron.ancestor.firstpack",1,0,4,2,3,4,1,1,0,0,0,0,2,0,2,0,0,0,0,8,0,8,0,8,0,1,0,5,12,22,0,0,0,0,2,0,0,0,0,0,4,11,0,1,0,28
game-306,306,"iron-hyena-pack-pressure","red-hunter-evolution",False,23,6,3,0,4,15,6,11,,2,2,0,0,0,0,1,0,1,0,0,0,0,12,0,4,0,1,5,0,21,9,8,5,0,0,"red.ancestor.firsthunter","iron.ancestor.firstpack",2,0,6,2,8,6,1,3,0,0,0,0,8,0,7,0,0,0,0,14,0,14,0,14,0,3,0,8,22,38,0,0,0,0,2,0,0,0,1,1,4,9,0,1,4,22
game-307,307,"iron-hyena-pack-pressure","red-hunter-evolution",False,21,6,3,0,4,13,6,9,,2,1,1,0,0,0,1,0,1,0,0,0,2,2,2,2,1,0,0,0,21,9,8,6,0,0,"red.ancestor.grandmother","iron.ancestor.firstpack",1,0,4,2,7,6,0,4,0,0,0,0,5,0,5,0,0,0,0,15,0,14,0,14,0,4,0,8,20,36,0,0,2,0,3,0,0,0,1,1,4,,0,1,0,21
game-308,308,"iron-hyena-pack-pressure","red-hunter-evolution",False,15,4,3,0,4,7,7,5,,1,1,0,0,0,0,1,0,1,0,0,0,0,4,0,4,0,0,4,0,4,5,2,3,0,0,"red.ancestor.grandmother","iron.ancestor.firstpack",1,0,4,2,3,4,0,0,0,0,0,0,2,0,2,0,0,0,0,10,0,10,0,10,0,1,0,6,14,26,0,0,1,0,1,1,0,0,1,1,4,,0,1,0,23
game-309,309,"red-hunter-evolution","iron-hyena-pack-pressure",False,24,6,2,3,4,7,9,9,14,3,3,0,1,0,1,2,1,1,0,0,0,2,2,2,2,0,2,6,2,4,2,2,1,0,0,"red.ancestor.firsthunter","iron.ancestor.firstpack",0,0,2,2,7,5,7,0,0,0,0,0,13,2,8,2,0,0,0,11,0,11,0,11,0,1,0,6,24,35,0,0,2,0,8,2,1,0,1,1,4,11,0,0,19,14
game-310,310,"iron-hyena-pack-pressure","red-hunter-evolution",False,15,4,3,0,5,7,7,7,,2,2,0,0,0,0,2,0,2,0,0,0,0,8,0,8,0,0,5,0,4,5,2,3,0,0,"red.ancestor.firsthunter","iron.ancestor.firstpack",0,0,2,2,3,4,0,0,0,0,0,0,2,0,2,0,0,0,0,12,0,12,0,12,0,5,0,6,14,28,0,0,0,0,0,1,0,0,1,1,5,,0,1,0,20
game-311,311,"iron-hyena-pack-pressure","red-hunter-evolution",False,18,5,3,2,5,12,6,9,16,2,2,0,1,0,1,1,0,1,0,0,0,2,6,2,4,1,0,4,0,9,2,4,2,0,0,"red.ancestor.grandmother","iron.ancestor.firstpack",1,0,4,2,6,2,3,2,0,0,0,0,1,0,1,0,0,0,0,8,0,8,0,8,0,3,0,5,18,26,0,0,0,0,1,0,0,0,1,1,5,11,1,0,10,19
game-312,312,"iron-hyena-pack-pressure","red-hunter-evolution",False,21,6,3,0,4,8,5,7,,2,1,1,0,0,0,3,1,2,0,0,0,2,4,2,4,0,1,4,0,17,7,7,5,0,0,"red.ancestor.grandmother","iron.ancestor.firstpack",3,2,8,6,6,8,1,1,0,0,1,0,5,1,5,1,0,0,0,12,0,12,0,12,0,2,0,7,20,34,0,0,3,0,1,1,0,0,1,1,4,17,0,1,5,22
game-313,313,"red-hunter-evolution","iron-hyena-pack-pressure",False,27,7,2,3,4,13,9,9,17,3,2,1,1,0,1,2,1,1,0,0,0,4,6,3,4,0,0,3,1,5,8,3,5,0,0,"red.ancestor.firsthunter","iron.ancestor.firstpack",0,0,2,2,9,8,9,0,0,0,0,0,14,4,8,3,0,0,0,16,0,15,0,15,0,3,0,8,28,41,0,0,4,0,7,1,1,0,2,1,4,11,1,1,13,17
game-314,314,"iron-hyena-pack-pressure","red-hunter-evolution",False,29,8,3,0,4,18,8,14,,3,2,1,0,0,0,2,0,2,0,0,0,2,8,2,8,0,0,2,1,30,9,10,5,0,0,"red.ancestor.grandmother","iron.ancestor.firstpack",1,0,4,2,10,7,1,4,0,0,0,0,4,0,4,0,0,0,0,17,0,17,0,17,0,5,0,8,28,47,0,0,2,0,3,0,0,0,2,2,4,27,0,1,0,30
game-315,315,"red-hunter-evolution","iron-hyena-pack-pressure",False,38,10,2,3,4,7,6,9,33,6,2,4,1,0,1,4,2,2,0,0,0,12,4,10,4,0,0,6,3,40,17,15,11,0,0,"red.ancestor.firsthunter","iron.ancestor.firstpack",2,1,6,4,16,15,5,0,0,0,0,0,10,4,6,2,0,0,0,17,0,17,0,17,0,3,0,11,38,55,0,0,3,0,11,1,1,0,4,2,4,25,0,0,11,20
game-316,316,"iron-hyena-pack-pressure","red-hunter-evolution",False,28,7,3,0,4,5,5,11,,3,3,0,0,0,0,3,1,2,0,0,0,0,4,0,4,0,0,9,1,27,9,11,6,0,0,"red.ancestor.firsthunter","iron.ancestor.firstpack",4,2,10,6,11,11,0,1,0,0,1,0,7,0,7,0,0,0,0,16,0,16,0,16,0,3,0,12,28,44,0,0,1,0,6,2,0,0,2,2,4,,1,0,0,22
game-317,317,"iron-hyena-pack-pressure","red-hunter-evolution",False,13,4,3,0,4,5,5,7,,0,0,0,0,0,0,1,0,1,0,0,0,0,4,0,3,0,0,5,2,7,5,3,3,0,0,"red.ancestor.firsthunter","iron.ancestor.firstpack",0,0,2,2,3,4,0,0,0,0,0,0,0,0,0,0,0,0,0,7,0,7,0,7,0,0,0,5,12,21,0,0,1,0,0,1,0,0,0,0,4,,0,1,0,21
game-318,318,"iron-hyena-pack-pressure","red-hunter-evolution",False,13,4,3,0,4,7,5,10,,0,0,0,0,0,0,1,0,1,0,0,0,0,4,0,3,0,0,0,0,2,7,1,4,0,0,"red.ancestor.firsthunter","iron.ancestor.firstpack",0,0,2,2,3,4,0,0,0,0,0,0,0,0,0,0,0,0,0,9,0,9,0,9,0,1,0,5,12,23,0,0,2,0,2,1,0,0,0,0,4,,0,1,0,21
game-319,319,"red-hunter-evolution","iron-hyena-pack-pressure",False,22,6,1,3,4,14,6,9,19,2,2,0,1,0,1,1,1,0,0,0,0,2,0,2,0,0,0,4,2,7,2,4,1,0,0,"red.ancestor.firsthunter","iron.ancestor.firstpack",2,0,6,2,8,5,4,0,0,0,0,0,11,0,8,0,0,0,0,10,0,10,0,10,0,0,0,6,22,32,0,0,0,0,4,0,0,0,1,1,4,11,0,0,18,13
game-320,320,"iron-hyena-pack-pressure","red-hunter-evolution",False,21,6,3,2,4,5,5,11,,3,2,1,0,0,0,2,1,1,0,0,0,2,4,2,4,0,0,5,1,8,6,4,5,0,0,"red.ancestor.firsthunter","iron.ancestor.firstpack",2,2,6,6,5,8,3,1,0,0,0,0,7,0,6,0,0,0,0,17,0,17,0,17,0,6,0,8,20,39,0,0,0,0,3,1,0,0,1,1,4,16,0,1,13,27
game-321,321,"red-hunter-evolution","iron-hyena-pack-pressure",False,14,4,1,3,4,9,11,8,,2,1,1,0,0,0,1,0,1,0,0,0,2,2,2,2,0,1,2,1,1,0,1,0,0,0,"red.ancestor.firsthunter","",0,0,2,0,1,0,1,0,0,0,0,0,3,0,3,0,0,0,0,7,0,7,0,7,0,3,0,3,14,21,0,0,1,0,3,0,0,0,1,0,4,9,0,0,10,10
game-322,322,"iron-hyena-pack-pressure","red-hunter-evolution",False,21,6,3,0,4,5,5,10,19,2,2,0,1,0,1,1,0,1,0,0,0,2,2,2,2,1,0,4,1,14,7,5,4,0,0,"red.ancestor.firsthunter","iron.ancestor.firstpack",2,1,6,4,7,8,0,1,0,0,0,0,5,0,5,0,0,0,0,9,0,9,0,9,0,1,0,7,20,31,0,0,2,0,3,0,0,0,1,1,4,17,0,1,4,23
game-323,323,"iron-hyena-pack-pressure","red-hunter-evolution",False,21,6,3,0,4,5,5,5,,2,1,1,0,0,0,2,1,1,0,0,0,2,2,2,2,0,1,5,1,22,8,7,5,0,0,"red.ancestor.firsthunter","iron.ancestor.firstpack",2,0,6,2,7,8,1,1,0,0,0,0,3,0,3,0,0,0,0,10,0,10,0,10,0,2,0,6,20,32,0,0,2,0,2,0,0,0,1,1,4,19,0,1,0,26
game-324,324,"red-hunter-evolution","iron-hyena-pack-pressure",False,22,6,1,3,4,11,8,8,14,2,1,1,1,0,1,2,1,1,0,0,0,4,4,4,4,0,1,0,1,14,6,6,5,0,0,"red.ancestor.firsthunter","iron.ancestor.firstpack",0,0,2,2,7,6,4,0,0,0,0,0,5,0,4,0,0,0,0,11,0,11,0,11,0,1,0,7,22,33,0,0,3,0,5,1,0,0,1,1,4,9,0,0,6,20
game-325,325,"iron-hyena-pack-pressure","red-hunter-evolution",False,21,6,3,0,4,7,7,5,,2,1,1,0,0,0,2,1,1,0,0,0,2,2,2,2,0,1,5,2,19,7,7,4,0,0,"red.ancestor.firsthunter","iron.ancestor.firstpack",2,0,6,2,6,7,1,1,0,0,0,0,5,0,4,0,0,0,0,8,0,8,0,8,0,2,0,6,20,30,0,0,2,0,2,1,0,0,1,1,4,19,0,1,0,31
game-326,326,"iron-hyena-pack-pressure","red-hunter-evolution",False,16,4,3,0,4,10,7,5,,1,1,0,0,0,0,2,0,2,0,0,0,0,4,0,4,0,0,1,0,6,4,3,3,0,0,"red.ancestor.firsthunter","iron.ancestor.firstpack",0,0,2,2,4,4,3,0,0,0,0,0,0,3,0,3,0,0,0,7,0,7,0,7,0,2,0,6,16,23,0,0,2,0,2,2,1,0,1,1,4,14,0,1,0,14
game-327,327,"iron-hyena-pack-pressure","red-hunter-evolution",False,23,6,3,1,4,5,5,5,,3,2,1,0,0,0,2,0,2,0,0,0,4,6,4,6,0,0,4,1,12,10,6,8,0,0,"red.ancestor.firsthunter","iron.ancestor.firstpack",4,0,10,2,8,9,3,3,0,0,0,0,10,0,7,0,0,0,0,13,0,13,0,13,0,1,0,10,22,37,0,0,1,0,4,0,0,0,1,1,4,17,0,1,10,18
game-328,328,"iron-hyena-pack-pressure","red-hunter-evolution",False,13,4,3,0,4,5,5,5,,0,0,0,0,0,0,2,0,2,0,0,0,0,4,0,4,0,1,0,0,4,3,2,2,0,0,"red.ancestor.grandmother","iron.ancestor.firstpack",1,0,4,2,2,4,0,1,0,0,0,0,0,0,0,0,0,0,0,6,0,6,0,6,0,2,0,5,12,20,0,0,0,0,0,1,0,0,0,0,4,,0,1,0,21
game-329,329,"red-hunter-evolution","iron-hyena-pack-pressure",False,35,9,2,3,4,27,6,9,,6,3,3,0,0,0,3,1,2,0,0,0,6,4,5,4,0,1,7,1,22,10,10,7,0,0,"red.ancestor.grandmother","iron.ancestor.firstpack",7,2,16,6,15,12,6,5,2,0,0,0,11,7,8,3,0,1,0,17,0,17,0,17,0,4,0,10,36,51,0,0,2,0,8,1,2,0,3,2,4,25,1,1,20,24
game-330,330,"red-hunter-evolution","iron-hyena-pack-pressure",False,17,5,2,3,4,7,5,8,,2,1,1,0,0,0,1,1,0,0,0,0,4,0,4,0,0,1,0,0,2,7,2,4,0,0,"red.ancestor.firsthunter","iron.ancestor.firstpack",0,0,2,2,2,5,2,0,0,0,0,0,3,2,3,1,0,0,0,9,0,9,0,9,0,1,0,7,18,25,0,0,0,0,5,1,1,0,1,1,4,9,1,1,24,15
game-331,331,"iron-hyena-pack-pressure","red-hunter-evolution",False,21,6,3,0,5,13,6,14,,2,1,1,0,0,0,2,0,2,0,0,0,2,4,2,3,0,0,3,0,7,3,4,3,0,0,"red.ancestor.grandmother","iron.ancestor.smithpassedfang",2,1,6,4,7,7,0,6,0,0,1,0,3,0,2,0,0,0,0,12,0,12,0,12,0,4,0,6,20,34,0,0,3,0,2,1,0,0,1,1,5,19,0,1,0,35
game-332,332,"red-hunter-evolution","iron-hyena-pack-pressure",False,27,7,1,3,4,13,5,10,24,3,3,0,1,0,1,3,2,1,0,0,0,2,2,2,2,1,1,4,1,29,9,11,5,0,0,"red.ancestor.grandmother","iron.ancestor.firstpack",2,0,6,2,11,10,5,1,0,0,0,0,4,0,3,0,0,0,0,9,0,9,0,9,0,1,0,8,28,35,0,0,3,0,3,0,0,0,2,1,4,19,1,1,10,20
game-333,333,"red-hunter-evolution","iron-hyena-pack-pressure",False,16,4,2,3,4,5,8,8,,2,1,1,0,0,0,0,0,0,0,0,0,2,0,2,0,0,0,2,0,3,7,2,4,0,0,"red.ancestor.firsthunter","iron.ancestor.firstpack",0,0,2,2,4,3,5,0,0,0,0,0,8,0,4,0,0,0,0,4,0,4,0,4,0,0,0,4,16,20,0,0,0,0,5,0,0,0,1,1,4,9,0,0,15,15
game-334,334,"iron-hyena-pack-pressure","red-hunter-evolution",False,21,6,3,2,4,13,5,9,,2,1,1,0,0,0,2,0,2,0,0,0,2,6,2,4,0,0,5,0,8,10,5,7,0,0,"red.ancestor.grandmother","iron.ancestor.firstpack",3,0,8,2,7,8,4,2,1,0,0,0,4,0,4,0,0,0,0,12,0,12,0,12,0,3,0,8,20,34,0,0,0,0,4,0,0,0,1,1,4,11,0,1,17,33
game-335,335,"red-hunter-evolution","iron-hyena-pack-pressure",False,38,10,2,3,4,13,6,5,35,4,3,1,1,0,1,4,0,4,0,0,0,4,10,4,10,2,1,4,1,23,9,12,7,0,0,"red.ancestor.grandmother","iron.ancestor.firstpack",3,2,8,6,16,13,8,6,0,0,1,0,6,1,6,1,0,0,0,20,0,20,0,20,0,6,0,12,38,58,0,0,2,0,13,0,1,0,4,2,4,25,0,0,13,30
game-336,336,"red-hunter-evolution","iron-hyena-pack-pressure",False,40,10,1,3,4,13,5,14,,6,2,4,0,0,0,3,2,1,0,0,0,12,4,12,4,1,0,8,3,35,18,13,12,0,0,"red.ancestor.firsthunter","iron.ancestor.smithpassedfang",2,1,6,4,17,17,8,2,0,0,2,0,3,4,3,1,0,2,0,23,0,23,0,23,0,5,0,12,40,63,0,0,2,0,14,4,0,0,4,3,4,19,0,0,15,20
game-337,337,"iron-hyena-pack-pressure","red-hunter-evolution",False,21,6,3,2,5,13,6,9,,2,0,2,0,0,0,2,0,2,0,0,0,4,6,4,6,1,0,2,1,9,7,5,5,0,0,"red.ancestor.grandmother","iron.ancestor.firstpack",1,0,4,2,7,5,5,2,0,0,0,0,2,3,2,2,0,0,0,13,0,13,0,13,0,5,0,6,20,35,0,0,0,0,3,0,1,0,1,1,5,11,0,1,15,27
game-338,338,"red-hunter-evolution","iron-hyena-pack-pressure",False,43,11,1,3,4,15,6,11,27,6,2,4,1,0,1,4,3,1,0,0,0,14,2,12,2,4,1,7,5,33,6,12,4,0,0,"red.ancestor.grandmother","iron.ancestor.firstpack",5,0,12,2,19,14,5,5,0,0,0,0,9,1,8,0,0,1,0,22,0,22,0,22,0,1,0,12,44,64,0,0,3,0,17,1,0,0,4,3,4,25,1,1,19,23
game-339,339,"iron-hyena-pack-pressure","red-hunter-evolution",False,36,9,3,1,4,28,8,10,,5,2,3,0,0,0,5,2,3,0,0,0,6,10,6,10,0,0,5,4,40,8,13,5,0,0,"red.ancestor.firsthunter","iron.ancestor.firstpack",4,0,10,2,14,10,2,4,0,0,0,0,12,0,9,0,0,0,0,22,0,21,0,21,0,3,0,11,36,57,0,0,3,0,5,1,0,0,3,2,4,33,1,0,8,31
game-340,340,"iron-hyena-pack-pressure","red-hunter-evolution",False,18,5,3,0,4,7,8,14,,1,1,0,0,0,0,1,0,1,0,0,0,0,2,0,2,0,0,6,1,12,6,5,3,0,0,"red.ancestor.firsthunter","iron.ancestor.firstpack",0,0,2,2,5,3,1,0,0,0,0,0,5,0,4,0,0,0,0,7,0,7,0,7,0,1,0,4,18,25,0,0,0,0,2,1,0,0,1,1,4,9,1,0,4,22
game-341,341,"iron-hyena-pack-pressure","red-hunter-evolution",False,23,6,3,1,4,7,5,11,,3,3,0,0,0,0,2,0,2,0,0,0,0,4,0,4,0,1,7,4,18,5,8,4,0,0,"red.ancestor.firsthunter","iron.ancestor.smithpassedfang",4,3,10,8,8,9,1,3,0,0,2,0,4,0,4,0,0,0,0,11,0,11,0,11,0,2,0,5,22,35,0,0,1,0,1,1,0,0,1,1,4,17,0,1,8,18
game-342,342,"red-hunter-evolution","iron-hyena-pack-pressure",False,35,9,2,3,4,13,6,14,27,3,2,1,1,0,1,2,0,2,0,0,0,6,4,6,4,0,1,6,1,29,10,10,7,0,0,"red.ancestor.grandmother","iron.ancestor.firstpack",4,0,10,2,15,11,1,4,0,0,0,0,5,2,5,2,0,0,0,16,0,16,0,16,0,3,0,10,36,50,0,1,3,0,15,1,2,0,3,2,4,25,1,1,20,25
game-343,343,"iron-hyena-pack-pressure","red-hunter-evolution",False,23,6,3,1,5,7,6,11,19,3,3,0,1,0,1,1,1,0,0,0,0,2,0,2,0,0,0,4,2,14,9,7,6,0,0,"red.ancestor.firsthunter","iron.ancestor.firstpack",2,0,6,2,8,8,4,0,0,0,0,0,6,1,5,1,0,0,0,11,0,11,0,11,0,0,0,8,22,35,0,0,0,0,3,1,0,0,1,1,5,17,0,1,5,19
game-344,344,"iron-hyena-pack-pressure","red-hunter-evolution",False,23,6,3,1,4,12,8,10,,2,2,0,0,0,0,2,0,2,0,0,0,0,6,0,5,0,0,7,0,10,8,5,5,0,0,"red.ancestor.firsthunter","iron.ancestor.firstpack",2,0,6,2,7,6,3,1,0,0,0,0,4,0,4,0,0,0,0,12,0,12,0,12,0,2,0,8,22,36,0,0,1,0,3,1,0,0,1,1,4,17,0,1,5,27
game-345,345,"iron-hyena-pack-pressure","red-hunter-evolution",False,28,7,3,0,4,12,6,12,19,4,2,2,1,0,1,3,1,2,0,0,0,6,4,6,4,2,1,6,1,22,14,8,8,0,0,"red.ancestor.firsthunter","iron.ancestor.firstpack",4,0,10,2,11,9,1,3,0,0,0,0,7,2,7,1,0,0,0,19,0,18,0,18,0,4,0,10,28,46,0,0,2,0,5,5,0,0,2,2,4,17,1,0,5,36
game-346,346,"red-hunter-evolution","iron-hyena-pack-pressure",False,19,5,1,3,4,5,5,9,19,2,0,2,1,0,1,1,1,0,0,0,0,6,0,6,0,0,0,2,0,6,5,4,3,0,0,"red.ancestor.firsthunter","iron.ancestor.firstpack",1,0,4,2,6,6,3,1,0,0,0,0,6,0,3,0,0,0,0,5,0,5,0,5,0,0,0,5,20,23,0,0,0,0,4,0,0,0,1,1,4,11,1,1,19,14
game-347,347,"iron-hyena-pack-pressure","red-hunter-evolution",False,26,7,3,2,4,5,5,11,22,3,3,0,1,0,1,3,2,1,0,0,0,2,2,2,2,0,1,9,3,25,9,10,6,0,0,"red.ancestor.firsthunter","iron.ancestor.firstpack",0,0,2,2,10,10,4,0,0,0,0,0,8,0,7,0,0,0,0,15,0,13,0,13,0,3,0,8,26,39,0,0,3,0,5,0,0,0,2,1,4,16,1,0,15,30
game-348,348,"iron-hyena-pack-pressure","red-hunter-evolution",False,15,4,3,2,4,5,5,7,,2,2,0,0,0,0,2,0,2,0,0,0,0,8,0,7,0,0,3,0,8,4,3,2,0,0,"red.ancestor.firsthunter","iron.ancestor.firstpack",0,0,2,2,4,5,2,0,0,0,0,0,0,0,0,0,0,0,0,10,0,10,0,10,0,3,0,5,14,26,0,0,0,0,0,0,0,0,1,1,4,11,0,1,0,20
game-349,349,"iron-hyena-pack-pressure","red-hunter-evolution",False,20,5,3,0,4,7,8,11,,1,1,0,0,0,0,0,0,0,0,0,0,0,0,0,0,0,0,1,3,10,3,5,2,0,0,"red.ancestor.firsthunter","iron.ancestor.firstpack",2,0,6,2,6,2,0,0,0,0,0,0,4,0,4,0,0,0,0,9,0,9,0,9,0,1,0,5,20,29,0,0,1,0,2,0,0,0,1,1,4,,1,0,0,9
game-350,350,"iron-hyena-pack-pressure","red-hunter-evolution",False,23,6,3,0,4,7,6,14,,2,1,1,0,0,0,1,0,1,0,0,0,2,2,2,2,0,1,5,3,20,8,8,5,0,0,"red.ancestor.firsthunter","iron.ancestor.firstpack",2,0,6,2,8,5,2,1,0,0,0,0,4,1,4,1,0,0,0,7,0,7,0,7,0,1,0,5,22,31,0,0,1,0,3,1,0,0,1,1,4,17,0,1,3,20
game-351,351,"red-hunter-evolution","iron-hyena-pack-pressure",False,40,10,2,3,5,7,7,9,,3,1,2,0,0,0,4,2,2,0,0,0,6,4,6,4,2,2,2,2,24,17,9,10,0,0,"red.ancestor.firsthunter","iron.ancestor.firstpack",2,0,6,2,16,16,8,1,0,0,0,0,2,1,2,0,0,1,0,22,0,22,0,22,0,3,0,13,40,62,0,0,2,0,12,3,0,0,4,3,5,17,0,0,18,22
game-352,352,"iron-hyena-pack-pressure","red-hunter-evolution",False,15,4,3,0,5,7,7,7,,0,0,0,0,0,0,2,0,2,0,0,0,0,8,0,7,0,1,0,0,10,4,3,3,0,0,"red.ancestor.firsthunter","iron.ancestor.firstpack",0,0,2,2,2,4,0,0,0,0,0,0,3,0,2,0,0,0,0,8,0,8,0,8,0,2,0,4,14,24,0,0,1,0,1,1,0,0,1,1,5,,0,1,0,18
game-353,353,"red-hunter-evolution","iron-hyena-pack-pressure",False,22,6,1,3,3,13,8,9,19,2,1,1,1,0,1,2,2,0,0,0,0,6,0,6,0,0,0,3,4,5,7,3,5,0,0,"red.ancestor.grandmother","iron.ancestor.firstpack",1,0,4,2,7,6,0,5,2,0,0,0,23,0,12,0,0,0,0,12,0,12,0,12,0,0,0,7,22,34,0,0,0,0,6,0,0,0,1,1,5,3,0,0,15,21
game-354,354,"iron-hyena-pack-pressure","red-hunter-evolution",False,42,11,3,2,5,13,7,19,,5,1,4,0,0,0,3,3,0,0,0,0,14,0,12,0,3,0,0,3,30,9,13,7,0,0,"red.ancestor.grandmother","iron.ancestor.firstpack",6,2,14,6,17,17,3,3,3,0,4,0,10,1,6,1,0,0,0,32,0,30,0,30,0,5,0,17,42,72,0,0,2,0,13,1,1,0,5,3,5,24,1,0,24,23
game-355,355,"iron-hyena-pack-pressure","red-hunter-evolution",False,21,6,3,1,4,7,8,11,17,2,2,0,1,0,1,2,1,1,0,0,0,2,4,2,4,0,2,5,1,19,6,7,5,0,0,"red.ancestor.firsthunter","iron.ancestor.firstpack",0,0,2,2,6,6,2,0,0,0,0,0,4,0,3,0,0,0,0,12,0,11,0,11,0,1,0,8,20,33,0,0,1,0,1,0,0,0,1,1,4,16,0,1,6,22
game-356,356,"iron-hyena-pack-pressure","red-hunter-evolution",False,20,5,3,0,4,7,5,10,,2,2,0,0,0,0,2,1,1,0,0,0,0,2,0,2,0,1,6,0,17,9,7,7,0,0,"red.ancestor.firsthunter","iron.ancestor.firstpack",2,2,6,6,6,7,0,3,0,0,1,0,4,0,4,0,0,0,0,12,0,12,0,12,0,2,0,9,20,32,0,0,2,0,1,0,0,0,1,1,4,,1,0,0,24
game-357,357,"iron-hyena-pack-pressure","red-hunter-evolution",False,23,6,3,0,4,7,5,14,,1,1,0,0,0,0,2,1,1,0,0,0,0,2,0,2,0,1,0,1,16,7,6,6,0,0,"red.ancestor.firsthunter","iron.ancestor.smithpassedfang",2,1,6,4,6,9,0,3,0,0,1,0,5,0,4,0,0,0,0,13,0,13,0,13,0,2,0,7,22,37,0,0,3,0,3,1,0,0,1,1,4,,0,1,0,25
game-358,358,"iron-hyena-pack-pressure","red-hunter-evolution",False,18,5,3,2,5,12,6,11,,2,2,0,0,0,0,1,1,0,0,0,0,0,0,0,0,0,1,6,2,9,6,4,4,0,0,"red.ancestor.firsthunter","iron.ancestor.firstpack",0,0,2,2,6,5,5,0,0,0,0,0,3,0,2,0,0,0,0,7,0,7,0,7,0,1,0,6,18,25,0,0,1,0,1,1,0,0,1,1,5,9,1,0,24,8
game-359,359,"red-hunter-evolution","iron-hyena-pack-pressure",False,17,5,1,3,5,12,6,7,,2,2,0,0,0,0,2,1,1,0,0,0,0,4,0,4,0,1,1,0,4,3,2,3,0,0,"red.ancestor.grandmother","iron.ancestor.firstpack",1,0,4,2,6,4,7,2,0,0,0,0,2,0,2,0,0,0,0,8,0,8,0,8,0,2,0,6,18,24,0,0,1,0,2,1,0,0,1,1,5,11,1,1,26,11
game-360,360,"iron-hyena-pack-pressure","red-hunter-evolution",False,23,6,3,1,4,13,6,5,,1,1,0,0,0,0,3,1,2,0,0,0,0,4,0,4,0,0,4,1,19,8,7,5,0,0,"red.ancestor.firsthunter","iron.ancestor.firstpack",3,0,8,2,8,6,1,0,1,0,0,0,6,0,4,0,0,0,0,15,0,13,0,13,0,1,0,7,22,37,0,0,1,0,3,4,0,0,1,1,4,17,0,1,8,17
game-361,361,"iron-hyena-pack-pressure","red-hunter-evolution",False,20,5,3,0,5,7,7,7,,2,0,2,0,0,0,3,1,2,0,0,0,6,6,6,5,1,0,1,1,14,4,6,3,0,0,"red.ancestor.firsthunter","iron.ancestor.firstpack",3,0,8,2,6,6,1,2,0,0,0,0,2,0,2,0,0,0,0,12,0,12,0,12,0,5,0,7,20,32,0,0,3,0,2,1,0,0,1,1,5,19,1,0,0,25
game-362,362,"iron-hyena-pack-pressure","red-hunter-evolution",False,18,5,3,0,4,5,5,11,,2,1,1,0,0,0,2,1,1,0,0,0,2,2,2,1,2,2,5,0,18,6,7,4,0,0,"red.ancestor.firsthunter","iron.ancestor.firstpack",1,0,4,2,6,6,1,1,0,0,0,0,1,0,1,0,0,0,0,6,0,6,0,6,0,0,0,5,18,24,0,0,2,0,0,1,0,0,1,1,4,17,1,0,5,22
game-363,363,"iron-hyena-pack-pressure","red-hunter-evolution",False,20,5,3,2,4,10,5,5,16,2,1,1,1,0,1,2,0,2,0,0,0,4,4,4,4,1,1,1,2,8,2,4,2,0,0,"red.ancestor.firsthunter","iron.ancestor.firstpack",0,1,2,4,7,7,5,0,0,0,1,0,2,2,2,2,0,0,0,11,0,11,0,11,0,4,0,7,20,31,0,0,2,0,4,0,1,0,1,1,4,14,1,0,12,24
game-364,364,"iron-hyena-pack-pressure","red-hunter-evolution",False,15,4,3,0,4,5,6,12,,0,0,0,0,0,0,1,0,1,0,0,0,0,2,0,2,0,0,0,2,7,8,3,4,0,0,"red.ancestor.firsthunter","iron.ancestor.firstpack",2,0,6,2,4,4,0,2,0,0,0,0,2,0,1,0,0,0,0,8,0,8,0,8,0,2,0,7,14,24,0,0,2,0,0,1,0,1,1,1,4,,0,1,0,20
game-365,365,"red-hunter-evolution","iron-hyena-pack-pressure",False,19,5,0,3,5,16,6,11,,3,3,0,0,0,0,0,0,0,0,0,0,0,0,0,0,0,0,9,0,14,5,7,3,0,0,"red.ancestor.grandmother","iron.ancestor.firstpack",4,0,10,2,7,5,5,5,0,0,0,0,6,0,4,0,0,0,0,5,0,5,0,5,0,0,0,4,20,23,0,0,0,0,2,0,0,0,1,1,5,11,1,1,16,7
game-366,366,"iron-hyena-pack-pressure","red-hunter-evolution",False,28,7,3,1,4,13,5,15,19,3,1,2,1,0,1,2,2,0,0,0,0,10,0,8,0,0,2,4,2,18,11,8,8,0,0,"red.ancestor.firsthunter","iron.ancestor.smithpassedfang",4,1,10,4,10,11,4,1,0,0,1,0,8,1,7,1,0,0,0,17,0,15,0,15,0,1,0,8,28,43,0,0,3,0,5,0,0,0,2,2,4,17,1,0,5,27
game-367,367,"red-hunter-evolution","iron-hyena-pack-pressure",False,30,8,2,3,4,7,5,11,19,3,1,2,1,0,1,2,0,2,0,0,0,6,6,6,6,1,1,2,0,13,14,6,9,0,0,"red.ancestor.grandmother","iron.ancestor.firstpack",2,0,6,2,11,12,2,4,0,0,0,0,2,1,2,1,0,0,0,17,0,17,0,17,0,4,0,11,30,47,0,0,1,0,12,0,0,0,2,2,4,17,0,0,17,19
game-368,368,"red-hunter-evolution","iron-hyena-pack-pressure",False,32,8,2,3,4,7,5,14,,4,3,1,0,0,0,1,0,1,0,0,0,2,12,2,4,1,0,9,0,19,10,8,8,0,0,"red.ancestor.grandmother","iron.ancestor.firstpack",4,2,10,6,13,13,7,3,2,0,0,0,4,0,3,0,0,0,0,17,0,16,0,16,0,0,0,10,32,48,0,2,1,0,11,1,0,0,3,2,4,17,0,0,19,20
game-369,369,"iron-hyena-pack-pressure","red-hunter-evolution",False,22,6,3,1,4,7,5,9,16,2,2,0,1,0,1,1,0,1,0,0,0,2,2,2,2,0,0,7,0,4,7,2,5,0,0,"red.ancestor.firsthunter","iron.ancestor.firstpack",0,2,2,6,6,8,5,0,0,0,1,0,8,4,5,2,0,0,0,13,0,12,0,12,0,3,0,7,22,34,0,0,2,0,3,1,0,0,1,1,4,11,0,1,10,27
game-370,370,"iron-hyena-pack-pressure","red-hunter-evolution",False,21,6,3,0,5,7,6,11,,3,2,1,0,0,0,2,0,2,0,0,0,2,4,2,4,1,1,7,2,12,3,5,2,0,0,"red.ancestor.firsthunter","iron.ancestor.smithpassedfang",2,1,6,4,7,7,2,1,0,0,2,0,6,3,4,2,0,0,0,9,0,9,0,9,0,4,0,5,20,31,0,0,1,0,2,0,0,0,1,1,5,19,0,1,0,29
game-371,371,"iron-hyena-pack-pressure","red-hunter-evolution",False,28,7,3,2,4,5,5,7,17,3,3,0,1,0,1,4,1,3,0,0,0,2,12,2,10,1,1,5,1,10,6,5,5,0,0,"red.ancestor.grandmother","iron.ancestor.firstpack",1,2,4,6,10,11,6,2,0,0,2,0,5,1,5,1,0,0,0,18,0,17,0,17,0,5,0,8,28,45,0,0,1,0,5,0,1,0,2,2,4,16,1,0,18,23
game-372,372,"iron-hyena-pack-pressure","red-hunter-evolution",False,26,7,3,1,4,7,5,10,22,3,2,1,1,0,1,3,2,1,0,0,0,4,2,4,2,1,1,5,1,28,12,8,8,0,0,"red.ancestor.firsthunter","iron.ancestor.firstpack",0,0,2,2,7,10,2,0,0,0,0,0,9,0,8,0,0,0,0,14,0,14,0,14,0,2,0,11,26,40,0,0,1,0,5,1,0,0,2,1,4,17,1,0,5,24
game-373,373,"iron-hyena-pack-pressure","red-hunter-evolution",False,14,4,3,0,4,5,5,12,,1,1,0,0,0,0,1,0,1,0,0,0,0,2,0,2,0,0,2,0,7,6,3,3,0,0,"red.ancestor.firsthunter","iron.ancestor.firstpack",0,0,2,2,4,4,0,0,0,0,0,0,1,0,1,0,0,0,0,6,0,6,0,6,0,1,0,6,14,20,0,0,2,0,0,1,0,0,1,0,4,,0,1,0,25
game-374,374,"iron-hyena-pack-pressure","red-hunter-evolution",False,28,7,3,1,5,7,6,9,27,4,3,1,1,0,1,1,0,1,0,0,0,6,2,6,2,0,1,7,2,18,10,8,7,0,0,"red.ancestor.grandmother","iron.ancestor.firstpack",3,0,8,2,11,10,4,2,2,0,0,0,11,1,8,1,0,0,0,12,0,12,0,12,0,1,0,10,28,40,0,0,3,0,6,0,0,0,2,2,5,19,1,0,9,19
game-375,375,"red-hunter-evolution","iron-hyena-pack-pressure",False,14,4,1,3,5,9,6,7,,2,1,1,0,0,0,1,0,1,0,0,0,2,2,2,2,0,0,2,0,6,0,3,0,0,0,"red.ancestor.firsthunter","",1,0,4,0,4,0,2,3,0,0,0,0,1,0,1,0,0,0,0,4,0,4,0,4,0,1,0,3,14,18,0,0,0,0,1,0,0,0,1,0,5,9,0,0,10,9
game-376,376,"iron-hyena-pack-pressure","red-hunter-evolution",False,21,6,3,0,4,13,6,11,19,3,3,0,1,0,1,2,0,2,0,0,0,2,4,2,3,0,0,10,0,9,6,4,4,0,0,"red.ancestor.grandmother","iron.ancestor.firstpack",1,0,4,2,7,4,1,3,0,0,0,0,12,0,8,0,0,0,0,15,0,15,0,15,0,3,0,7,20,37,0,0,1,0,1,2,0,1,1,1,4,17,0,1,5,24
game-377,377,"iron-hyena-pack-pressure","red-hunter-evolution",False,23,6,3,0,4,12,6,10,,3,2,1,0,0,0,1,0,1,0,0,0,2,2,2,2,0,0,6,0,21,6,8,4,0,0,"red.ancestor.firsthunter","iron.ancestor.smithpassedfang",2,1,6,4,8,6,0,1,0,0,2,0,6,0,6,0,0,0,0,12,0,12,0,12,0,2,0,8,22,36,0,0,1,0,3,1,0,0,1,1,4,,0,1,0,17
game-378,378,"iron-hyena-pack-pressure","red-hunter-evolution",False,20,5,3,1,4,13,6,14,,2,2,0,0,0,0,0,0,0,0,0,0,0,0,0,0,0,0,4,0,16,5,6,3,0,0,"red.ancestor.firsthunter","iron.ancestor.firstpack",4,0,10,2,7,3,1,3,0,0,0,0,2,0,2,0,0,0,0,10,0,10,0,10,0,2,0,5,20,30,0,0,2,0,1,0,0,0,1,1,4,17,1,0,7,27
game-379,379,"red-hunter-evolution","iron-hyena-pack-pressure",False,17,5,1,3,4,13,5,9,,2,2,0,0,0,0,0,0,0,0,0,0,0,0,0,0,0,0,3,2,5,2,3,2,0,0,"red.ancestor.grandmother","iron.ancestor.smithpassedfang",1,1,4,4,5,5,4,1,0,0,1,0,2,0,2,0,0,0,0,5,0,5,0,5,0,0,0,3,18,21,0,0,1,0,0,0,0,0,1,1,4,11,1,1,20,15
game-380,380,"iron-hyena-pack-pressure","red-hunter-evolution",False,21,6,3,0,4,15,6,5,,2,1,1,0,0,0,1,0,1,0,0,0,2,2,2,2,0,0,3,0,15,7,6,4,0,0,"red.ancestor.grandmother","iron.ancestor.firstpack",3,0,8,2,7,4,1,2,0,0,0,0,5,0,4,0,0,0,0,10,0,10,0,10,0,1,0,7,20,32,0,0,1,0,1,0,0,0,1,1,4,17,0,1,5,29
game-381,381,"red-hunter-evolution","iron-hyena-pack-pressure",False,22,6,2,3,3,11,7,9,,2,2,0,0,0,0,1,0,1,0,0,0,0,2,0,2,1,0,6,1,3,7,3,5,0,0,"red.ancestor.grandmother","iron.ancestor.firstpack",1,1,4,4,7,7,6,3,0,0,0,0,7,1,4,1,0,0,0,9,0,9,0,9,0,1,0,6,22,31,0,0,0,0,4,0,0,0,1,1,5,3,0,0,14,16
game-382,382,"iron-hyena-pack-pressure","red-hunter-evolution",False,23,6,3,0,5,7,7,14,,2,1,1,0,0,0,2,1,1,0,0,0,4,2,4,2,0,0,5,1,26,11,8,7,0,0,"red.ancestor.firsthunter","iron.ancestor.firstpack",0,0,2,2,7,8,0,0,0,0,0,0,7,0,6,0,0,0,0,10,0,10,0,10,0,0,0,8,22,34,0,0,2,0,5,2,0,0,1,1,5,,0,1,0,16
game-383,383,"red-hunter-evolution","iron-hyena-pack-pressure",False,17,5,0,3,3,11,8,9,,2,2,0,0,0,0,0,0,0,0,0,0,0,0,0,0,0,0,8,1,2,0,2,0,0,0,"red.ancestor.grandmother","",1,0,4,0,5,0,4,3,0,0,0,0,1,0,1,0,0,0,0,2,0,2,0,2,0,0,0,2,18,18,0,0,1,0,3,0,0,0,1,1,4,3,1,1,30,3
game-384,384,"red-hunter-evolution","iron-hyena-pack-pressure",False,40,10,2,3,4,13,6,14,19,5,2,3,1,0,1,3,2,1,0,0,0,14,2,10,2,1,2,9,1,31,2,14,2,0,0,"red.ancestor.firsthunter","iron.ancestor.smithpassedfang",7,1,16,4,17,13,5,4,0,0,1,0,3,2,3,2,0,0,0,27,0,27,0,27,0,6,0,14,40,67,0,0,3,0,12,1,0,0,3,3,4,17,0,0,24,22
game-385,385,"iron-hyena-pack-pressure","red-hunter-evolution",False,15,4,3,0,3,11,7,7,,0,0,0,0,0,0,1,0,1,0,0,0,0,2,0,2,0,0,0,0,6,4,2,3,0,0,"red.ancestor.firsthunter","iron.ancestor.firstpack",1,0,4,2,1,4,0,1,0,0,0,0,1,0,1,0,0,0,0,11,0,11,0,11,0,3,0,6,14,27,0,0,1,0,1,2,0,0,1,1,5,3,0,1,0,20
game-386,386,"iron-hyena-pack-pressure","red-hunter-evolution",False,29,8,3,0,4,7,5,11,,4,1,3,0,0,0,2,2,0,0,0,0,8,0,8,0,3,1,3,3,39,6,12,4,0,0,"red.ancestor.firsthunter","iron.ancestor.smithpassedfang",3,1,8,4,11,12,0,2,0,0,4,0,9,0,8,0,0,0,0,20,0,18,0,18,0,4,0,10,28,48,0,0,1,0,8,5,0,0,2,2,4,,0,1,0,29
game-387,387,"red-hunter-evolution","iron-hyena-pack-pressure",False,19,5,0,3,4,14,6,9,16,2,2,0,1,0,1,0,0,0,0,0,0,2,0,2,0,0,0,3,3,6,0,3,0,0,0,"red.ancestor.firsthunter","",0,0,2,0,7,0,6,0,0,0,0,0,0,0,0,0,0,0,0,5,0,5,0,5,0,0,0,5,20,23,0,0,0,0,5,0,0,0,1,1,4,11,1,1,15,6
game-388,388,"red-hunter-evolution","iron-hyena-pack-pressure",False,40,10,2,3,4,7,5,11,33,4,3,1,1,0,1,3,1,2,0,0,0,4,6,4,6,0,1,6,2,40,17,15,12,0,0,"red.ancestor.firsthunter","iron.ancestor.smithpassedfang",6,1,14,4,17,17,8,1,3,0,2,0,11,1,7,1,0,0,0,19,0,19,0,19,0,2,0,12,40,59,0,0,2,0,12,0,1,0,4,3,4,17,0,0,23,27
game-389,389,"iron-hyena-pack-pressure","red-hunter-evolution",False,21,6,3,2,4,7,5,5,,2,2,0,0,0,0,2,1,1,0,0,0,0,2,0,2,0,0,5,1,10,6,5,5,0,0,"red.ancestor.firsthunter","iron.ancestor.firstpack",0,2,2,6,7,8,5,0,0,0,0,0,7,0,5,0,0,0,0,10,0,10,0,10,0,2,0,8,20,32,0,0,2,0,1,1,0,0,1,1,4,9,0,1,20,27
game-390,390,"red-hunter-evolution","iron-hyena-pack-pressure",False,33,9,0,3,5,22,6,11,19,5,1,4,1,0,1,2,2,0,0,0,0,16,0,11,0,2,0,1,2,14,2,6,1,0,0,"red.ancestor.grandmother","iron.ancestor.firstpack",3,0,8,2,14,6,9,3,0,0,0,0,15,3,6,2,0,0,0,14,0,14,0,14,0,2,0,8,34,46,0,0,2,0,12,1,0,0,3,2,5,17,1,1,17,18
game-391,391,"iron-hyena-pack-pressure","red-hunter-evolution",False,31,8,3,1,4,7,6,5,,2,2,0,0,0,0,4,2,2,0,0,0,0,4,0,4,0,2,4,0,30,7,10,5,0,0,"red.ancestor.firsthunter","iron.ancestor.firstpack",4,2,10,6,12,10,3,2,0,0,1,0,8,0,7,0,0,0,0,14,0,14,0,14,0,3,0,10,30,46,0,2,2,0,11,1,0,0,2,2,4,9,0,1,12,25
game-392,392,"iron-hyena-pack-pressure","red-hunter-evolution",False,20,5,3,1,4,7,5,14,,1,1,0,0,0,0,1,1,0,0,0,0,0,0,0,0,0,1,4,0,17,6,7,4,0,0,"red.ancestor.firsthunter","iron.ancestor.firstpack",3,0,8,2,7,7,1,1,1,0,0,0,1,0,1,0,0,0,0,15,0,14,0,14,0,0,0,9,20,34,0,0,1,0,4,2,0,0,1,1,4,16,1,0,14,25
game-393,393,"iron-hyena-pack-pressure","red-hunter-evolution",False,23,6,3,0,4,13,5,5,,4,2,2,0,0,0,3,0,3,0,0,0,4,12,4,7,1,0,5,0,17,14,7,9,0,0,"red.ancestor.grandmother","iron.ancestor.firstpack",2,0,6,2,8,9,0,5,0,0,0,0,7,0,7,0,0,0,0,13,0,13,0,13,0,2,0,9,22,37,0,0,2,0,3,1,0,0,1,1,4,,0,1,0,27
game-394,394,"iron-hyena-pack-pressure","red-hunter-evolution",False,26,7,3,0,4,7,8,13,,3,0,3,0,0,0,2,1,1,0,0,0,14,2,10,2,0,1,1,3,20,4,8,3,0,0,"red.ancestor.firsthunter","iron.ancestor.firstpack",3,0,8,2,9,3,0,1,2,0,0,0,3,0,3,0,0,0,0,14,0,14,0,14,0,1,0,9,26,40,0,0,0,0,4,2,0,0,2,1,4,,1,0,0,19
game-395,395,"red-hunter-evolution","iron-hyena-pack-pressure",False,16,4,1,3,3,11,11,9,,2,1,1,0,0,0,0,0,0,0,0,0,2,0,2,0,0,0,3,1,2,0,1,0,0,0,"red.ancestor.firsthunter","",0,0,2,0,2,0,4,0,0,0,0,0,6,1,3,1,0,0,0,4,0,4,0,4,0,0,0,3,16,20,0,0,2,0,4,0,1,0,1,1,5,3,0,0,16,9
game-396,396,"red-hunter-evolution","iron-hyena-pack-pressure",False,16,4,0,3,3,11,11,9,,2,1,1,0,0,0,0,0,0,0,0,0,2,0,2,0,0,0,3,1,4,2,2,1,0,0,"red.ancestor.firsthunter","iron.ancestor.firstpack",1,0,4,2,2,1,4,0,0,0,0,0,4,0,4,0,0,0,0,4,0,4,0,4,0,0,0,4,16,20,0,0,0,0,4,1,0,0,1,1,5,3,0,0,14,10
game-397,397,"red-hunter-evolution","iron-hyena-pack-pressure",False,32,8,0,3,7,17,6,11,,3,2,1,0,0,0,2,2,0,0,0,0,2,0,2,0,0,0,4,4,19,2,11,1,0,0,"red.ancestor.grandmother","iron.ancestor.firstpack",3,0,8,2,13,11,9,1,0,0,0,0,2,4,2,2,0,1,0,12,0,12,0,12,0,1,0,9,32,44,0,0,0,0,12,1,0,0,3,2,7,14,0,0,20,11
game-398,398,"iron-hyena-pack-pressure","red-hunter-evolution",False,29,8,3,1,5,13,7,7,22,3,3,0,1,0,1,3,2,1,0,0,0,2,2,2,2,0,1,9,2,34,9,11,6,0,0,"red.ancestor.firsthunter","iron.ancestor.firstpack",2,0,6,2,10,11,2,1,0,0,0,0,8,0,8,0,0,0,0,15,0,14,0,14,0,2,0,7,28,44,0,0,3,0,4,1,0,0,2,2,5,17,0,1,5,31
game-399,399,"iron-hyena-pack-pressure","red-hunter-evolution",False,31,8,3,2,5,7,7,9,30,3,2,1,1,0,1,3,0,3,0,0,0,6,6,6,5,0,1,4,1,18,13,9,8,0,0,"red.ancestor.firsthunter","iron.ancestor.firstpack",3,0,8,2,11,12,7,1,0,0,0,0,4,2,3,2,0,0,0,14,0,14,0,14,0,3,0,10,30,46,0,0,2,0,7,0,0,0,2,2,5,11,0,1,11,20
game-400,400,"iron-hyena-pack-pressure","red-hunter-evolution",False,21,6,3,0,5,10,6,9,,2,1,1,0,0,0,3,0,3,0,0,0,4,6,4,5,0,0,2,1,17,8,7,5,0,0,"red.ancestor.firsthunter","iron.ancestor.firstpack",0,0,2,2,7,7,1,0,0,0,0,0,2,1,2,1,0,0,0,9,0,9,0,9,0,3,0,7,20,31,0,0,4,0,1,2,0,0,1,1,5,,0,1,0,23
game-401,401,"red-hunter-evolution","iron-hyena-pack-pressure",False,19,5,2,3,4,13,9,9,16,3,1,2,1,0,1,0,0,0,0,0,0,6,0,6,0,0,0,3,1,9,1,4,1,0,0,"red.ancestor.firsthunter","iron.ancestor.firstpack",0,0,2,2,5,2,4,0,0,0,0,0,5,0,4,0,0,0,0,9,0,9,0,9,0,0,0,5,20,27,0,0,0,0,4,0,0,0,1,1,4,11,1,1,15,12
game-402,402,"red-hunter-evolution","iron-hyena-pack-pressure",False,38,10,2,3,5,13,6,11,19,6,5,1,1,0,1,4,2,2,0,0,0,4,6,4,6,1,2,11,0,37,7,15,5,0,0,"red.ancestor.firsthunter","iron.ancestor.firstpack",5,1,12,4,16,15,9,2,0,0,0,0,8,2,6,1,0,1,0,22,0,22,0,22,0,4,0,13,38,60,0,0,4,0,11,2,0,0,3,2,5,17,0,0,14,17
game-403,403,"red-hunter-evolution","iron-hyena-pack-pressure",False,17,5,1,3,4,5,7,8,,2,1,1,0,0,0,0,0,0,0,0,0,4,0,4,0,0,0,0,0,2,8,1,5,0,0,"red.ancestor.firsthunter","iron.ancestor.firstpack",0,1,2,4,5,4,5,0,0,0,0,0,6,0,6,0,0,0,0,4,0,4,0,4,0,0,0,4,18,20,0,0,1,0,5,0,0,0,1,1,4,9,1,1,25,15
game-404,404,"iron-hyena-pack-pressure","red-hunter-evolution",False,39,10,3,1,4,13,6,10,,5,2,3,0,0,0,5,2,3,0,0,0,10,6,8,6,5,1,3,2,32,11,13,8,0,0,"red.ancestor.grandmother","iron.ancestor.firstpack",5,1,12,4,16,13,5,5,0,0,0,0,11,3,9,1,0,2,0,23,0,23,0,23,0,6,0,15,38,63,0,0,3,0,9,1,0,0,3,3,4,22,0,1,2,27
game-405,405,"iron-hyena-pack-pressure","red-hunter-evolution",False,23,6,3,2,4,7,5,5,17,2,2,0,1,0,1,3,1,2,0,0,0,2,4,2,4,0,2,4,1,6,11,4,7,0,0,"red.ancestor.grandmother","iron.ancestor.firstpack",1,0,4,2,8,9,3,3,0,0,0,0,3,3,2,1,0,1,0,14,0,14,0,14,0,2,0,8,22,38,0,0,0,0,5,2,1,0,1,1,4,9,0,1,10,26
game-406,406,"red-hunter-evolution","iron-hyena-pack-pressure",False,17,5,1,3,4,11,8,9,,2,1,1,0,0,0,1,0,1,0,0,0,2,4,2,4,0,0,2,0,2,2,2,1,0,0,"red.ancestor.firsthunter","iron.ancestor.firstpack",0,0,2,2,5,1,5,0,0,0,0,0,1,9,1,3,0,0,0,6,0,5,0,5,0,3,0,3,18,21,0,0,1,0,5,0,2,0,1,1,4,6,1,1,14,15
game-407,407,"red-hunter-evolution","iron-hyena-pack-pressure",False,41,11,2,3,4,13,6,11,38,7,2,5,1,0,1,4,0,4,0,0,0,18,8,16,8,2,1,6,3,45,6,16,5,0,0,"red.ancestor.grandmother","iron.ancestor.firstpack",6,0,14,2,18,13,4,6,0,0,0,0,10,1,9,0,0,1,0,19,0,19,0,19,0,4,0,12,42,59,0,0,2,0,11,2,0,0,3,3,4,25,1,1,24,24
game-408,408,"iron-hyena-pack-pressure","red-hunter-evolution",False,21,6,3,2,4,5,8,8,14,2,1,1,1,0,1,3,0,3,0,0,0,4,8,4,6,0,0,2,1,8,9,4,6,0,0,"red.ancestor.firsthunter","iron.ancestor.firstpack",2,0,6,2,6,6,3,1,0,0,0,0,1,0,1,0,0,0,0,10,0,10,0,10,0,3,0,6,20,32,0,0,0,0,1,1,0,0,1,1,4,9,0,1,11,32
game-409,409,"red-hunter-evolution","iron-hyena-pack-pressure",False,38,10,1,3,3,9,11,14,,2,2,0,0,0,0,3,1,2,0,0,0,0,6,0,6,1,1,6,0,29,10,12,7,0,0,"red.ancestor.firsthunter","iron.ancestor.firstpack",3,2,8,6,13,12,6,2,0,0,0,0,9,1,8,1,0,0,0,16,0,16,0,16,0,3,0,11,38,54,0,0,1,0,12,1,0,0,3,3,5,3,0,0,20,27
game-410,410,"iron-hyena-pack-pressure","red-hunter-evolution",False,13,4,3,0,4,5,5,10,,0,0,0,0,0,0,1,0,1,0,0,0,0,2,0,2,0,0,0,0,6,4,3,2,0,0,"red.ancestor.grandmother","iron.ancestor.firstpack",1,0,4,2,3,4,0,1,0,0,0,0,0,0,0,0,0,0,0,5,0,5,0,5,0,2,0,4,12,19,0,0,2,0,0,0,0,0,0,0,4,,0,1,0,23
game-411,411,"iron-hyena-pack-pressure","red-hunter-evolution",False,23,6,3,2,4,11,8,9,17,2,1,1,1,0,1,2,2,0,0,0,0,4,0,4,0,1,1,3,3,9,2,4,1,0,0,"red.ancestor.firsthunter","iron.ancestor.firstpack",2,0,6,2,7,5,3,1,0,0,0,0,6,2,5,1,0,0,0,14,0,13,0,13,0,1,0,6,22,37,0,0,1,0,5,1,1,0,1,1,4,6,0,1,9,22
game-412,412,"iron-hyena-pack-pressure","red-hunter-evolution",False,30,8,3,2,4,15,6,14,27,3,3,0,1,0,1,2,0,2,0,0,0,2,6,2,6,1,1,7,3,27,10,11,7,0,0,"red.ancestor.firsthunter","iron.ancestor.firstpack",0,0,2,2,12,8,6,0,0,0,0,0,12,1,9,1,0,0,0,15,0,15,0,15,0,2,0,10,30,45,0,0,4,0,7,1,0,0,3,2,4,17,0,1,19,25
game-413,413,"iron-hyena-pack-pressure","red-hunter-evolution",False,21,6,3,0,4,7,5,5,,3,3,0,0,0,0,3,0,3,0,0,0,0,6,0,5,0,0,4,0,9,10,4,6,0,0,"red.ancestor.grandmother","iron.ancestor.firstpack",3,0,8,2,7,8,0,3,0,0,0,0,10,0,7,0,0,0,0,11,0,11,0,11,0,2,0,7,20,33,0,1,1,0,1,1,0,0,1,1,4,,0,1,0,28
game-414,414,"iron-hyena-pack-pressure","red-hunter-evolution",False,18,5,3,0,4,10,6,10,,2,2,0,0,0,0,1,0,1,0,0,0,0,2,0,2,1,0,4,0,11,5,5,4,0,0,"red.ancestor.grandmother","iron.ancestor.firstpack",1,0,4,2,6,4,1,3,0,0,0,0,2,0,2,0,0,0,0,9,0,9,0,9,0,1,0,6,18,27,0,0,2,0,0,0,0,0,1,1,4,17,1,0,5,15
game-415,415,"iron-hyena-pack-pressure","red-hunter-evolution",False,26,7,3,1,5,13,6,13,,2,2,0,0,0,0,3,1,2,0,0,0,0,4,0,3,0,0,5,4,17,10,8,6,0,0,"red.ancestor.firsthunter","iron.ancestor.firstpack",4,0,10,2,10,7,2,2,0,0,0,0,9,0,7,0,0,0,0,16,0,16,0,16,0,3,0,8,26,42,0,0,3,0,2,1,0,0,2,1,5,17,1,0,11,26
game-416,416,"iron-hyena-pack-pressure","red-hunter-evolution",False,21,6,3,2,4,5,5,8,19,3,2,1,1,0,1,2,1,1,0,0,0,4,4,4,4,0,1,4,1,5,8,3,5,0,0,"red.ancestor.firsthunter","iron.ancestor.firstpack",0,0,2,2,4,8,2,0,0,0,0,0,10,0,8,0,0,0,0,17,0,17,0,17,0,1,0,9,20,39,0,0,1,0,7,3,0,0,1,1,4,9,0,1,19,21
game-417,417,"iron-hyena-pack-pressure","red-hunter-evolution",False,20,5,3,0,4,7,6,7,,1,1,0,0,0,0,2,0,2,0,0,0,0,4,0,4,0,0,2,1,20,8,7,5,0,0,"red.ancestor.firsthunter","iron.ancestor.firstpack",2,0,6,2,7,6,0,1,0,0,0,0,5,0,5,0,0,0,0,9,0,9,0,9,0,2,0,5,20,29,0,0,4,0,1,1,0,1,1,1,4,,1,0,0,20
game-418,418,"red-hunter-evolution","iron-hyena-pack-pressure",False,41,11,1,3,4,23,6,14,25,6,3,3,1,0,1,2,0,2,0,0,0,18,4,12,4,0,0,9,2,49,14,18,9,0,0,"red.ancestor.grandmother","iron.ancestor.firstpack",3,3,8,8,18,14,4,4,0,0,1,0,7,0,7,0,0,0,0,17,0,17,0,17,0,3,0,12,42,57,0,0,1,0,13,2,0,0,4,3,4,9,1,1,27,17
game-419,419,"iron-hyena-pack-pressure","red-hunter-evolution",False,37,10,3,1,5,7,6,9,14,5,2,3,1,0,1,4,1,3,0,0,0,18,6,10,6,2,1,3,2,38,16,14,10,0,0,"red.ancestor.firsthunter","iron.ancestor.firstpack",4,0,10,2,15,15,4,4,0,0,0,0,9,1,9,1,0,0,0,19,0,19,0,19,0,4,0,14,36,57,0,0,1,0,8,1,0,0,3,2,5,11,0,1,5,34
game-420,420,"iron-hyena-pack-pressure","red-hunter-evolution",False,20,5,3,1,5,13,6,13,,1,1,0,0,0,0,1,1,0,0,0,0,0,0,0,0,0,1,5,1,15,5,6,4,0,0,"red.ancestor.grandmother","iron.ancestor.firstpack",1,0,4,2,7,3,2,2,0,0,0,0,2,0,2,0,0,0,0,12,0,11,0,11,0,2,0,4,20,31,0,0,2,0,0,0,0,0,1,1,5,17,1,0,5,11
game-421,421,"red-hunter-evolution","iron-hyena-pack-pressure",False,22,6,2,3,4,7,5,5,,3,2,1,0,0,0,3,1,2,0,0,0,2,4,2,4,0,0,7,4,3,9,2,6,0,0,"red.ancestor.grandmother","iron.ancestor.firstpack",1,2,4,6,8,8,6,1,0,0,1,0,7,5,5,2,0,0,0,13,0,13,0,13,0,5,0,9,22,35,0,0,2,0,2,3,1,0,1,1,4,9,0,0,17,19
game-422,422,"iron-hyena-pack-pressure","red-hunter-evolution",False,21,6,3,0,4,7,5,5,,3,3,0,0,0,0,3,1,2,0,0,0,0,4,0,4,1,1,7,2,16,8,7,6,0,0,"red.ancestor.firsthunter","iron.ancestor.firstpack",2,2,6,6,7,8,3,1,0,0,0,0,5,2,4,2,0,0,0,10,0,10,0,10,0,4,0,6,20,32,0,0,0,0,2,0,0,0,1,1,4,19,0,1,0,20
game-423,423,"iron-hyena-pack-pressure","red-hunter-evolution",False,15,4,3,0,4,7,5,9,,2,2,0,0,0,0,1,0,1,0,0,0,0,4,0,4,0,0,4,0,11,6,4,4,0,0,"red.ancestor.firsthunter","iron.ancestor.firstpack",2,0,6,2,4,5,0,1,0,0,0,0,6,0,4,0,0,0,0,13,0,13,0,13,0,3,0,7,14,29,0,0,1,0,0,1,0,0,1,1,4,,0,1,0,19
game-424,424,"red-hunter-evolution","iron-hyena-pack-pressure",False,19,5,1,3,4,11,6,5,17,2,1,1,1,0,1,1,0,1,0,0,0,6,2,4,2,0,0,2,0,7,1,4,1,0,0,"red.ancestor.grandmother","iron.ancestor.smithpassedfang",1,0,4,2,7,3,5,1,0,0,1,0,5,3,3,2,0,0,0,4,0,4,0,4,0,1,0,3,20,22,0,1,3,0,4,2,2,0,1,1,4,9,1,1,12,14
game-425,425,"red-hunter-evolution","iron-hyena-pack-pressure",False,25,7,2,3,4,7,5,5,14,2,1,1,1,0,1,2,0,2,0,0,0,4,6,4,5,0,0,2,0,15,3,6,3,0,0,"red.ancestor.firsthunter","iron.ancestor.firstpack",1,2,4,6,10,9,3,3,0,0,1,0,7,1,4,1,0,0,0,14,0,14,0,14,0,1,0,8,26,38,0,0,0,0,10,1,1,0,2,1,4,11,1,1,23,19
game-426,426,"iron-hyena-pack-pressure","red-hunter-evolution",False,21,6,3,0,4,7,6,5,,2,2,0,0,0,0,1,0,1,0,0,0,0,2,0,2,0,0,4,0,10,9,5,6,0,0,"red.ancestor.grandmother","iron.ancestor.firstpack",3,0,8,2,7,5,0,2,0,0,0,0,8,0,5,0,0,0,0,12,0,12,0,12,0,2,0,8,20,34,0,0,2,0,1,1,0,0,1,1,4,,0,1,0,29
game-427,427,"red-hunter-evolution","iron-hyena-pack-pressure",False,30,8,2,3,5,7,7,16,30,3,3,0,1,0,1,2,1,1,0,0,0,2,4,2,4,1,1,5,0,16,3,8,2,0,0,"red.ancestor.grandmother","iron.ancestor.smithpassedfang",2,1,6,4,11,11,7,1,0,0,1,0,0,0,0,0,0,0,0,14,0,14,0,14,0,1,0,9,30,44,0,0,3,0,7,0,0,0,3,2,5,17,0,0,15,20
game-428,428,"iron-hyena-pack-pressure","red-hunter-evolution",False,21,6,3,1,4,5,5,5,17,2,2,0,1,0,1,3,1,2,0,0,0,2,4,2,4,0,0,7,0,17,5,7,3,0,0,"red.ancestor.firsthunter","iron.ancestor.firstpack",0,0,2,2,7,8,3,0,0,0,0,0,4,3,3,1,0,0,0,10,0,10,0,10,0,4,0,6,20,32,0,0,2,0,3,1,0,0,1,1,4,16,0,1,9,21
game-429,429,"iron-hyena-pack-pressure","red-hunter-evolution",False,37,10,3,2,4,7,6,5,27,6,3,3,1,0,1,5,2,3,0,0,0,10,6,10,6,1,0,6,2,29,2,12,2,0,0,"red.ancestor.grandmother","iron.ancestor.smithpassedfang",5,1,12,4,15,13,4,5,0,0,0,0,1,2,1,1,0,1,0,22,0,22,0,22,0,4,0,13,36,60,0,0,3,0,9,0,0,0,4,2,4,19,0,1,10,25
game-430,430,"red-hunter-evolution","iron-hyena-pack-pressure",False,25,7,2,3,4,13,6,11,22,3,2,1,1,0,1,0,0,0,0,0,0,4,0,4,0,0,0,5,0,22,7,9,4,0,0,"red.ancestor.grandmother","iron.ancestor.firstpack",2,0,6,2,10,8,4,2,0,0,0,0,10,0,7,0,0,0,0,11,0,9,0,9,0,0,0,5,26,33,0,0,3,0,5,0,0,0,2,1,4,16,1,1,33,20
game-431,431,"iron-hyena-pack-pressure","red-hunter-evolution",False,15,4,3,0,4,8,7,7,,0,0,0,0,0,0,1,0,1,0,0,0,0,4,0,4,1,0,2,0,8,6,3,4,0,0,"red.ancestor.firsthunter","iron.ancestor.firstpack",0,0,2,2,3,4,0,0,0,0,0,0,2,0,2,0,0,0,0,9,0,9,0,9,0,3,0,5,14,25,0,0,1,0,0,1,0,0,1,1,4,,0,1,0,13
game-432,432,"iron-hyena-pack-pressure","red-hunter-evolution",False,28,7,3,2,5,13,6,14,,2,1,1,0,0,0,3,1,2,0,0,0,2,4,2,3,0,1,3,0,26,9,9,6,0,0,"red.ancestor.grandmother","iron.ancestor.firstpack",3,0,8,2,11,8,6,4,0,0,0,0,4,1,3,1,0,0,0,13,0,13,0,13,0,4,0,9,28,41,0,0,1,0,1,0,0,0,2,2,5,17,1,0,17,33
game-433,433,"iron-hyena-pack-pressure","red-hunter-evolution",False,21,6,3,0,5,10,7,11,,2,2,0,0,0,0,1,0,1,0,0,0,0,4,0,4,0,0,3,1,17,8,7,6,0,0,"red.ancestor.firsthunter","iron.ancestor.firstpack",2,0,6,2,6,7,0,2,0,0,0,0,5,0,5,0,0,0,0,15,0,15,0,15,0,1,0,8,20,37,0,0,1,0,2,0,0,0,1,1,5,,0,1,0,32
game-434,434,"red-hunter-evolution","iron-hyena-pack-pressure",False,25,7,2,3,5,7,7,11,19,3,3,0,1,0,1,1,1,0,0,0,0,2,0,2,0,0,0,9,3,9,11,4,7,0,0,"red.ancestor.grandmother","iron.ancestor.firstpack",1,0,4,2,9,8,6,0,0,0,0,0,14,0,10,0,0,0,0,12,0,12,0,12,0,0,0,9,26,36,0,0,2,0,6,0,0,0,2,1,5,17,1,1,28,14
game-435,435,"red-hunter-evolution","iron-hyena-pack-pressure",False,19,5,0,3,4,11,6,8,14,3,1,2,1,0,1,1,1,0,0,0,0,6,0,6,0,0,0,2,1,11,1,5,1,0,0,"red.ancestor.firsthunter","iron.ancestor.firstpack",2,0,6,2,7,1,4,1,0,0,0,0,7,0,7,0,0,0,0,6,0,6,0,6,0,0,0,4,20,24,0,0,0,0,7,0,0,0,1,1,4,9,1,1,22,9
game-436,436,"iron-hyena-pack-pressure","red-hunter-evolution",False,23,6,3,0,4,7,5,7,22,2,1,1,1,0,1,2,1,1,0,0,0,4,2,4,2,0,1,3,0,18,9,6,6,0,0,"red.ancestor.firsthunter","iron.ancestor.firstpack",2,0,6,2,6,9,1,1,0,0,0,0,10,3,6,1,0,0,0,16,0,14,0,14,0,3,0,9,22,38,0,0,2,0,4,0,0,0,1,1,4,19,0,1,0,25
game-437,437,"iron-hyena-pack-pressure","red-hunter-evolution",False,24,6,3,0,4,15,6,10,,2,2,0,0,0,0,2,0,2,0,0,0,0,4,0,4,0,0,4,0,31,7,10,5,0,0,"red.ancestor.grandmother","iron.ancestor.firstpack",3,0,8,2,9,5,0,6,0,0,0,0,5,0,4,0,0,0,0,13,0,13,0,13,0,4,0,7,24,37,0,0,1,0,4,0,0,0,2,1,4,,0,1,0,23
game-438,438,"red-hunter-evolution","iron-hyena-pack-pressure",False,32,8,2,3,4,5,5,10,,3,1,2,0,0,0,5,3,2,0,0,0,10,4,8,4,1,1,2,3,25,13,11,9,0,0,"red.ancestor.firsthunter","iron.ancestor.firstpack",3,0,8,2,13,13,7,1,0,0,0,0,0,0,0,0,0,0,0,20,0,20,0,20,0,3,0,13,32,52,0,0,1,0,11,2,0,0,3,2,4,22,0,0,16,28
game-439,439,"iron-hyena-pack-pressure","red-hunter-evolution",False,13,4,3,0,5,7,6,12,,0,0,0,0,0,0,1,0,1,0,0,0,0,4,0,4,0,0,3,0,3,4,2,3,0,0,"red.ancestor.grandmother","iron.ancestor.firstpack",1,0,4,2,3,3,0,1,0,0,0,0,1,0,1,0,0,0,0,12,0,12,0,12,0,3,0,5,12,26,0,0,1,0,0,0,0,0,0,0,5,,0,1,0,25
game-440,440,"iron-hyena-pack-pressure","red-hunter-evolution",False,21,6,3,0,4,15,6,11,,2,1,1,0,0,0,2,0,2,0,0,0,2,4,2,3,0,0,6,0,8,5,5,3,0,0,"red.ancestor.grandmother","iron.ancestor.firstpack",3,0,8,2,7,3,0,3,0,0,0,0,7,0,6,0,0,0,0,12,0,12,0,12,0,3,0,7,20,34,0,0,2,0,2,1,0,0,1,1,4,9,0,1,4,29
game-441,441,"iron-hyena-pack-pressure","red-hunter-evolution",False,15,4,3,0,4,7,8,9,,1,1,0,0,0,0,1,0,1,0,0,0,0,2,0,2,0,0,1,0,11,2,4,1,0,0,"red.ancestor.firsthunter","iron.ancestor.firstpack",2,0,6,2,3,1,1,1,0,0,0,0,0,1,0,1,0,0,0,9,0,8,0,8,0,2,0,4,14,24,0,0,1,0,1,0,0,0,1,1,4,,0,1,0,14
game-442,442,"red-hunter-evolution","iron-hyena-pack-pressure",False,30,8,1,3,3,13,8,11,17,3,1,2,1,0,1,4,2,2,0,0,0,8,6,8,6,0,1,3,2,19,3,8,2,0,0,"red.ancestor.firsthunter","iron.ancestor.firstpack",2,1,6,4,11,10,5,1,0,0,3,0,7,1,5,1,0,0,0,14,0,14,0,14,0,2,0,11,30,44,0,0,1,0,13,2,0,0,2,2,4,3,0,0,16,10
game-443,443,"iron-hyena-pack-pressure","red-hunter-evolution",False,16,4,3,0,4,12,6,10,,1,1,0,0,0,0,2,1,1,0,0,0,0,2,0,2,0,0,1,1,12,4,5,3,0,0,"red.ancestor.grandmother","iron.ancestor.firstpack",1,0,4,2,5,3,0,3,0,0,0,0,0,0,0,0,0,0,0,6,0,6,0,6,0,1,0,5,16,22,0,0,1,0,1,2,0,0,1,1,4,,0,1,0,20
game-444,444,"red-hunter-evolution","iron-hyena-pack-pressure",False,24,6,1,3,4,7,5,7,19,2,2,0,1,0,1,1,0,1,0,0,0,2,2,2,2,0,0,2,1,13,1,7,1,0,0,"red.ancestor.firsthunter","iron.ancestor.smithpassedfang",1,0,4,2,8,9,6,0,0,0,4,0,0,0,0,0,0,0,0,9,0,9,0,9,0,1,0,7,24,33,0,0,0,0,8,0,0,0,2,1,4,11,0,0,15,8
game-445,445,"iron-hyena-pack-pressure","red-hunter-evolution",False,42,11,3,2,4,13,8,11,35,7,2,5,1,0,1,5,3,2,0,0,0,16,6,16,5,1,1,9,3,46,12,18,8,0,0,"red.ancestor.grandmother","iron.ancestor.firstpack",6,0,14,2,17,13,3,5,1,0,0,0,16,1,14,1,0,0,0,23,0,23,0,23,0,4,0,13,42,65,0,0,3,0,15,1,1,0,4,3,4,33,1,0,19,30
game-446,446,"red-hunter-evolution","iron-hyena-pack-pressure",False,22,6,2,3,4,9,5,11,19,2,2,0,1,0,1,2,2,0,0,0,0,4,0,4,0,1,0,5,1,1,1,1,1,0,0,"red.ancestor.firsthunter","iron.ancestor.smithpassedfang",0,0,2,2,5,8,6,0,0,0,5,0,14,3,6,2,0,0,0,11,0,11,0,11,0,4,0,6,22,33,0,0,1,0,3,1,1,0,1,1,4,8,0,0,27,18
game-447,447,"iron-hyena-pack-pressure","red-hunter-evolution",False,29,8,3,1,4,13,5,16,19,2,0,2,1,0,1,2,0,2,0,0,0,8,10,8,6,2,0,4,0,30,9,10,6,0,0,"red.ancestor.firsthunter","iron.ancestor.smithpassedfang",2,1,6,4,10,12,2,1,0,0,1,0,2,0,2,0,0,0,0,15,0,15,0,15,0,6,0,7,28,45,0,0,3,0,2,0,0,0,2,2,4,17,0,1,8,25
game-448,448,"red-hunter-evolution","iron-hyena-pack-pressure",False,24,6,1,3,5,10,6,9,19,2,1,1,1,0,1,2,2,0,0,0,0,4,0,4,0,0,0,2,2,19,5,9,3,0,0,"red.ancestor.firsthunter","iron.ancestor.firstpack",2,1,6,4,9,5,4,2,0,0,0,0,2,1,2,1,0,0,0,10,0,10,0,10,0,1,0,6,24,34,0,0,1,0,8,1,0,0,2,1,5,14,0,0,18,13
game-449,449,"red-hunter-evolution","iron-hyena-pack-pressure",False,19,5,1,3,4,13,8,9,,2,2,0,0,0,0,1,0,1,0,0,0,0,2,0,2,0,0,3,1,7,2,4,1,0,0,"red.ancestor.firsthunter","iron.ancestor.firstpack",2,0,6,2,6,3,5,1,0,0,0,0,2,3,2,1,0,0,0,6,0,6,0,6,0,3,0,4,20,24,0,0,1,0,3,2,1,0,1,1,4,11,1,1,15,13
game-450,450,"iron-hyena-pack-pressure","red-hunter-evolution",False,27,7,3,1,3,15,8,11,,3,3,0,0,0,0,2,0,2,0,0,0,0,6,0,6,1,0,1,1,11,11,5,6,0,0,"red.ancestor.grandmother","iron.ancestor.firstpack",3,0,8,2,10,7,4,3,0,0,0,0,10,2,9,2,0,0,0,13,0,13,0,13,0,1,0,8,28,39,0,0,3,0,4,1,0,0,2,1,4,3,1,0,0,23
game-451,451,"red-hunter-evolution","iron-hyena-pack-pressure",False,24,6,2,3,4,14,6,9,22,2,2,0,1,0,1,2,0,2,0,0,0,2,8,2,6,0,0,4,2,13,2,7,1,0,0,"red.ancestor.firsthunter","iron.ancestor.firstpack",2,0,6,2,9,5,6,2,0,0,0,0,3,7,2,4,0,0,0,15,0,14,0,14,0,3,0,7,24,38,0,0,2,0,7,0,3,0,2,1,4,11,0,0,16,18
game-452,452,"red-hunter-evolution","iron-hyena-pack-pressure",False,32,8,2,3,5,12,6,7,,3,2,1,0,0,0,3,0,3,0,0,0,2,6,2,6,0,0,6,0,15,11,6,9,0,0,"red.ancestor.firsthunter","iron.ancestor.firstpack",3,0,8,2,13,11,6,6,0,0,0,0,5,1,4,1,0,0,0,17,0,17,0,17,0,4,0,12,32,49,0,0,2,0,7,2,0,0,2,2,5,14,0,0,28,15
game-453,453,"iron-hyena-pack-pressure","red-hunter-evolution",False,21,6,3,0,4,10,9,10,,3,3,0,0,0,0,3,1,2,0,0,0,0,4,0,4,1,2,4,2,9,8,4,6,0,0,"red.ancestor.firsthunter","iron.ancestor.firstpack",2,0,6,2,5,6,0,1,0,0,0,0,5,0,5,0,0,0,0,11,0,11,0,11,0,2,0,8,20,33,0,0,3,0,1,1,0,0,1,1,4,,0,1,0,20
game-454,454,"red-hunter-evolution","iron-hyena-pack-pressure",False,33,9,2,3,4,5,5,8,,5,3,2,0,0,0,1,1,0,0,0,0,4,0,4,0,0,1,6,2,31,3,11,3,0,0,"red.ancestor.firsthunter","iron.ancestor.firstpack",2,1,6,4,13,13,6,0,1,0,2,0,2,1,2,1,0,0,0,18,0,18,0,18,0,3,0,11,34,50,0,0,1,0,13,3,0,0,3,2,4,9,1,1,21,13
game-455,455,"iron-hyena-pack-pressure","red-hunter-evolution",False,23,6,3,1,5,13,6,14,19,2,1,1,1,0,1,2,1,1,0,0,0,4,2,4,2,0,1,6,0,12,10,4,6,0,0,"red.ancestor.grandmother","iron.ancestor.firstpack",1,0,4,2,8,7,1,2,0,0,0,0,5,0,5,0,0,0,0,10,0,10,0,10,0,1,0,8,22,34,0,0,3,0,2,3,0,0,1,1,5,17,0,1,8,21
game-456,456,"iron-hyena-pack-pressure","red-hunter-evolution",False,13,4,3,0,4,5,5,13,,0,0,0,0,0,0,1,0,1,0,0,0,0,4,0,2,0,0,0,2,6,4,2,4,0,0,"red.ancestor.firsthunter","iron.ancestor.firstpack",1,0,4,2,1,4,0,1,0,0,0,0,1,0,1,0,0,0,0,10,0,9,0,9,0,1,0,6,12,23,0,0,0,0,2,0,0,0,0,0,4,,0,1,0,29
game-457,457,"iron-hyena-pack-pressure","red-hunter-evolution",False,13,4,3,0,4,5,5,9,,1,1,0,0,0,0,0,0,0,0,0,0,0,0,0,0,0,0,2,0,5,5,2,3,0,0,"red.ancestor.firsthunter","iron.ancestor.firstpack",0,0,2,2,2,4,1,0,0,0,0,0,2,0,1,0,0,0,0,8,0,8,0,8,0,2,0,6,12,22,0,0,0,0,2,1,0,0,0,0,4,11,0,1,0,26
game-458,458,"iron-hyena-pack-pressure","red-hunter-evolution",False,29,8,3,2,4,19,8,5,19,4,3,1,1,0,1,1,0,1,0,0,0,4,2,4,2,1,0,6,1,19,8,7,6,0,0,"red.ancestor.grandmother","iron.ancestor.firstpack",4,0,10,2,10,7,2,6,0,0,0,0,11,0,8,0,0,0,0,19,0,18,0,18,0,2,0,11,28,48,0,0,4,0,3,0,0,0,2,2,4,9,0,1,14,31
game-459,459,"red-hunter-evolution","iron-hyena-pack-pressure",False,17,5,1,3,4,7,5,11,,2,1,1,0,0,0,1,1,0,0,0,0,4,0,4,0,0,0,0,2,10,6,4,4,0,0,"red.ancestor.firsthunter","iron.ancestor.firstpack",1,1,4,4,5,5,2,2,0,0,0,0,6,0,3,0,0,0,0,5,0,5,0,5,0,2,0,4,18,21,0,0,1,0,3,1,0,0,1,1,4,14,1,1,23,11
game-460,460,"red-hunter-evolution","iron-hyena-pack-pressure",False,33,9,1,3,4,5,6,11,,5,3,2,0,0,0,2,2,0,0,0,0,6,0,5,0,1,0,8,2,29,10,12,8,0,0,"red.ancestor.firsthunter","iron.ancestor.smithpassedfang",1,2,4,6,14,12,8,0,0,0,0,0,5,0,4,0,0,0,0,14,0,14,0,14,0,1,0,11,34,46,0,0,0,0,12,1,0,0,2,2,4,16,1,1,21,16
game-461,461,"iron-hyena-pack-pressure","red-hunter-evolution",False,21,6,3,0,4,7,5,11,,2,0,2,0,0,0,1,0,1,0,0,0,4,2,4,2,2,0,2,0,17,9,6,5,0,0,"red.ancestor.firsthunter","iron.ancestor.firstpack",2,0,6,2,7,8,1,1,0,0,0,0,4,0,4,0,0,0,0,7,0,7,0,7,0,1,0,7,20,29,0,0,2,0,4,0,0,0,1,1,4,19,0,1,0,29
game-462,462,"iron-hyena-pack-pressure","red-hunter-evolution",False,21,6,3,0,5,12,7,9,14,1,1,0,1,0,1,2,1,1,0,0,0,2,2,2,2,0,1,2,0,14,7,5,4,0,0,"red.ancestor.firsthunter","iron.ancestor.firstpack",0,0,2,2,5,7,1,0,0,0,0,0,4,0,4,0,0,0,0,10,0,10,0,10,0,2,0,7,20,32,0,0,1,0,1,0,0,0,1,1,5,11,0,1,0,30
game-463,463,"iron-hyena-pack-pressure","red-hunter-evolution",False,15,4,3,0,4,5,5,,,0,0,0,0,0,0,0,0,0,0,0,0,0,0,0,0,0,0,0,1,7,4,3,3,0,0,"red.ancestor.grandmother","iron.ancestor.firstpack",1,0,4,2,3,5,0,2,0,0,0,0,2,0,2,0,0,0,0,8,0,8,0,8,0,0,0,5,14,24,0,0,1,0,0,0,0,0,1,1,4,,0,1,0,22
game-464,464,"iron-hyena-pack-pressure","red-hunter-evolution",False,21,6,3,0,4,12,6,11,19,3,2,1,1,0,1,2,1,1,0,0,0,4,8,4,4,0,0,9,1,15,9,7,6,0,0,"red.ancestor.grandmother","iron.ancestor.firstpack",3,0,8,2,7,6,1,3,0,0,0,0,8,0,8,0,0,0,0,14,0,14,0,14,0,2,0,8,20,36,0,0,2,0,6,0,0,0,1,1,4,17,0,1,5,22
game-465,465,"red-hunter-evolution","iron-hyena-pack-pressure",False,25,7,1,3,5,13,6,9,17,4,2,2,1,0,1,2,0,2,0,0,0,6,6,5,6,0,1,5,0,8,7,6,5,0,0,"red.ancestor.grandmother","iron.ancestor.firstpack",3,0,8,2,10,6,5,2,2,0,0,0,3,4,2,1,0,0,0,10,0,10,0,10,0,4,0,8,26,34,0,0,0,0,7,1,0,0,2,1,5,11,1,1,21,21
game-466,466,"red-hunter-evolution","iron-hyena-pack-pressure",False,38,10,2,3,4,5,8,11,19,4,2,2,1,0,1,4,2,2,0,0,0,6,6,6,6,3,0,10,3,19,20,8,13,0,0,"red.ancestor.grandmother","iron.ancestor.firstpack",3,0,8,2,15,13,3,2,0,0,0,0,2,2,2,1,0,0,0,26,0,26,0,26,0,5,0,15,38,64,0,0,2,0,17,2,0,0,4,2,4,17,0,0,18,22
game-467,467,"iron-hyena-pack-pressure","red-hunter-evolution",False,21,6,3,0,5,13,6,9,,2,2,0,0,0,0,2,1,1,0,0,0,0,2,0,2,0,0,3,1,8,7,5,4,0,0,"red.ancestor.grandmother","iron.ancestor.firstpack",1,0,4,2,7,6,1,4,0,0,0,0,6,1,5,1,0,0,0,10,0,10,0,10,0,2,0,6,20,32,0,0,0,0,3,0,0,0,1,1,5,11,0,1,0,37
game-468,468,"iron-hyena-pack-pressure","red-hunter-evolution",False,21,6,3,0,4,13,6,11,,3,2,1,0,0,0,2,0,2,0,0,0,2,4,2,3,0,0,5,0,13,6,6,4,0,0,"red.ancestor.grandmother","iron.ancestor.firstpack",3,2,8,6,7,6,0,2,0,0,2,0,8,0,6,0,0,0,0,19,0,19,0,19,0,5,0,8,20,41,0,0,1,0,2,0,0,0,1,1,4,,0,1,0,25
game-469,469,"iron-hyena-pack-pressure","red-hunter-evolution",False,29,8,3,0,5,7,6,11,,3,2,1,0,0,0,2,0,2,0,0,0,4,4,4,4,0,0,4,1,30,10,11,7,0,0,"red.ancestor.grandmother","iron.ancestor.smithpassedfang",3,1,8,4,11,11,0,3,0,0,0,0,6,0,6,0,0,0,0,14,0,14,0,14,0,3,0,10,28,44,0,0,1,0,4,0,0,0,2,2,5,,0,1,0,30
game-470,470,"red-hunter-evolution","iron-hyena-pack-pressure",False,25,7,2,3,4,14,11,11,19,2,1,1,1,0,1,2,0,2,0,0,0,4,8,4,8,0,0,4,0,13,2,5,1,0,0,"red.ancestor.firsthunter","iron.ancestor.firstpack",0,0,2,2,7,4,6,0,0,0,0,0,11,1,7,1,0,0,0,16,0,16,0,16,0,2,0,7,26,40,0,0,3,0,5,1,0,0,2,1,4,6,1,1,26,17
game-471,471,"iron-hyena-pack-pressure","red-hunter-evolution",False,21,6,3,0,4,13,6,10,19,1,0,1,1,0,1,2,0,2,0,0,0,4,6,4,6,2,0,1,0,17,7,7,5,0,0,"red.ancestor.grandmother","iron.ancestor.firstpack",1,0,4,2,7,6,1,2,0,0,0,0,4,0,4,0,0,0,0,11,0,11,0,11,0,1,0,7,20,33,0,0,0,0,1,0,0,0,1,1,4,17,0,1,5,22
game-472,472,"red-hunter-evolution","iron-hyena-pack-pressure",False,24,6,0,3,4,14,8,11,,3,2,1,0,0,0,1,0,1,0,0,0,2,2,2,2,2,0,8,0,9,0,6,0,0,0,"red.ancestor.firsthunter","",3,0,8,0,8,0,8,1,0,0,0,0,11,1,6,1,0,0,0,5,0,5,0,5,0,1,0,5,24,29,0,0,1,0,3,0,0,0,1,1,4,9,0,0,24,12
game-473,473,"red-hunter-evolution","iron-hyena-pack-pressure",False,22,6,2,3,4,13,9,9,19,2,2,0,1,0,1,2,0,2,0,0,0,2,6,2,6,1,1,2,1,3,4,2,3,0,0,"red.ancestor.firsthunter","iron.ancestor.firstpack",0,1,2,4,6,6,6,0,0,0,0,0,15,4,8,2,0,0,0,13,0,13,0,13,0,3,0,8,22,35,0,0,1,0,5,4,1,0,1,1,4,11,0,0,14,14
game-474,474,"red-hunter-evolution","iron-hyena-pack-pressure",False,25,7,2,3,4,5,5,7,24,3,1,2,1,0,1,1,0,1,0,0,0,6,6,5,4,0,0,4,0,10,10,3,7,0,0,"red.ancestor.firsthunter","iron.ancestor.firstpack",0,0,2,2,10,9,5,0,0,0,0,0,0,0,0,0,0,0,0,12,0,12,0,12,0,0,0,9,26,36,0,0,0,0,10,2,0,0,2,1,4,16,1,1,20,17
game-475,475,"red-hunter-evolution","iron-hyena-pack-pressure",False,24,6,0,3,4,17,6,10,,3,3,0,0,0,0,3,2,1,0,0,0,0,2,0,2,0,0,5,4,8,0,4,0,0,0,"red.ancestor.grandmother","",2,0,6,0,9,0,2,3,0,0,0,0,0,0,0,0,0,0,0,9,0,9,0,9,0,0,0,7,24,33,0,0,2,0,9,1,0,0,1,1,4,17,0,0,18,3
game-476,476,"red-hunter-evolution","iron-hyena-pack-pressure",False,24,6,2,3,4,10,5,7,,2,2,0,0,0,0,3,0,3,0,0,0,0,8,0,7,0,0,5,0,9,11,4,8,0,0,"red.ancestor.grandmother","iron.ancestor.firstpack",1,0,4,2,9,9,5,3,0,0,0,0,4,0,4,0,0,0,0,14,0,14,0,14,0,3,0,9,24,38,0,0,2,0,5,2,0,0,2,1,4,16,0,0,19,20
game-477,477,"red-hunter-evolution","iron-hyena-pack-pressure",False,19,5,0,3,4,16,6,11,,2,2,0,0,0,0,1,1,0,0,0,0,0,0,0,0,0,1,6,1,13,0,5,0,0,0,"red.ancestor.firsthunter","",0,0,2,0,7,0,4,0,0,0,0,0,5,0,4,0,0,0,0,3,0,3,0,3,0,0,0,3,20,21,0,0,2,0,2,0,0,0,1,1,4,14,1,1,20,6
game-478,478,"iron-hyena-pack-pressure","red-hunter-evolution",False,12,3,3,0,4,5,5,5,,1,0,1,0,0,0,2,0,2,0,0,0,2,6,2,5,0,0,1,0,7,3,3,3,0,0,"red.ancestor.firsthunter","iron.ancestor.firstpack",0,0,2,2,3,3,0,0,0,0,0,0,3,0,2,0,0,0,0,8,0,8,0,8,0,1,0,5,12,20,0,0,1,0,2,1,0,0,0,0,4,,1,0,0,19
game-479,479,"iron-hyena-pack-pressure","red-hunter-evolution",False,20,5,3,1,5,12,6,12,,2,2,0,0,0,0,2,0,2,0,0,0,0,4,0,3,0,0,9,0,6,9,4,6,0,0,"red.ancestor.firsthunter","iron.ancestor.firstpack",2,0,6,2,7,5,2,2,0,0,0,0,2,0,2,0,0,0,0,11,0,11,0,11,0,3,0,7,20,31,0,0,1,0,1,0,0,0,1,1,5,17,1,0,5,30
game-480,480,"iron-hyena-pack-pressure","red-hunter-evolution",False,29,8,3,1,4,19,6,5,27,3,2,1,1,0,1,2,0,2,0,0,0,4,4,4,4,0,0,6,1,24,11,10,8,0,0,"red.ancestor.grandmother","iron.ancestor.firstpack",3,0,8,2,11,8,3,4,0,0,0,0,8,2,7,2,0,0,0,19,0,19,0,19,0,4,0,11,28,49,0,0,1,0,7,3,1,0,2,2,4,16,0,1,15,37
game-481,481,"iron-hyena-pack-pressure","red-hunter-evolution",False,21,6,3,1,4,10,5,13,,2,2,0,0,0,0,2,2,0,0,0,0,0,0,0,0,0,1,5,1,17,6,6,5,0,0,"red.ancestor.firsthunter","iron.ancestor.smithpassedfang",2,1,6,4,7,8,2,0,0,0,2,0,2,0,2,0,0,0,0,10,0,9,0,9,0,0,0,6,20,31,0,0,2,0,0,1,0,0,1,1,4,17,0,1,5,31
game-482,482,"iron-hyena-pack-pressure","red-hunter-evolution",False,29,8,3,0,4,21,6,11,,4,1,3,0,0,0,3,0,3,0,0,0,8,6,8,6,1,1,4,3,27,4,9,4,0,0,"red.ancestor.grandmother","iron.ancestor.firstpack",3,0,8,2,11,7,1,2,0,0,0,0,8,1,7,1,0,0,0,15,0,15,0,15,0,5,0,10,28,45,0,0,3,0,4,0,0,0,2,2,4,,0,1,0,19
game-483,483,"iron-hyena-pack-pressure","red-hunter-evolution",False,20,5,3,0,4,7,5,11,,2,2,0,0,0,0,1,0,1,0,0,0,0,4,0,4,0,0,6,0,18,8,7,5,0,0,"red.ancestor.firsthunter","iron.ancestor.firstpack",2,0,6,2,7,7,0,1,0,0,0,0,3,0,3,0,0,0,0,13,0,12,0,12,0,3,0,7,20,32,0,0,3,0,0,2,0,0,1,1,4,,1,0,0,22
game-484,484,"iron-hyena-pack-pressure","red-hunter-evolution",False,18,5,3,0,4,7,5,5,,2,0,2,0,0,0,2,0,2,0,0,0,4,6,4,4,2,0,2,1,14,8,6,5,0,0,"red.ancestor.firsthunter","iron.ancestor.firstpack",2,0,6,2,5,6,1,1,0,0,0,0,2,0,2,0,0,0,0,10,0,10,0,10,0,2,0,6,18,28,0,0,1,0,2,0,0,0,1,1,4,17,1,0,8,18
game-485,485,"red-hunter-evolution","iron-hyena-pack-pressure",False,30,8,0,3,5,17,8,9,27,3,1,2,1,0,1,2,2,0,0,0,0,8,0,8,0,1,0,2,3,21,0,9,0,0,0,"red.ancestor.firsthunter","",2,0,6,0,11,0,8,1,0,0,0,0,0,1,0,1,0,0,0,11,0,11,0,11,0,2,0,7,30,41,0,0,2,0,16,2,0,0,2,2,5,11,0,0,13,13
game-486,486,"red-hunter-evolution","iron-hyena-pack-pressure",False,24,6,2,3,4,13,8,10,17,2,2,0,1,0,1,2,1,1,0,0,0,2,4,2,4,1,1,3,0,16,6,8,4,0,0,"red.ancestor.firsthunter","iron.ancestor.firstpack",2,0,6,2,8,7,5,0,1,0,0,0,6,2,5,1,0,0,0,10,0,10,0,10,0,2,0,6,24,34,0,0,1,0,4,1,0,0,2,1,4,16,0,0,20,12
game-487,487,"red-hunter-evolution","iron-hyena-pack-pressure",False,33,9,2,3,4,15,8,9,,4,2,2,0,0,0,3,0,3,0,0,0,6,6,6,6,0,1,1,3,23,9,10,7,0,0,"red.ancestor.grandmother","iron.ancestor.firstpack",3,0,8,2,13,9,5,2,1,0,0,0,3,4,2,2,0,2,0,17,0,17,0,17,0,4,0,11,34,49,0,0,1,0,7,0,0,0,3,2,4,11,1,1,18,21
game-488,488,"iron-hyena-pack-pressure","red-hunter-evolution",False,20,5,3,0,5,10,6,11,,3,1,2,0,0,0,2,1,1,0,0,0,4,2,4,2,1,1,3,1,12,5,5,4,0,0,"red.ancestor.grandmother","iron.ancestor.smithpassedfang",2,1,6,4,7,6,2,3,0,0,1,0,6,0,6,0,0,0,0,10,0,10,0,10,0,0,0,5,20,30,0,0,2,0,2,1,0,0,1,1,5,11,1,0,0,23
game-489,489,"iron-hyena-pack-pressure","red-hunter-evolution",False,29,8,3,1,5,9,6,20,,3,2,1,0,0,0,3,0,3,0,0,0,4,14,4,10,2,1,0,1,30,5,9,4,0,0,"red.ancestor.grandmother","iron.ancestor.firstpack",3,2,8,6,11,6,1,4,0,0,1,0,4,0,4,0,0,0,0,18,0,17,0,17,0,6,0,9,28,47,0,0,3,0,0,1,0,0,2,2,5,9,0,1,15,25
game-490,490,"iron-hyena-pack-pressure","red-hunter-evolution",False,20,5,3,0,5,13,8,13,,1,1,0,0,0,0,2,1,1,0,0,0,0,2,0,1,0,1,5,1,19,4,7,3,0,0,"red.ancestor.firsthunter","iron.ancestor.smithpassedfang",2,1,6,4,6,5,0,1,0,0,1,0,2,0,2,0,0,0,0,10,0,9,0,9,0,1,0,5,20,29,0,0,2,0,0,0,0,0,1,1,5,,1,0,0,25
game-491,491,"iron-hyena-pack-pressure","red-hunter-evolution",False,21,6,3,0,5,7,6,7,,2,2,0,0,0,0,2,0,2,0,0,0,0,4,0,3,0,1,3,1,20,5,8,4,0,0,"red.ancestor.firsthunter","iron.ancestor.firstpack",1,1,4,4,7,7,0,3,0,0,0,0,5,0,5,0,0,0,0,10,0,10,0,10,0,4,0,5,20,32,0,0,2,0,3,1,0,0,1,1,5,,0,1,0,19
game-492,492,"iron-hyena-pack-pressure","red-hunter-evolution",False,29,8,3,2,5,7,6,11,,3,2,1,0,0,0,2,1,1,0,0,0,4,2,4,2,0,1,6,2,22,1,10,1,0,0,"red.ancestor.firsthunter","iron.ancestor.smithpassedfang",4,0,10,2,11,11,4,1,1,0,4,0,6,1,6,1,0,0,0,15,0,15,0,15,0,3,0,9,28,45,0,0,0,0,5,0,0,0,2,2,5,14,0,1,11,29
game-493,493,"iron-hyena-pack-pressure","red-hunter-evolution",False,23,6,3,0,4,7,5,7,,2,1,1,0,0,0,3,1,2,0,0,0,2,10,2,6,0,0,4,0,17,7,6,5,0,0,"red.ancestor.grandmother","iron.ancestor.smithpassedfang",2,1,6,4,8,9,0,2,0,0,1,0,3,0,3,0,0,0,0,17,0,16,0,16,0,5,0,9,22,40,0,0,1,0,2,4,0,0,1,1,4,,0,1,0,25
game-494,494,"iron-hyena-pack-pressure","red-hunter-evolution",False,23,6,3,0,5,13,6,14,,1,1,0,0,0,0,2,1,1,0,0,0,0,2,0,2,0,1,6,2,21,7,7,4,0,0,"red.ancestor.grandmother","iron.ancestor.firstpack",1,0,4,2,8,8,0,2,0,0,0,0,3,0,3,0,0,0,0,13,0,13,0,13,0,5,0,8,22,37,0,0,2,0,1,0,0,0,1,1,5,,0,1,0,18
game-495,495,"iron-hyena-pack-pressure","red-hunter-evolution",False,21,6,3,0,4,5,9,15,,1,1,0,0,0,0,1,0,1,0,0,0,0,4,0,4,0,1,2,0,16,5,6,3,0,0,"red.ancestor.firsthunter","iron.ancestor.firstpack",2,0,6,2,5,5,1,1,0,0,0,0,3,0,3,0,0,0,0,9,0,9,0,9,0,3,0,5,20,31,0,0,3,0,2,1,0,0,1,1,4,17,0,1,7,31
game-496,496,"iron-hyena-pack-pressure","red-hunter-evolution",False,21,6,3,0,5,7,7,7,,2,1,1,0,0,0,3,1,2,0,0,0,2,6,2,5,1,1,6,0,9,7,4,4,0,0,"red.ancestor.firsthunter","iron.ancestor.firstpack",2,0,6,2,6,7,1,1,0,0,0,0,9,0,6,0,0,0,0,13,0,13,0,13,0,5,0,6,20,35,0,0,2,0,2,1,0,0,1,1,5,11,0,1,0,25
game-497,497,"red-hunter-evolution","iron-hyena-pack-pressure",False,22,6,2,3,3,12,7,9,14,2,2,0,1,0,1,2,1,1,0,0,0,2,2,2,2,0,1,4,3,12,9,5,6,0,0,"red.ancestor.firsthunter","iron.ancestor.firstpack",0,0,2,2,7,7,4,0,0,0,0,0,6,0,5,0,0,0,0,11,0,11,0,11,0,1,0,7,22,33,0,0,1,0,3,0,0,0,1,1,5,3,0,0,5,24
game-498,498,"red-hunter-evolution","iron-hyena-pack-pressure",False,22,6,1,3,4,17,6,14,,2,2,0,0,0,0,1,1,0,0,0,0,0,0,0,0,0,1,8,0,10,7,5,4,0,0,"red.ancestor.grandmother","iron.ancestor.firstpack",2,0,6,2,8,4,1,6,0,0,0,0,14,0,9,0,0,0,0,9,0,9,0,9,0,0,0,5,22,31,0,0,1,0,4,1,0,0,1,1,4,16,0,0,12,15
game-499,499,"red-hunter-evolution","iron-hyena-pack-pressure",False,17,5,1,3,4,13,6,11,,2,2,0,0,0,0,0,0,0,0,0,0,0,0,0,0,0,0,7,2,10,3,6,2,0,0,"red.ancestor.firsthunter","iron.ancestor.firstpack",3,1,8,4,6,2,5,3,0,0,0,0,7,0,3,0,0,0,0,3,0,3,0,3,0,0,0,3,18,19,0,0,1,0,1,0,0,0,1,1,4,9,1,1,30,10
game-500,500,"iron-hyena-pack-pressure","red-hunter-evolution",False,21,6,3,0,4,7,8,11,,3,3,0,0,0,0,1,0,1,0,0,0,0,4,0,4,0,0,3,0,8,3,3,3,0,0,"red.ancestor.firsthunter","iron.ancestor.smithpassedfang",1,1,4,4,6,6,0,1,0,0,0,0,4,0,4,0,0,0,0,11,0,11,0,11,0,3,0,5,20,33,0,0,1,0,2,0,0,0,1,1,4,19,0,1,0,25
game-501,501,"red-hunter-evolution","iron-hyena-pack-pressure",False,24,6,1,3,4,7,5,5,17,3,2,1,1,0,1,1,0,1,0,0,0,6,2,6,2,1,0,4,0,16,1,6,1,0,0,"red.ancestor.firsthunter","iron.ancestor.firstpack",0,0,2,2,9,9,6,0,0,0,0,0,0,0,0,0,0,0,0,9,0,9,0,9,0,1,0,8,24,33,0,0,1,0,9,0,0,0,2,1,4,16,0,0,21,10
game-502,502,"red-hunter-evolution","iron-hyena-pack-pressure",False,35,9,1,3,4,5,5,14,19,5,2,3,1,0,1,3,3,0,0,0,0,8,0,8,0,1,1,8,3,23,1,10,1,0,0,"red.ancestor.grandmother","iron.ancestor.smithpassedfang",3,0,8,2,14,14,10,1,0,0,7,0,4,2,3,2,0,0,0,17,0,17,0,17,0,2,0,11,36,51,0,1,1,0,16,1,0,0,3,2,4,17,1,1,20,14
game-503,503,"red-hunter-evolution","iron-hyena-pack-pressure",False,46,12,2,3,4,5,5,11,,8,3,5,0,0,0,4,3,1,0,0,0,18,2,16,2,4,1,7,2,42,28,18,17,0,0,"red.ancestor.firsthunter","iron.ancestor.firstpack",9,0,20,2,19,20,11,5,0,0,0,0,3,4,3,3,0,0,0,31,0,31,0,31,0,5,0,19,46,77,0,0,1,0,20,3,0,0,4,3,4,17,0,0,10,24
game-504,504,"iron-hyena-pack-pressure","red-hunter-evolution",False,21,6,3,1,4,7,6,14,,1,1,0,0,0,0,1,0,1,0,0,0,0,4,0,4,0,0,6,0,10,6,6,4,0,0,"red.ancestor.firsthunter","iron.ancestor.smithpassedfang",2,1,6,4,7,7,3,0,0,0,2,0,5,1,4,1,0,0,0,7,0,7,0,7,0,1,0,5,20,29,0,0,2,0,1,0,0,0,1,1,4,9,0,1,12,24
game-505,505,"red-hunter-evolution","iron-hyena-pack-pressure",False,17,5,1,3,5,13,6,9,,2,1,1,0,0,0,0,0,0,0,0,0,2,0,2,0,1,0,3,0,4,4,2,2,0,0,"red.ancestor.grandmother","iron.ancestor.firstpack",1,0,4,2,6,3,7,0,0,0,0,0,10,0,5,0,0,0,0,7,0,7,0,7,0,0,0,4,18,23,0,0,0,0,2,0,0,0,1,1,5,11,1,1,30,12
game-506,506,"iron-hyena-pack-pressure","red-hunter-evolution",False,29,8,3,1,4,18,5,5,,3,2,1,0,0,0,5,1,4,0,0,0,4,14,4,11,0,1,7,0,17,9,7,6,0,0,"red.ancestor.firsthunter","iron.ancestor.firstpack",2,0,6,2,11,12,5,2,0,0,0,0,6,1,5,1,0,0,0,14,0,14,0,14,0,5,0,9,28,44,0,0,2,0,5,2,0,0,2,2,4,9,0,1,12,28
game-507,507,"iron-hyena-pack-pressure","red-hunter-evolution",False,30,8,3,0,5,13,6,9,27,3,2,1,1,0,1,3,0,3,0,0,0,6,12,6,8,1,0,1,1,25,9,10,7,0,0,"red.ancestor.firsthunter","iron.ancestor.firstpack",6,0,14,2,12,11,1,5,0,0,0,0,6,1,6,1,0,0,0,15,0,15,0,15,0,5,0,10,30,45,0,0,2,0,3,0,0,0,2,2,5,25,0,1,5,26
game-508,508,"red-hunter-evolution","iron-hyena-pack-pressure",False,22,6,0,3,4,17,6,9,,3,3,0,0,0,0,1,0,1,0,0,0,0,2,0,2,0,0,3,0,14,0,7,0,0,0,"red.ancestor.firsthunter","",2,0,6,0,8,0,4,1,2,0,0,0,0,1,0,1,0,0,0,7,0,7,0,7,0,1,0,6,22,29,0,0,0,0,8,0,0,0,1,1,4,14,0,0,10,7
game-509,509,"red-hunter-evolution","iron-hyena-pack-pressure",False,32,8,1,3,4,13,6,9,30,3,3,0,1,0,1,3,2,1,0,0,0,2,2,2,2,1,0,5,1,21,4,7,2,0,0,"red.ancestor.grandmother","iron.ancestor.smithpassedfang",1,1,4,4,13,11,6,4,0,0,1,0,6,2,5,2,0,0,0,14,0,14,0,14,0,1,0,8,32,46,0,0,1,0,11,1,0,0,3,2,4,11,0,0,15,16
game-510,510,"iron-hyena-pack-pressure","red-hunter-evolution",False,23,6,3,0,5,13,6,7,,1,1,0,0,0,0,3,1,2,0,0,0,0,8,0,4,0,0,5,1,21,6,8,4,0,0,"red.ancestor.grandmother","iron.ancestor.firstpack",3,0,8,2,8,8,0,4,0,0,0,0,2,0,2,0,0,0,0,13,0,12,0,12,0,4,0,6,22,36,0,0,1,0,1,1,0,0,1,1,5,,0,1,0,27
game-511,511,"iron-hyena-pack-pressure","red-hunter-evolution",False,21,6,3,0,5,7,6,7,,1,0,1,0,0,0,2,1,1,0,0,0,2,4,2,4,1,0,2,1,21,7,7,5,0,0,"red.ancestor.firsthunter","iron.ancestor.firstpack",2,0,6,2,7,7,0,3,0,0,0,0,2,0,2,0,0,0,0,10,0,10,0,10,0,0,0,7,20,32,0,0,2,0,3,2,0,0,1,1,5,,0,1,0,26
game-512,512,"red-hunter-evolution","iron-hyena-pack-pressure",False,25,7,2,3,3,11,8,9,,4,4,0,0,0,0,1,0,1,0,0,0,0,4,0,4,0,1,5,1,12,8,7,5,0,0,"red.ancestor.firsthunter","iron.ancestor.firstpack",3,0,8,2,9,5,5,2,0,0,0,0,5,2,4,1,0,1,0,14,0,14,0,14,0,1,0,7,26,38,0,0,1,0,6,1,0,0,2,1,4,3,1,1,14,12
game-513,513,"red-hunter-evolution","iron-hyena-pack-pressure",False,33,9,1,3,4,16,6,14,19,5,1,4,1,0,1,2,2,0,0,0,0,18,0,14,0,1,1,3,3,29,11,10,7,0,0,"red.ancestor.grandmother","iron.ancestor.smithpassedfang",1,1,4,4,14,12,6,2,0,0,1,0,6,0,6,0,0,0,0,15,0,15,0,15,0,0,0,8,34,47,0,0,2,0,10,0,0,0,3,2,4,17,1,1,15,22
game-514,514,"red-hunter-evolution","iron-hyena-pack-pressure",False,25,7,1,3,4,11,8,9,,3,1,2,0,0,0,2,1,1,0,0,0,4,4,4,4,1,2,3,0,10,2,6,1,0,0,"red.ancestor.firsthunter","iron.ancestor.firstpack",3,0,8,2,9,5,4,4,0,0,0,0,3,1,2,1,0,0,0,10,0,10,0,10,0,1,0,5,26,34,0,0,0,0,5,2,0,0,2,1,4,6,1,1,14,15
game-515,515,"iron-hyena-pack-pressure","red-hunter-evolution",False,37,10,3,2,5,13,6,14,33,4,1,3,1,0,1,3,2,1,0,0,0,16,4,12,4,0,1,3,3,26,10,12,7,0,0,"red.ancestor.firsthunter","iron.ancestor.firstpack",6,2,14,6,15,15,1,4,0,0,1,0,4,2,4,0,0,2,0,24,0,23,0,23,0,6,0,13,36,61,0,1,4,0,8,0,0,0,3,3,5,25,0,1,10,20
game-516,516,"red-hunter-evolution","iron-hyena-pack-pressure",False,51,13,1,3,5,31,6,14,35,7,2,5,1,0,1,5,4,1,0,0,0,16,2,16,2,1,0,6,8,61,6,20,5,0,0,"red.ancestor.firsthunter","iron.ancestor.smithpassedfang",5,1,12,4,23,21,3,7,0,0,4,0,16,0,13,0,0,0,0,34,0,34,0,34,0,2,0,19,52,84,0,0,3,0,24,6,0,0,5,4,5,33,1,1,18,24
game-517,517,"red-hunter-evolution","iron-hyena-pack-pressure",False,19,5,0,3,4,14,5,9,14,2,2,0,1,0,1,0,0,0,0,0,0,2,0,2,0,0,0,6,1,10,1,4,1,0,0,"red.ancestor.firsthunter","iron.ancestor.smithpassedfang",0,0,2,2,7,6,5,0,0,0,1,0,6,0,3,0,0,0,0,4,0,4,0,4,0,0,0,3,20,22,0,0,1,0,4,0,0,0,1,1,4,11,1,1,19,13
game-518,518,"iron-hyena-pack-pressure","red-hunter-evolution",False,23,6,3,2,5,13,6,12,,2,2,0,0,0,0,2,0,2,0,0,0,0,4,0,4,0,1,5,1,14,3,6,2,0,0,"red.ancestor.grandmother","iron.ancestor.smithpassedfang",3,1,8,4,8,7,1,4,0,0,1,0,6,5,5,2,0,0,0,12,0,12,0,12,0,5,0,7,22,36,0,0,0,0,2,2,1,0,1,1,5,16,0,1,13,24
game-519,519,"iron-hyena-pack-pressure","red-hunter-evolution",False,29,8,3,2,4,5,5,11,,3,1,2,0,0,0,1,1,0,0,0,0,6,0,6,0,0,0,3,2,17,1,6,1,0,0,"red.ancestor.grandmother","iron.ancestor.firstpack",2,0,6,2,10,12,4,4,0,0,0,0,1,1,1,1,0,0,0,19,0,19,0,19,0,4,0,10,28,49,0,0,2,0,7,1,0,0,2,2,4,11,0,1,7,27
game-520,520,"red-hunter-evolution","iron-hyena-pack-pressure",False,19,5,0,3,4,11,8,8,14,2,1,1,1,0,1,0,0,0,0,0,0,4,0,4,0,0,0,3,0,3,2,2,1,0,0,"red.ancestor.firsthunter","iron.ancestor.firstpack",0,0,2,2,6,2,4,0,0,0,0,0,7,0,7,0,0,0,0,5,0,5,0,5,0,0,0,3,20,23,0,0,1,0,8,0,0,0,1,1,4,9,1,1,13,9
game-521,521,"iron-hyena-pack-pressure","red-hunter-evolution",False,29,8,3,0,4,21,6,11,,4,3,1,0,0,0,2,1,1,0,0,0,2,4,2,4,1,0,4,3,37,10,12,6,0,0,"red.ancestor.firsthunter","iron.ancestor.firstpack",2,0,6,2,11,10,0,3,0,0,0,0,7,0,7,0,0,0,0,14,0,14,0,14,0,2,0,8,28,44,0,0,2,0,2,1,0,0,2,2,4,,0,1,0,18
game-522,522,"iron-hyena-pack-pressure","red-hunter-evolution",False,23,6,3,0,4,13,6,11,,3,1,2,0,0,0,2,0,2,0,0,0,4,8,4,8,2,1,0,0,24,5,9,3,0,0,"red.ancestor.firsthunter","iron.ancestor.firstpack",3,0,8,2,8,5,0,1,1,0,0,0,7,0,7,0,0,0,0,13,0,13,0,13,0,4,0,6,22,37,0,0,1,0,5,0,0,0,1,1,4,,0,1,0,25
game-523,523,"red-hunter-evolution","iron-hyena-pack-pressure",False,27,7,2,3,4,13,6,12,,3,2,1,0,0,0,2,0,2,0,0,0,4,4,4,4,1,1,9,1,10,7,5,5,0,0,"red.ancestor.grandmother","iron.ancestor.smithpassedfang",1,1,4,4,11,8,8,3,0,0,1,0,9,1,5,1,0,0,0,12,0,12,0,12,0,2,0,8,28,38,0,0,3,0,4,0,0,0,2,1,4,17,1,1,18,25
game-524,524,"iron-hyena-pack-pressure","red-hunter-evolution",False,29,8,3,1,4,15,9,11,,4,2,2,0,0,0,3,1,2,0,0,0,4,6,4,6,1,1,6,3,23,8,9,5,0,0,"red.ancestor.firsthunter","iron.ancestor.firstpack",4,0,10,2,9,7,1,3,0,0,0,0,9,1,7,1,0,0,0,15,0,14,0,14,0,5,0,8,28,44,0,0,0,0,6,1,1,0,2,2,4,25,0,1,9,22
game-525,525,"red-hunter-evolution","iron-hyena-pack-pressure",False,32,8,2,3,5,12,6,14,,3,1,2,0,0,0,1,0,1,0,0,0,4,4,4,4,0,1,3,0,24,3,10,3,0,0,"red.ancestor.grandmother","iron.ancestor.firstpack",4,2,10,6,13,12,4,5,0,0,1,0,3,1,3,1,0,0,0,17,0,17,0,17,0,2,0,12,32,49,0,0,1,0,10,3,0,0,2,2,5,22,0,0,16,17
game-526,526,"iron-hyena-pack-pressure","red-hunter-evolution",False,39,10,3,1,4,21,8,13,,5,2,3,0,0,0,4,2,2,0,0,0,8,6,8,6,0,2,10,1,35,13,13,10,0,0,"red.ancestor.firsthunter","iron.ancestor.smithpassedfang",6,1,14,4,15,11,5,4,0,0,1,0,11,4,10,2,0,0,0,26,0,25,0,25,0,5,0,13,38,65,0,0,3,0,7,4,0,0,3,3,4,9,0,1,9,35
game-527,527,"iron-hyena-pack-pressure","red-hunter-evolution",False,15,4,3,0,4,5,5,13,,0,0,0,0,0,0,1,0,1,0,0,0,0,4,0,4,0,0,2,0,8,2,4,2,0,0,"red.ancestor.firsthunter","iron.ancestor.smithpassedfang",2,1,6,4,4,5,0,0,0,0,1,0,1,0,1,0,0,0,0,10,0,9,0,9,0,4,0,5,14,25,0,0,1,0,0,0,0,0,1,1,4,,0,1,0,25
game-528,528,"red-hunter-evolution","iron-hyena-pack-pressure",False,30,8,1,3,4,15,6,11,22,3,2,1,1,0,1,2,0,2,0,0,0,4,4,4,4,0,1,3,3,15,11,6,8,0,0,"red.ancestor.firsthunter","iron.ancestor.firstpack",3,0,8,2,12,9,4,3,0,0,0,0,2,0,2,0,0,0,0,17,0,17,0,17,0,3,0,11,30,47,0,0,2,0,8,1,0,0,2,2,4,9,0,0,20,13
game-529,529,"iron-hyena-pack-pressure","red-hunter-evolution",False,21,6,3,2,4,13,8,9,16,2,2,0,1,0,1,2,1,1,0,0,0,2,2,2,2,0,1,4,0,13,1,7,1,0,0,"red.ancestor.firsthunter","iron.ancestor.firstpack",0,0,2,2,6,4,4,0,0,0,0,0,3,1,3,1,0,0,0,11,0,11,0,11,0,0,0,6,20,33,0,0,1,0,3,0,1,0,1,1,4,11,0,1,10,24
game-530,530,"red-hunter-evolution","iron-hyena-pack-pressure",False,22,6,1,3,5,13,6,9,14,3,1,2,1,0,1,1,1,0,0,0,0,6,0,6,0,1,0,2,2,10,2,5,2,0,0,"red.ancestor.firsthunter","iron.ancestor.firstpack",2,1,6,4,8,7,5,1,0,0,2,0,3,0,3,0,0,0,0,9,0,9,0,9,0,1,0,7,22,31,0,0,0,0,8,1,0,0,1,1,5,11,0,0,14,9
game-531,531,"iron-hyena-pack-pressure","red-hunter-evolution",False,37,10,3,1,4,17,6,11,33,5,3,2,1,0,1,4,3,1,0,0,0,6,2,6,2,3,2,8,1,40,14,13,9,0,0,"red.ancestor.firsthunter","iron.ancestor.firstpack",6,1,14,4,15,11,3,4,0,0,0,0,11,0,11,0,0,0,0,24,0,22,0,22,0,4,0,11,36,60,0,0,2,0,10,1,0,0,3,2,4,9,0,1,14,35
game-532,532,"red-hunter-evolution","iron-hyena-pack-pressure",False,32,8,1,3,3,13,8,14,,4,3,1,0,0,0,3,2,1,0,0,0,2,2,1,2,2,0,6,2,25,1,12,1,0,0,"red.ancestor.firsthunter","iron.ancestor.firstpack",5,0,12,2,12,8,6,2,0,0,0,0,5,1,5,1,0,0,0,13,0,13,0,13,0,1,0,10,32,45,0,0,0,0,9,3,0,0,3,2,4,3,0,0,16,15
game-533,533,"red-hunter-evolution","iron-hyena-pack-pressure",False,19,5,0,3,5,14,6,9,16,3,3,0,1,0,1,0,0,0,0,0,0,2,0,2,0,0,0,5,2,9,0,5,0,0,0,"red.ancestor.firsthunter","",3,0,8,0,7,0,2,5,0,0,0,0,5,0,5,0,0,0,0,4,0,4,0,4,0,0,0,4,20,22,0,0,1,0,3,0,0,0,1,1,5,9,1,1,15,8
game-534,534,"red-hunter-evolution","iron-hyena-pack-pressure",False,27,7,1,3,5,13,6,9,,3,1,2,0,0,0,1,1,0,0,0,0,4,0,3,0,0,1,4,1,7,9,6,7,0,0,"red.ancestor.grandmother","iron.ancestor.firstpack",2,1,6,4,11,9,4,4,0,0,0,0,3,2,2,1,0,0,0,13,0,13,0,13,0,2,0,8,28,39,0,0,0,0,9,0,0,0,2,2,5,11,1,1,20,8
game-535,535,"iron-hyena-pack-pressure","red-hunter-evolution",False,23,6,3,0,4,5,5,11,,2,2,0,0,0,0,2,1,1,0,0,0,0,2,0,2,0,1,2,0,19,8,7,6,0,0,"red.ancestor.firsthunter","iron.ancestor.firstpack",3,0,8,2,7,9,1,1,2,0,0,0,4,0,3,0,0,0,0,15,0,13,0,13,0,1,0,8,22,37,0,0,0,0,1,0,0,0,1,1,4,9,0,1,3,30
game-536,536,"iron-hyena-pack-pressure","red-hunter-evolution",False,20,5,3,0,4,12,5,12,,1,1,0,0,0,0,3,1,2,0,0,0,0,4,0,4,0,1,4,0,4,6,2,4,0,0,"red.ancestor.grandmother","iron.ancestor.smithpassedfang",1,1,4,4,6,7,0,2,0,0,2,0,4,0,4,0,0,0,0,9,0,9,0,9,0,2,0,4,20,29,0,0,3,0,1,0,0,0,1,1,4,,1,0,0,34
game-537,537,"red-hunter-evolution","iron-hyena-pack-pressure",False,32,8,1,3,4,13,6,14,,3,0,3,0,0,0,2,1,1,0,0,0,8,2,8,2,3,0,5,4,23,2,8,1,0,0,"red.ancestor.firsthunter","iron.ancestor.firstpack",2,0,6,2,13,9,6,1,0,0,0,0,1,0,1,0,0,0,0,14,0,14,0,14,0,2,0,9,32,46,0,0,2,0,14,1,0,0,3,2,4,25,0,0,15,12
game-538,538,"iron-hyena-pack-pressure","red-hunter-evolution",False,23,6,3,1,4,14,6,9,,3,2,1,0,0,0,1,0,1,0,0,0,2,4,2,4,0,1,4,2,11,6,6,5,0,0,"red.ancestor.grandmother","iron.ancestor.firstpack",3,0,8,2,8,6,3,2,1,0,0,0,3,1,3,1,0,0,0,12,0,11,0,11,0,0,0,6,22,35,0,0,2,0,1,0,0,0,1,1,4,11,0,1,0,25
game-539,539,"iron-hyena-pack-pressure","red-hunter-evolution",False,23,6,3,0,5,7,7,11,,2,1,1,0,0,0,2,0,2,0,0,0,2,4,2,4,0,0,3,0,10,8,4,5,0,0,"red.ancestor.firsthunter","iron.ancestor.firstpack",1,0,4,2,7,8,0,3,0,0,0,0,10,4,6,3,0,0,0,12,0,12,0,12,0,4,0,7,22,36,0,0,3,0,4,2,0,0,1,1,5,19,0,1,0,22
game-540,540,"iron-hyena-pack-pressure","red-hunter-evolution",False,21,6,3,0,4,5,5,11,,2,2,0,0,0,0,2,1,1,0,0,0,0,4,0,4,0,1,6,0,10,9,5,7,0,0,"red.ancestor.grandmother","iron.ancestor.firstpack",3,0,8,2,6,8,0,3,0,0,0,0,4,0,4,0,0,0,0,13,0,13,0,13,0,2,0,9,20,35,0,0,2,0,2,1,0,0,1,1,4,,0,1,0,35
game-541,541,"red-hunter-evolution","iron-hyena-pack-pressure",False,25,7,2,3,4,12,8,9,22,3,2,1,1,0,1,2,0,2,0,0,0,4,6,4,6,0,0,5,0,7,6,3,5,0,0,"red.ancestor.firsthunter","iron.ancestor.firstpack",0,0,2,2,9,5,7,0,0,0,0,0,1,2,1,2,0,0,0,14,0,13,0,13,0,1,0,7,26,37,0,0,1,0,8,0,1,0,2,1,4,6,1,1,25,30
game-542,542,"red-hunter-evolution","iron-hyena-pack-pressure",False,30,8,2,3,5,13,9,14,22,4,2,2,1,0,1,3,1,2,0,0,0,6,4,6,4,4,0,4,2,22,9,9,6,0,0,"red.ancestor.firsthunter","iron.ancestor.bonesplittermother",4,1,10,4,10,8,6,1,1,0,0,0,14,0,12,0,0,0,0,18,0,18,0,18,0,5,0,9,30,48,0,0,0,0,8,1,0,1,2,2,5,17,0,0,17,28
game-543,543,"red-hunter-evolution","iron-hyena-pack-pressure",False,17,5,1,3,3,13,8,9,,2,2,0,0,0,0,1,0,1,0,0,0,0,4,0,4,0,1,4,1,6,1,3,1,0,0,"red.ancestor.firsthunter","iron.ancestor.firstpack",0,0,2,2,5,0,5,0,0,0,0,0,3,4,2,1,0,0,0,7,0,6,0,6,0,3,0,3,18,22,0,0,0,0,2,0,1,0,1,1,4,3,1,1,20,14
game-544,544,"iron-hyena-pack-pressure","red-hunter-evolution",False,15,4,3,0,5,12,7,7,,0,0,0,0,0,0,1,0,1,0,0,0,0,2,0,2,0,0,1,0,4,4,2,3,0,0,"red.ancestor.firsthunter","iron.ancestor.firstpack",1,0,4,2,3,4,0,0,0,0,0,0,1,0,1,0,0,0,0,10,0,10,0,10,0,3,0,5,14,26,0,0,1,0,0,0,0,0,1,1,5,,0,1,0,18
game-545,545,"iron-hyena-pack-pressure","red-hunter-evolution",False,23,6,3,0,4,5,5,11,,3,1,2,0,0,0,1,1,0,0,0,0,4,0,4,0,1,1,6,1,23,11,8,7,0,0,"red.ancestor.firsthunter","iron.ancestor.firstpack",4,0,10,2,7,9,0,2,0,0,0,0,3,0,3,0,0,0,0,14,0,14,0,14,0,0,0,9,22,38,0,0,2,0,2,0,0,0,1,1,4,,0,1,0,24
game-546,546,"iron-hyena-pack-pressure","red-hunter-evolution",False,21,6,3,2,4,5,5,9,16,3,2,1,1,0,1,0,0,0,0,0,0,4,0,4,0,0,0,4,1,11,9,6,6,0,0,"red.ancestor.firsthunter","iron.ancestor.firstpack",1,1,4,4,7,8,3,2,0,0,0,0,5,1,5,1,0,0,0,13,0,13,0,13,0,3,0,8,20,35,0,0,2,0,5,1,0,0,1,1,4,14,0,1,8,23
game-547,547,"red-hunter-evolution","iron-hyena-pack-pressure",False,40,10,1,3,4,13,8,14,30,5,1,4,1,0,1,5,1,4,0,0,0,14,8,12,8,0,0,9,1,39,1,15,1,0,0,"red.ancestor.firsthunter","iron.ancestor.firstpack",5,0,12,2,16,12,5,3,1,0,0,0,7,2,6,2,0,0,0,20,0,20,0,20,0,4,0,12,40,60,0,0,3,0,13,1,0,0,4,3,4,22,0,0,17,19
game-548,548,"iron-hyena-pack-pressure","red-hunter-evolution",False,28,7,3,2,4,12,6,9,14,4,2,2,1,0,1,2,1,1,0,0,0,8,4,8,4,0,1,3,0,27,11,12,7,0,0,"red.ancestor.firsthunter","iron.ancestor.firstpack",4,0,10,2,11,9,4,3,1,0,0,0,10,4,7,2,0,0,0,15,0,14,0,14,0,3,0,8,28,42,0,0,3,0,7,0,1,0,2,2,4,11,1,0,7,28
game-549,549,"red-hunter-evolution","iron-hyena-pack-pressure",False,22,6,1,3,4,13,6,9,,2,2,0,0,0,0,1,0,1,0,0,0,0,2,0,2,0,0,6,3,15,3,8,1,0,0,"red.ancestor.firsthunter","iron.ancestor.firstpack",0,0,2,2,8,3,7,0,0,0,0,0,5,4,3,2,0,0,0,12,0,12,0,12,0,4,0,6,22,34,0,0,2,0,6,2,1,0,1,1,4,11,0,0,16,9
game-550,550,"red-hunter-evolution","iron-hyena-pack-pressure",False,19,5,1,3,4,9,14,8,,3,1,2,0,0,0,2,1,1,0,0,0,4,2,4,2,1,1,3,1,5,0,3,0,0,0,"red.ancestor.firsthunter","",0,0,2,0,3,0,2,0,0,0,0,0,1,1,1,0,0,1,0,7,0,7,0,7,0,1,0,5,20,25,0,0,0,0,5,1,0,0,1,1,4,9,1,1,15,10
game-551,551,"iron-hyena-pack-pressure","red-hunter-evolution",False,20,5,3,0,4,7,5,5,,2,1,1,0,0,0,3,1,2,0,0,0,2,4,2,4,2,0,2,1,21,6,7,5,0,0,"red.ancestor.firsthunter","iron.ancestor.firstpack",0,0,2,2,7,7,0,0,0,0,0,0,3,0,3,0,0,0,0,10,0,10,0,10,0,3,0,7,20,30,0,0,4,0,1,1,0,0,1,1,4,,1,0,0,28
game-552,552,"iron-hyena-pack-pressure","red-hunter-evolution",False,28,7,3,2,4,5,5,9,,3,3,0,0,0,0,2,1,1,0,0,0,0,2,0,2,0,1,7,0,18,6,8,6,0,0,"red.ancestor.firsthunter","iron.ancestor.firstpack",0,2,2,6,9,11,6,0,0,0,1,0,5,5,5,2,0,0,0,19,0,18,0,18,0,5,0,10,28,46,0,0,2,0,5,3,0,0,2,2,4,11,1,0,12,25
game-553,553,"iron-hyena-pack-pressure","red-hunter-evolution",False,15,4,3,0,4,7,8,11,,1,1,0,0,0,0,1,0,1,0,0,0,0,2,0,2,0,0,3,0,9,4,4,3,0,0,"red.ancestor.firsthunter","iron.ancestor.firstpack",1,0,4,2,3,3,0,0,0,0,0,0,2,0,2,0,0,0,0,10,0,10,0,10,0,1,0,5,14,26,0,0,1,0,1,1,0,0,1,1,4,,0,1,0,18
game-554,554,"red-hunter-evolution","iron-hyena-pack-pressure",False,22,6,2,3,4,7,6,9,19,3,3,0,1,0,1,1,1,0,0,0,0,2,0,2,0,0,1,8,2,7,7,5,5,0,0,"red.ancestor.firsthunter","iron.ancestor.firstpack",2,0,6,2,8,5,6,0,0,0,0,0,12,1,7,1,0,0,0,8,0,8,0,8,0,1,0,7,22,30,0,0,2,0,5,0,0,0,1,1,4,9,0,0,21,10
game-555,555,"iron-hyena-pack-pressure","red-hunter-evolution",False,29,8,3,1,4,5,5,7,22,4,3,1,1,0,1,2,0,2,0,0,0,4,6,4,6,0,1,10,1,26,11,9,7,0,0,"red.ancestor.firsthunter","iron.ancestor.firstpack",2,0,6,2,11,12,2,3,0,0,0,0,11,0,7,0,0,0,0,15,0,15,0,15,0,2,0,10,28,45,0,0,3,0,5,1,0,0,2,2,4,17,0,1,4,30
game-556,556,"iron-hyena-pack-pressure","red-hunter-evolution",False,12,3,3,0,4,7,5,11,,1,1,0,0,0,0,1,0,1,0,0,0,0,4,0,2,0,0,2,0,8,4,4,3,0,0,"red.ancestor.firsthunter","iron.ancestor.firstpack",1,0,4,2,3,3,0,1,0,0,0,0,2,0,2,0,0,0,0,9,0,9,0,9,0,0,0,5,12,21,0,0,1,0,0,0,0,0,0,0,4,,1,0,0,16
game-557,557,"red-hunter-evolution","iron-hyena-pack-pressure",False,22,6,0,3,5,14,6,9,17,2,2,0,1,0,1,0,0,0,0,0,0,2,0,2,0,0,0,4,1,11,0,5,0,0,0,"red.ancestor.grandmother","",1,0,4,0,8,0,6,2,0,0,0,0,1,0,1,0,0,0,0,5,0,5,0,5,0,0,0,4,22,27,0,0,1,0,7,0,0,0,1,1,5,11,0,0,9,8
game-558,558,"red-hunter-evolution","iron-hyena-pack-pressure",False,27,7,1,3,5,12,6,7,,3,2,1,0,0,0,3,1,2,0,0,0,2,6,2,6,0,0,10,1,16,1,7,1,0,0,"red.ancestor.grandmother","iron.ancestor.firstpack",3,0,8,2,11,9,9,0,0,0,0,0,1,3,1,1,0,2,0,11,0,11,0,11,0,1,0,7,28,37,0,0,1,0,8,1,0,0,2,1,5,16,1,1,20,7
game-559,559,"iron-hyena-pack-pressure","red-hunter-evolution",False,28,7,3,2,4,5,5,13,19,4,1,3,1,0,1,3,1,2,0,0,0,8,8,8,6,0,0,4,2,23,9,8,6,0,0,"red.ancestor.grandmother","iron.ancestor.firstpack",3,0,8,2,11,11,3,2,0,0,0,0,8,0,6,0,0,0,0,15,0,15,0,15,0,3,0,9,28,43,0,0,2,0,6,0,0,0,2,2,4,17,1,0,12,21
game-560,560,"red-hunter-evolution","iron-hyena-pack-pressure",False,38,10,2,3,4,5,5,9,19,3,2,1,1,0,1,4,2,2,0,0,0,4,6,4,6,1,2,2,1,23,3,11,2,0,0,"red.ancestor.grandmother","iron.ancestor.firstpack",3,1,8,4,16,16,9,2,0,0,3,0,1,1,1,1,0,0,0,20,0,20,0,20,0,3,0,12,38,58,0,0,1,0,15,2,0,0,4,3,4,17,0,0,14,23
game-561,561,"red-hunter-evolution","iron-hyena-pack-pressure",False,30,8,2,3,5,12,6,7,24,2,2,0,1,0,1,2,0,2,0,0,0,2,6,2,6,0,0,3,0,26,12,12,8,0,0,"red.ancestor.firsthunter","iron.ancestor.firstpack",0,0,2,2,12,10,6,0,0,0,0,0,2,2,2,2,0,0,0,14,0,14,0,14,0,3,0,11,30,44,0,0,3,0,12,1,1,0,2,2,5,19,0,0,12,17
game-562,562,"red-hunter-evolution","iron-hyena-pack-pressure",False,17,5,1,3,5,9,6,7,14,2,2,0,1,0,1,1,0,1,0,0,0,2,2,2,2,0,0,4,1,5,3,3,2,0,0,"red.ancestor.grandmother","iron.ancestor.firstpack",1,0,4,2,6,4,7,1,0,0,0,0,5,1,3,1,0,0,0,5,0,5,0,5,0,2,0,4,18,21,0,0,1,0,2,1,0,0,1,1,5,9,1,1,25,9
game-563,563,"red-hunter-evolution","iron-hyena-pack-pressure",False,41,11,1,3,4,7,5,7,38,5,2,3,1,0,1,5,2,3,0,0,0,16,6,12,6,1,1,5,4,45,21,15,13,0,0,"red.ancestor.firsthunter","iron.ancestor.firstpack",3,0,8,2,17,17,2,3,0,0,0,0,5,0,5,0,0,0,0,26,0,26,0,26,0,7,0,15,42,66,0,0,1,0,15,2,0,0,4,3,4,33,1,1,24,20
game-564,564,"red-hunter-evolution","iron-hyena-pack-pressure",False,40,10,1,3,3,15,8,11,30,6,2,4,1,0,1,2,2,0,0,0,0,14,0,12,0,2,0,7,4,27,16,13,12,0,0,"red.ancestor.firsthunter","iron.ancestor.firstpack",5,0,12,2,16,13,12,2,0,0,0,0,5,4,4,3,0,1,0,28,0,28,0,28,0,5,0,14,40,68,0,0,2,0,16,1,0,0,3,3,4,3,0,0,18,11
game-565,565,"iron-hyena-pack-pressure","red-hunter-evolution",False,23,6,3,1,5,5,6,9,,3,2,1,0,0,0,2,1,1,0,0,0,2,4,2,4,0,0,4,2,9,11,4,7,0,0,"red.ancestor.firsthunter","iron.ancestor.firstpack",1,0,4,2,8,7,0,6,0,0,0,0,7,0,6,0,0,0,0,16,0,15,0,15,0,3,0,8,22,39,0,0,2,0,4,0,0,0,1,1,5,16,0,1,7,28
game-566,566,"red-hunter-evolution","iron-hyena-pack-pressure",False,25,7,1,3,5,15,6,17,19,3,2,1,1,0,1,2,1,1,0,0,0,4,2,4,2,0,0,4,2,30,7,10,4,0,0,"red.ancestor.grandmother","iron.ancestor.firstpack",1,0,4,2,10,6,3,3,0,0,0,0,8,0,7,0,0,0,0,9,0,9,0,9,0,1,0,7,26,33,0,0,1,0,4,1,0,0,2,1,5,9,1,1,27,13
game-567,567,"iron-hyena-pack-pressure","red-hunter-evolution",False,23,6,3,0,4,13,5,7,19,1,1,0,1,0,1,2,1,1,0,0,0,2,2,2,2,0,2,7,0,13,5,6,4,0,0,"red.ancestor.grandmother","iron.ancestor.smithpassedfang",2,1,6,4,7,9,1,3,0,0,1,0,4,0,4,0,0,0,0,11,0,11,0,11,0,2,0,6,22,35,0,0,1,0,2,0,0,0,1,1,4,17,0,1,5,22
game-568,568,"iron-hyena-pack-pressure","red-hunter-evolution",False,18,5,3,2,4,5,5,11,,2,2,0,0,0,0,0,0,0,0,0,0,0,0,0,0,0,0,5,2,9,8,5,6,0,0,"red.ancestor.grandmother","iron.ancestor.firstpack",3,0,8,2,5,6,3,2,0,0,0,0,6,0,6,0,0,0,0,11,0,11,0,11,0,1,0,8,18,29,0,0,1,0,3,0,0,0,1,1,4,14,1,0,20,22
game-569,569,"iron-hyena-pack-pressure","red-hunter-evolution",False,21,6,3,0,4,13,5,7,19,3,1,2,1,0,1,2,0,2,0,0,0,6,4,6,4,2,0,4,1,21,8,8,6,0,0,"red.ancestor.firsthunter","iron.ancestor.firstpack",2,0,6,2,7,8,1,1,0,0,0,0,7,0,7,0,0,0,0,14,0,14,0,14,0,1,0,8,20,36,0,0,0,0,6,0,0,0,1,1,4,17,0,1,5,18
game-570,570,"red-hunter-evolution","iron-hyena-pack-pressure",False,24,6,1,3,4,18,6,9,,3,3,0,0,0,0,2,1,1,0,0,0,0,4,0,4,1,1,5,2,9,6,5,4,0,0,"red.ancestor.grandmother","iron.ancestor.firstpack",1,0,4,2,9,4,5,1,0,0,0,0,8,2,5,2,0,0,0,13,0,13,0,13,0,2,0,8,24,37,0,0,1,0,5,0,1,0,2,1,4,17,0,0,16,8
game-571,571,"iron-hyena-pack-pressure","red-hunter-evolution",False,15,4,3,0,4,7,5,5,14,1,1,0,1,0,1,2,0,2,0,0,0,2,6,2,4,0,0,2,0,9,2,4,2,0,0,"red.ancestor.firsthunter","iron.ancestor.firstpack",1,0,4,2,4,5,1,0,1,0,0,0,2,0,2,0,0,0,0,10,0,9,0,9,0,2,0,5,14,25,0,0,2,0,1,0,0,0,1,1,4,11,0,1,0,18
game-572,572,"iron-hyena-pack-pressure","red-hunter-evolution",False,21,6,3,1,4,13,10,11,,2,0,2,0,0,0,2,1,1,0,0,0,4,4,4,2,1,1,3,0,12,7,5,4,0,0,"red.ancestor.firsthunter","iron.ancestor.firstpack",3,0,8,2,4,6,1,1,0,0,0,0,4,0,4,0,0,0,0,11,0,10,0,10,0,3,0,6,20,32,0,0,3,0,2,0,0,0,1,1,4,17,0,1,6,26
game-573,573,"iron-hyena-pack-pressure","red-hunter-evolution",False,23,6,3,0,4,5,5,7,,3,2,1,0,0,0,2,1,1,0,0,0,2,2,2,2,0,2,4,0,16,15,7,9,0,0,"red.ancestor.firsthunter","iron.ancestor.firstpack",3,0,8,2,8,9,0,3,0,0,0,0,6,0,6,0,0,0,0,17,0,17,0,17,0,1,0,11,22,41,0,0,2,0,6,3,0,0,1,1,4,,0,1,0,24
game-574,574,"iron-hyena-pack-pressure","red-hunter-evolution",False,21,6,3,0,4,13,8,5,,2,1,1,0,0,0,3,0,3,0,0,0,2,6,2,6,0,0,3,0,8,7,3,5,0,0,"red.ancestor.grandmother","iron.ancestor.firstpack",1,0,4,2,6,6,0,1,0,0,0,0,5,0,4,0,0,0,0,15,0,15,0,15,0,6,0,9,20,37,0,0,4,0,2,1,0,0,1,1,4,,0,1,0,29
game-575,575,"iron-hyena-pack-pressure","red-hunter-evolution",False,29,8,3,1,4,23,6,10,19,3,1,2,1,0,1,4,1,3,0,0,0,8,8,8,6,1,1,2,1,27,10,11,6,0,0,"red.ancestor.grandmother","iron.ancestor.firstpack",4,0,10,2,11,6,3,3,0,0,0,0,9,5,7,2,0,0,0,18,0,16,0,16,0,5,0,9,28,46,0,1,1,0,7,1,1,0,2,2,4,17,0,1,9,34
game-576,576,"red-hunter-evolution","iron-hyena-pack-pressure",False,25,7,1,3,5,17,6,11,22,4,4,0,1,0,1,1,0,1,0,0,0,4,2,4,2,1,1,4,0,11,3,5,1,0,0,"red.ancestor.firsthunter","iron.ancestor.firstpack",3,0,8,2,10,3,2,6,0,0,0,0,15,3,11,1,0,0,0,12,0,12,0,12,0,3,0,7,26,36,0,0,0,0,6,3,0,0,2,1,5,16,1,1,20,21
game-577,577,"iron-hyena-pack-pressure","red-hunter-evolution",False,28,7,3,1,5,21,6,10,,2,1,1,0,0,0,3,2,1,0,0,0,4,2,4,1,0,1,0,1,28,8,11,6,0,0,"red.ancestor.grandmother","iron.ancestor.firstpack",3,0,8,2,11,10,2,3,0,0,0,0,7,0,5,0,0,0,0,17,0,17,0,17,0,2,0,10,28,45,0,0,1,0,9,3,0,0,2,2,5,25,1,0,5,17
game-578,578,"iron-hyena-pack-pressure","red-hunter-evolution",False,18,5,3,0,4,5,8,12,,1,1,0,0,0,0,2,1,1,0,0,0,0,4,0,2,0,1,0,0,17,6,5,4,0,0,"red.ancestor.firsthunter","iron.ancestor.firstpack",3,0,8,2,5,3,1,1,2,0,0,0,1,0,1,0,0,0,0,5,0,5,0,5,0,1,0,4,18,23,0,0,2,0,3,0,0,0,1,1,4,17,1,0,5,25
game-579,579,"iron-hyena-pack-pressure","red-hunter-evolution",False,23,6,3,0,5,13,6,7,,2,2,0,0,0,0,3,1,2,0,0,0,0,10,0,6,0,1,4,2,19,9,7,6,0,0,"red.ancestor.grandmother","iron.ancestor.firstpack",4,0,10,2,8,8,0,3,0,0,0,0,2,0,2,0,0,0,0,13,0,13,0,13,0,2,0,8,22,37,0,0,0,0,3,1,0,0,1,1,5,,0,1,0,29
game-580,580,"iron-hyena-pack-pressure","red-hunter-evolution",False,31,8,3,0,4,21,9,11,22,3,2,1,1,0,1,3,2,1,0,0,0,4,2,4,2,1,1,6,2,28,5,10,4,0,0,"red.ancestor.firsthunter","iron.ancestor.smithpassedfang",2,1,6,4,10,5,4,2,0,0,1,0,5,3,5,3,0,0,0,21,0,21,0,21,0,7,0,11,30,53,0,0,2,0,9,2,0,0,2,2,4,19,0,1,0,20
game-581,581,"iron-hyena-pack-pressure","red-hunter-evolution",False,21,6,3,0,4,5,5,15,,1,1,0,0,0,0,2,0,2,0,0,0,0,4,0,4,0,0,1,1,17,8,6,5,0,0,"red.ancestor.firsthunter","iron.ancestor.firstpack",2,0,6,2,6,8,2,3,0,0,0,0,5,0,4,0,0,0,0,11,0,11,0,11,0,2,0,9,20,33,0,0,2,0,2,1,0,0,1,1,4,9,0,1,9,34
game-582,582,"iron-hyena-pack-pressure","red-hunter-evolution",False,22,6,3,0,4,13,6,14,19,2,2,0,1,0,1,1,0,1,0,0,0,2,2,2,2,0,0,8,1,22,4,9,3,0,0,"red.ancestor.firsthunter","iron.ancestor.firstpack",2,0,6,2,8,3,1,1,0,0,0,0,4,1,4,1,0,0,0,7,0,7,0,7,0,1,0,5,22,29,0,1,2,0,2,1,0,0,1,1,4,17,0,1,4,22
game-583,583,"iron-hyena-pack-pressure","red-hunter-evolution",False,21,6,3,1,4,5,7,8,,2,0,2,0,0,0,2,1,1,0,0,0,4,2,4,2,1,2,0,1,17,11,7,6,0,0,"red.ancestor.firsthunter","iron.ancestor.firstpack",0,0,2,2,6,7,4,0,0,0,0,0,1,1,1,1,0,0,0,9,0,9,0,9,0,1,0,6,20,31,0,0,1,0,3,0,0,0,1,1,4,9,0,1,5,33
game-584,584,"iron-hyena-pack-pressure","red-hunter-evolution",False,18,5,3,2,4,7,6,9,17,2,1,1,1,0,1,1,0,1,0,0,0,4,2,4,2,2,0,1,0,12,6,6,4,0,0,"red.ancestor.firsthunter","iron.ancestor.firstpack",2,0,6,2,6,4,2,1,0,0,0,0,4,2,2,1,0,0,0,10,0,10,0,10,0,4,0,5,18,28,0,0,0,0,3,0,1,0,1,1,4,11,1,0,10,13
game-585,585,"red-hunter-evolution","iron-hyena-pack-pressure",False,25,7,0,3,4,9,6,11,,2,2,0,0,0,0,2,1,1,0,0,0,0,2,0,2,0,1,6,2,20,0,8,0,0,0,"red.ancestor.firsthunter","",3,0,8,0,10,0,6,2,0,0,0,0,9,1,5,1,0,0,0,8,0,8,0,8,0,1,0,6,26,32,0,0,1,0,2,0,0,0,2,1,4,9,1,1,29,10
game-586,586,"iron-hyena-pack-pressure","red-hunter-evolution",False,21,6,3,0,4,7,5,11,,2,2,0,0,0,0,2,0,2,0,0,0,0,4,0,3,0,1,5,0,18,9,7,6,0,0,"red.ancestor.firsthunter","iron.ancestor.firstpack",2,0,6,2,7,8,0,3,0,0,0,0,5,0,5,0,0,0,0,14,0,14,0,14,0,5,0,9,20,36,0,0,2,0,3,2,0,0,1,1,4,,0,1,0,24
game-587,587,"red-hunter-evolution","iron-hyena-pack-pressure",False,30,8,1,3,5,13,8,14,24,4,2,2,1,0,1,2,1,1,0,0,0,6,2,6,2,0,0,7,4,23,2,10,1,0,0,"red.ancestor.grandmother","iron.ancestor.firstpack",4,0,10,2,11,8,3,3,0,0,0,0,2,0,2,0,0,0,0,13,0,13,0,13,0,1,0,8,30,43,0,0,2,0,8,0,0,0,3,2,5,17,0,0,18,13
game-588,588,"iron-hyena-pack-pressure","red-hunter-evolution",False,29,8,3,1,4,5,5,11,17,4,2,2,1,0,1,2,2,0,0,0,0,8,0,8,0,0,1,4,3,17,16,8,9,0,0,"red.ancestor.firsthunter","iron.ancestor.firstpack",5,0,12,2,11,12,2,2,1,0,0,0,7,0,7,0,0,0,0,15,0,15,0,15,0,0,0,10,28,45,0,0,3,0,7,1,0,0,2,2,4,16,0,1,8,32
game-589,589,"iron-hyena-pack-pressure","red-hunter-evolution",False,42,11,3,1,4,13,8,5,,5,0,5,0,0,0,5,2,3,0,0,0,10,8,10,7,2,0,5,2,36,17,15,10,0,0,"red.ancestor.firsthunter","iron.ancestor.firstpack",4,0,10,2,17,14,3,3,1,0,0,0,5,4,5,2,0,1,0,28,0,28,0,28,0,8,0,15,42,70,0,0,2,0,16,9,0,0,4,3,4,27,1,0,7,16
game-590,590,"red-hunter-evolution","iron-hyena-pack-pressure",False,41,11,1,3,5,13,12,14,19,6,4,2,1,0,1,3,2,1,0,0,0,16,2,8,2,3,2,5,3,40,13,14,9,0,0,"red.ancestor.firsthunter","iron.ancestor.smithpassedfang",3,1,8,4,14,14,4,2,1,0,1,0,18,1,16,1,0,0,0,15,0,15,0,15,0,1,0,11,42,55,0,1,2,0,11,0,0,0,5,3,5,9,1,1,32,26
game-591,591,"red-hunter-evolution","iron-hyena-pack-pressure",False,41,11,1,3,4,13,5,5,30,5,2,3,1,0,1,3,1,2,0,0,0,10,4,8,4,3,0,6,2,28,5,13,5,0,0,"red.ancestor.firsthunter","iron.ancestor.firstpack",4,2,10,6,18,17,4,2,1,0,0,0,6,1,3,1,0,0,0,19,0,19,0,19,0,2,0,14,42,59,0,0,2,0,16,3,0,0,4,3,4,9,1,1,19,20
game-592,592,"red-hunter-evolution","iron-hyena-pack-pressure",False,27,7,2,3,5,13,6,7,19,3,1,2,1,0,1,3,0,3,0,0,0,8,8,6,8,1,0,0,1,27,8,10,6,0,0,"red.ancestor.grandmother","iron.ancestor.firstpack",1,1,4,4,11,9,5,1,0,0,0,0,4,2,4,1,0,0,0,12,0,12,0,12,0,4,0,7,28,38,0,0,1,0,6,1,1,0,2,2,5,17,1,1,25,17
game-593,593,"iron-hyena-pack-pressure","red-hunter-evolution",False,13,4,3,0,4,5,5,9,,1,1,0,0,0,0,1,0,1,0,0,0,0,2,0,1,0,1,2,0,8,5,3,4,0,0,"red.ancestor.firsthunter","iron.ancestor.firstpack",0,0,2,2,2,4,1,0,0,0,0,0,3,0,2,0,0,0,0,6,0,6,0,6,0,1,0,5,12,20,0,0,0,0,1,0,0,0,0,0,4,11,0,1,0,17
game-594,594,"iron-hyena-pack-pressure","red-hunter-evolution",False,25,7,3,0,5,13,6,10,,3,1,2,0,0,0,3,1,2,0,0,0,4,6,3,6,0,1,2,1,27,7,9,4,0,0,"red.ancestor.grandmother","iron.ancestor.firstpack",3,1,8,4,10,8,0,4,0,0,0,0,3,0,3,0,0,0,0,10,0,10,0,10,0,3,0,7,26,34,0,0,1,0,5,2,0,0,2,1,5,,1,0,0,21
game-595,595,"red-hunter-evolution","iron-hyena-pack-pressure",False,32,8,2,3,5,13,6,9,30,5,4,1,1,0,1,4,1,3,0,0,0,4,10,4,8,1,1,6,1,15,7,8,5,0,0,"red.ancestor.grandmother","iron.ancestor.firstpack",3,0,8,2,13,12,4,3,3,0,0,0,6,2,6,1,0,1,0,17,0,17,0,17,0,5,0,10,32,49,0,0,1,0,4,1,0,0,3,2,5,9,0,0,10,20
game-596,596,"iron-hyena-pack-pressure","red-hunter-evolution",False,21,6,3,0,3,12,8,11,,2,2,0,0,0,0,1,0,1,0,0,0,0,2,0,2,0,0,6,0,19,7,7,5,0,0,"red.ancestor.firsthunter","iron.ancestor.smithpassedfang",2,1,6,4,6,6,0,1,0,0,1,0,4,0,4,0,0,0,0,12,0,12,0,12,0,3,0,7,20,34,0,0,3,0,2,0,0,0,1,1,4,3,0,1,0,28
game-597,597,"iron-hyena-pack-pressure","red-hunter-evolution",False,26,7,3,0,4,7,5,14,,2,1,1,0,0,0,1,0,1,0,0,0,2,2,2,2,0,0,3,4,30,5,9,3,0,0,"red.ancestor.grandmother","iron.ancestor.smithpassedfang",1,1,4,4,10,10,1,2,0,0,4,0,2,0,2,0,0,0,0,8,0,8,0,8,0,1,0,6,26,34,0,0,2,0,3,1,0,0,2,1,4,25,1,0,8,23
game-598,598,"iron-hyena-pack-pressure","red-hunter-evolution",False,22,6,3,2,5,5,6,9,17,3,2,1,1,0,1,2,1,1,0,0,0,6,4,4,4,0,1,6,1,16,4,7,3,0,0,"red.ancestor.firsthunter","iron.ancestor.smithpassedfang",2,1,6,4,8,7,3,1,0,0,2,0,8,1,5,1,0,0,0,8,0,8,0,8,0,0,0,6,22,30,0,0,1,0,3,0,0,0,1,1,5,16,0,1,8,26
game-599,599,"red-hunter-evolution","iron-hyena-pack-pressure",False,30,8,2,3,4,7,5,11,,4,2,2,0,0,0,2,1,1,0,0,0,6,4,6,4,1,1,5,2,27,8,10,6,0,0,"red.ancestor.firsthunter","iron.ancestor.firstpack",2,2,6,6,12,12,5,1,0,0,0,0,14,4,10,2,0,0,0,13,0,13,0,13,0,2,0,8,30,43,0,1,2,0,7,0,2,0,2,2,4,9,0,0,15,28
game-600,600,"red-hunter-evolution","iron-hyena-pack-pressure",False,24,6,0,3,4,14,7,9,19,3,2,1,1,0,1,1,0,1,0,0,0,4,2,4,2,0,0,4,1,11,2,6,2,0,0,"red.ancestor.firsthunter","iron.ancestor.smithpassedfang",3,1,8,4,8,8,3,4,0,0,0,0,4,1,4,0,0,1,0,13,0,13,0,13,0,3,0,7,24,37,0,0,3,0,6,0,0,0,2,1,4,11,0,0,20,12
game-601,601,"iron-hyena-pack-pressure","red-hunter-evolution",False,23,6,3,1,4,7,5,11,,3,1,2,0,0,0,0,0,0,0,0,0,6,0,6,0,1,0,3,0,19,12,6,7,0,0,"red.ancestor.firsthunter","iron.ancestor.firstpack",0,2,2,6,8,9,4,0,0,0,1,0,5,2,4,1,0,0,0,11,0,11,0,11,0,3,0,7,22,35,0,0,0,0,4,0,0,0,1,1,4,9,0,1,7,23
game-602,602,"iron-hyena-pack-pressure","red-hunter-evolution",False,21,6,3,0,4,7,5,7,,2,1,1,0,0,0,3,1,2,0,0,0,4,6,4,6,1,0,1,2,17,10,7,7,0,0,"red.ancestor.firsthunter","iron.ancestor.firstpack",2,0,6,2,6,8,0,2,0,0,0,0,5,0,5,0,0,0,0,14,0,14,0,14,0,4,0,10,20,36,0,0,2,0,3,2,0,0,1,1,4,,0,1,0,28
game-603,603,"red-hunter-evolution","iron-hyena-pack-pressure",False,24,6,2,3,4,17,8,9,14,3,3,0,1,0,1,1,1,0,0,0,0,2,0,2,0,0,0,6,2,13,8,7,5,0,0,"red.ancestor.firsthunter","iron.ancestor.firstpack",2,0,6,2,8,5,4,1,0,0,0,0,6,0,6,0,0,0,0,13,0,12,0,12,0,0,0,7,24,36,0,0,1,0,2,0,0,0,2,1,4,11,0,0,15,17
game-604,604,"iron-hyena-pack-pressure","red-hunter-evolution",False,23,6,3,0,4,7,8,11,,2,1,1,0,0,0,2,0,2,0,0,0,2,10,2,6,1,0,1,0,14,5,5,3,0,0,"red.ancestor.firsthunter","iron.ancestor.firstpack",2,0,6,2,7,4,1,0,0,0,0,0,3,1,3,1,0,0,0,12,0,12,0,12,0,2,0,7,22,36,0,0,1,0,4,1,0,0,1,1,4,,0,1,0,14
game-605,605,"iron-hyena-pack-pressure","red-hunter-evolution",False,18,5,3,0,4,5,5,11,,2,1,1,0,0,0,1,1,0,0,0,0,2,0,2,0,0,1,2,1,9,7,4,4,0,0,"red.ancestor.firsthunter","iron.ancestor.firstpack",2,0,6,2,6,6,0,0,0,0,0,0,4,0,4,0,0,0,0,6,0,6,0,6,0,0,0,5,18,24,0,0,0,0,1,1,0,0,1,1,4,,1,0,0,22
game-606,606,"iron-hyena-pack-pressure","red-hunter-evolution",False,21,6,3,2,3,12,8,9,,2,2,0,0,0,0,1,0,1,0,0,0,0,8,0,4,0,0,5,1,6,2,4,1,0,0,"red.ancestor.firsthunter","iron.ancestor.firstpack",2,0,6,2,6,4,5,0,1,0,0,0,9,1,6,1,0,0,0,12,0,11,0,11,0,1,0,5,20,33,0,0,0,0,4,0,0,0,1,1,4,3,0,1,11,33
game-607,607,"iron-hyena-pack-pressure","red-hunter-evolution",False,15,4,3,1,4,7,5,9,,2,0,2,0,0,0,0,0,0,0,0,0,6,0,6,0,0,0,1,0,3,8,2,4,0,0,"red.ancestor.firsthunter","iron.ancestor.firstpack",0,0,2,2,2,5,2,0,0,0,0,0,2,0,2,0,0,0,0,9,0,9,0,9,0,1,0,5,14,25,0,0,1,0,3,0,0,0,1,1,4,11,0,1,0,22
game-608,608,"red-hunter-evolution","iron-hyena-pack-pressure",False,19,5,1,3,4,5,8,11,,2,2,0,0,0,0,1,1,0,0,0,0,0,0,0,0,0,2,4,2,8,5,4,3,0,0,"red.ancestor.firsthunter","iron.ancestor.firstpack",2,0,6,2,6,3,4,1,0,0,0,0,8,0,3,0,0,0,0,5,0,5,0,5,0,0,0,4,20,23,0,0,1,0,1,0,0,0,1,1,4,14,1,1,20,11
game-609,609,"iron-hyena-pack-pressure","red-hunter-evolution",False,23,6,3,2,5,13,6,9,17,2,2,0,1,0,1,1,0,1,0,0,0,2,8,2,2,0,0,5,0,18,8,7,6,0,0,"red.ancestor.firsthunter","iron.ancestor.firstpack",2,0,6,2,8,8,2,2,0,0,0,0,6,3,6,1,0,0,0,16,0,15,0,15,0,3,0,9,22,39,0,0,1,0,4,0,1,0,1,1,5,11,0,1,10,20
game-610,610,"iron-hyena-pack-pressure","red-hunter-evolution",False,23,6,3,1,4,13,6,5,17,2,2,0,1,0,1,3,1,2,0,0,0,2,6,2,6,0,1,8,0,17,8,8,6,0,0,"red.ancestor.firsthunter","iron.ancestor.firstpack",0,0,2,2,8,6,4,0,0,0,0,0,5,6,4,2,0,0,0,21,0,19,0,19,0,6,0,9,22,43,0,0,0,0,6,1,1,0,1,1,4,11,0,1,6,26
game-611,611,"red-hunter-evolution","iron-hyena-pack-pressure",False,19,5,2,3,4,12,5,7,,2,2,0,0,0,0,2,0,2,0,0,0,0,6,0,5,2,0,2,1,6,6,4,3,0,0,"red.ancestor.grandmother","iron.ancestor.firstpack",1,0,4,2,6,6,7,1,0,0,0,0,4,2,3,1,0,0,0,7,0,7,0,7,0,2,0,6,20,25,0,0,2,0,1,1,0,1,1,1,4,11,1,1,10,18
game-612,612,"iron-hyena-pack-pressure","red-hunter-evolution",False,29,8,3,2,5,15,6,15,19,4,1,3,1,0,1,3,2,1,0,0,0,10,2,10,2,1,2,1,0,22,9,9,7,0,0,"red.ancestor.grandmother","iron.ancestor.firstpack",4,0,10,2,11,8,3,5,0,0,0,0,12,1,10,0,0,1,0,17,0,17,0,17,0,3,0,10,28,47,0,0,1,0,4,0,0,0,2,2,5,9,0,1,19,27
game-613,613,"iron-hyena-pack-pressure","red-hunter-evolution",False,21,6,3,1,4,7,5,5,14,2,2,0,1,0,1,3,1,2,0,0,0,2,4,2,4,2,0,6,1,13,9,7,6,0,0,"red.ancestor.firsthunter","iron.ancestor.firstpack",2,2,6,6,7,8,2,1,0,0,0,0,5,0,5,0,0,0,0,12,0,12,0,12,0,4,0,7,20,34,0,0,2,0,2,1,0,0,1,1,4,11,0,1,4,23
game-614,614,"iron-hyena-pack-pressure","red-hunter-evolution",False,13,4,3,0,5,5,6,7,,0,0,0,0,0,0,1,0,1,0,0,0,0,2,0,2,0,0,0,0,5,3,2,2,0,0,"red.ancestor.firsthunter","iron.ancestor.firstpack",1,0,4,2,3,2,0,2,0,0,0,0,0,0,0,0,0,0,0,10,0,9,0,9,0,3,0,5,12,23,0,0,0,0,0,1,0,0,0,0,5,,0,1,0,34
game-615,615,"red-hunter-evolution","iron-hyena-pack-pressure",False,22,6,0,3,5,16,6,11,,2,1,1,0,0,0,1,1,0,0,0,0,2,0,2,0,0,0,4,3,5,0,4,0,0,0,"red.ancestor.firsthunter","",3,0,8,0,8,0,1,5,0,0,0,0,0,0,0,0,0,0,0,5,0,5,0,5,0,0,0,5,22,27,0,0,1,0,5,0,0,0,1,1,5,9,0,0,15,5
game-616,616,"iron-hyena-pack-pressure","red-hunter-evolution",False,29,8,3,1,4,20,6,5,,4,1,3,0,0,0,3,1,2,0,0,0,8,8,8,6,2,1,5,0,13,6,6,4,0,0,"red.ancestor.grandmother","iron.ancestor.smithpassedfang",4,1,10,4,11,7,1,8,0,0,2,0,12,1,9,1,0,0,0,18,0,16,0,16,0,1,0,9,28,46,0,0,1,0,3,1,0,0,2,2,4,19,0,1,3,46
game-617,617,"iron-hyena-pack-pressure","red-hunter-evolution",False,21,6,3,1,4,7,8,9,,3,3,0,0,0,0,1,1,0,0,0,0,0,0,0,0,0,0,3,1,9,3,4,2,0,0,"red.ancestor.firsthunter","iron.ancestor.firstpack",2,0,6,2,6,2,3,0,0,0,0,0,3,2,3,1,0,0,0,16,0,15,0,15,0,1,0,7,20,37,0,0,2,0,4,3,0,0,1,1,4,11,0,1,0,21
game-618,618,"red-hunter-evolution","iron-hyena-pack-pressure",False,33,9,1,3,4,13,6,13,19,4,2,2,1,0,1,3,2,1,0,0,0,6,4,6,3,2,0,8,2,31,3,12,2,0,0,"red.ancestor.firsthunter","iron.ancestor.smithpassedfang",5,1,12,4,14,10,5,3,0,0,1,0,4,0,4,0,0,0,0,20,0,20,0,20,0,4,0,10,34,52,0,0,2,0,12,0,0,0,3,2,4,17,1,1,23,19
game-619,619,"red-hunter-evolution","iron-hyena-pack-pressure",False,24,6,2,3,3,8,8,10,,2,2,0,0,0,0,2,0,2,0,0,0,0,6,0,6,0,0,6,1,15,1,6,1,0,0,"red.ancestor.firsthunter","iron.ancestor.smithpassedfang",2,0,6,2,8,6,4,1,0,0,1,0,1,0,1,0,0,0,0,9,0,9,0,9,0,2,0,6,24,33,0,0,2,0,7,0,0,0,1,1,4,3,0,0,15,15
game-620,620,"iron-hyena-pack-pressure","red-hunter-evolution",False,31,8,3,1,5,15,6,11,,4,3,1,0,0,0,2,0,2,0,0,0,2,4,2,3,1,1,8,3,20,9,10,8,0,0,"red.ancestor.grandmother","iron.ancestor.firstpack",6,0,14,2,12,9,3,4,0,0,0,0,13,0,12,0,0,0,0,17,0,17,0,17,0,2,0,10,30,49,0,0,2,0,5,0,0,0,2,2,5,17,0,1,12,19
game-621,621,"iron-hyena-pack-pressure","red-hunter-evolution",False,15,4,3,0,5,10,7,7,,0,0,0,0,0,0,1,0,1,0,0,0,0,2,0,2,0,0,0,0,4,6,2,4,0,0,"red.ancestor.grandmother","iron.ancestor.firstpack",1,0,4,2,2,4,0,1,0,0,0,0,2,0,2,0,0,0,0,13,0,12,0,12,0,5,0,5,14,28,0,0,0,0,1,3,0,0,1,1,5,,0,1,0,17
game-622,622,"iron-hyena-pack-pressure","red-hunter-evolution",False,20,5,3,0,4,5,5,10,,2,1,1,0,0,0,2,0,2,0,0,0,2,4,2,4,0,0,3,0,19,6,6,3,0,0,"red.ancestor.firsthunter","iron.ancestor.firstpack",2,0,6,2,7,7,0,1,0,0,0,0,4,0,4,0,0,0,0,9,0,9,0,9,0,4,0,8,20,29,0,2,1,0,1,2,0,0,1,1,4,,1,0,0,24
