game_id,seed,winner,loser,timeout,turn_count,phase_count,final_red_shrines_broken,final_iron_shrines_broken,first_shrine_damage_turn,first_shrine_break_turn,first_ancestor_awakened_turn,first_l2_turn,first_l3_turn,red_l2_entered_battlefield,red_l2_hard_cast,red_l2_evolved,red_l3_entered_battlefield,red_l3_hard_cast,red_l3_evolved,iron_l2_entered_battlefield,iron_l2_hard_cast,iron_l2_evolved,iron_l3_entered_battlefield,iron_l3_hard_cast,iron_l3_evolved,legal_evolve_actions_generated_red,legal_evolve_actions_generated_iron,evolve_actions_chosen_red,evolve_actions_chosen_iron,hard_cast_chosen_while_legal_evolve_action_exists_red,hard_cast_chosen_while_legal_evolve_action_exists_iron,hard_cast_chosen_while_evolution_base_exists_red,hard_cast_chosen_while_evolution_base_exists_iron,legal_awaken_actions_generated_red,legal_awaken_actions_generated_iron,awaken_actions_chosen_red,awaken_actions_chosen_iron,awaken_actions_skipped_while_legal_red,awaken_actions_skipped_while_legal_iron,first_awakened_ancestor_red,first_awakened_ancestor_iron,ancestor_switches_red,ancestor_switches_iron,memory_spent_on_ancestors_red,memory_spent_on_ancestors_iron,turns_with_awakened_ancestor_red,turns_with_awakened_ancestor_iron,first_hunter_bonus_damage,grandmother_healing_done,child_draw_discard_triggers,iron_hyena_ancestor_bonus_damage,smith_offering_discount_saved,tooth_mother_bonus_damage,legal_block_options_red,legal_block_options_iron,blocks_chosen_red,blocks_chosen_iron,blocks_declined_red,blocks_declined_iron,pack_units_ready_at_combat_start_red,pack_units_ready_at_combat_start_iron,pack_assault_slots_generated_red,pack_assault_slots_generated_iron,pack_assault_slots_available_red,pack_assault_slots_available_iron,pack_assault_slots_skipped_red,pack_assault_slots_skipped_iron,turns_with_pack_bonus_red,turns_with_pack_bonus_iron,max_attacks_available_this_combat_red,max_attacks_available_this_combat_iron,attacks_prevented_by_assault_limit_red,attacks_prevented_by_assault_limit_iron,prepared_tactics_triggered_red,prepared_tactics_triggered_iron,wounded_events_red,wounded_events_iron,pierce_overflow_events_red,pierce_overflow_events_iron,deck_reshuffles_red,deck_reshuffles_iron,first_shrine_damage_turn_red,first_shrine_damage_turn_iron,wins_in_odd_phase,winner_was_first_player_in_final_phase,shrine_damage_dealt_during_double_turn_red,shrine_damage_dealt_during_double_turn_iron
game-123,123,"iron-hyena-pack-pressure","iron-hyena-pack-pressure",False,12,3,3,2,3,5,5,12,,0,0,0,0,0,0,1,0,1,0,0,0,0,2,0,1,0,0,0,0,0,2,0,1,0,0,"","iron.ancestor.firstpack",0,0,0,2,0,3,0,0,0,0,0,0,2,3,1,0,1,3,8,11,8,11,8,11,0,2,5,5,20,23,0,0,0,0,0,0,0,0,0,0,4,3,1,0,11,20
game-124,124,"iron-hyena-pack-pressure","iron-hyena-pack-pressure",False,13,4,3,2,3,7,5,5,,1,0,1,0,0,0,1,0,1,0,0,0,2,4,2,3,0,0,2,0,0,5,0,3,0,0,"","iron.ancestor.firstpack",0,0,0,2,0,4,0,0,0,0,0,0,6,3,0,0,2,2,5,12,5,12,5,12,2,7,5,6,17,26,0,0,0,0,0,0,0,0,0,0,4,3,0,1,11,20
game-125,125,"iron-hyena-pack-pressure","iron-hyena-pack-pressure",False,13,4,3,1,3,5,5,7,,0,0,0,0,0,0,1,0,1,0,0,0,0,4,0,4,1,0,0,0,0,7,0,4,0,0,"","iron.ancestor.firstpack",0,0,0,2,0,4,0,0,0,0,0,0,0,3,0,3,0,0,3,13,3,11,3,11,0,3,2,5,15,25,0,0,0,0,0,2,0,0,0,0,4,3,0,1,1,27
game-126,126,"iron-hyena-pack-pressure","iron-hyena-pack-pressure",False,15,4,3,2,3,7,5,6,,2,0,2,0,0,0,2,0,2,0,0,0,4,4,4,4,0,0,1,0,0,3,0,2,0,0,"","iron.ancestor.smithpassedfang",0,1,0,4,0,5,0,0,0,0,1,0,12,3,2,2,3,1,6,8,6,8,6,8,2,3,6,4,20,24,0,0,0,0,1,1,0,0,0,1,4,3,0,1,5,23
game-127,127,"iron-hyena-pack-pressure","iron-hyena-pack-pressure",False,11,3,2,3,3,5,5,6,,1,0,1,0,0,0,1,0,1,0,0,0,4,4,3,4,0,0,0,0,0,1,0,1,0,0,"","iron.ancestor.firstpack",0,0,0,2,0,2,0,0,0,0,0,0,4,5,0,2,4,3,10,4,10,4,10,4,4,0,5,4,22,14,0,0,0,0,0,1,0,0,0,0,4,3,1,1,13,12
game-128,128,"iron-hyena-pack-pressure","iron-hyena-pack-pressure",False,14,4,2,3,3,7,5,5,,2,0,2,0,0,0,2,0,2,0,0,0,4,6,4,6,0,0,0,0,0,1,0,1,0,0,"","iron.ancestor.firstpack",0,0,0,2,0,4,0,0,0,0,0,0,2,13,0,3,2,3,11,10,11,9,11,9,4,6,6,5,25,23,0,0,0,0,2,0,2,0,0,0,4,3,0,0,14,16
game-129,129,"iron-hyena-pack-pressure","iron-hyena-pack-pressure",False,12,3,3,1,4,7,5,5,,0,0,0,0,0,0,2,0,2,0,0,0,0,4,0,3,1,0,0,0,0,2,0,2,0,0,"","iron.ancestor.firstpack",0,0,0,2,0,3,0,0,0,0,0,0,4,7,1,0,1,4,3,10,3,10,3,10,1,5,2,5,15,22,0,0,0,0,0,0,0,0,0,0,4,6,1,0,6,18
game-130,130,"iron-hyena-pack-pressure","iron-hyena-pack-pressure",False,11,3,2,3,3,5,5,9,,1,0,1,0,0,0,0,0,0,0,0,0,2,0,2,0,0,0,0,0,0,2,0,1,0,0,"","iron.ancestor.firstpack",0,0,0,2,0,2,0,0,0,0,0,0,1,8,1,0,0,4,9,7,9,7,9,7,1,1,5,4,21,17,0,0,0,0,0,0,0,0,0,0,4,3,1,1,18,13
game-131,131,"iron-hyena-pack-pressure","iron-hyena-pack-pressure",False,13,4,3,2,3,5,5,7,,1,0,1,0,0,0,1,0,1,0,0,0,2,4,2,4,0,0,0,0,0,6,0,4,0,0,"","iron.ancestor.firstpack",0,0,0,2,0,4,0,0,0,0,0,0,11,1,3,0,4,1,5,8,5,8,5,8,4,1,2,6,17,22,0,0,0,0,2,1,0,0,0,0,4,3,0,1,7,24
game-132,132,"iron-hyena-pack-pressure","iron-hyena-pack-pressure",False,17,5,2,3,3,7,10,5,,2,0,2,0,0,0,2,0,2,0,0,0,6,6,4,6,2,0,0,1,0,4,0,3,0,0,"","iron.ancestor.firstpack",0,1,0,4,0,3,0,0,0,0,0,0,5,3,2,2,3,1,12,10,12,10,12,10,4,4,8,7,30,26,1,0,0,0,0,2,0,0,1,1,4,3,1,1,15,11
game-133,133,"iron-hyena-pack-pressure","iron-hyena-pack-pressure",False,11,3,1,3,3,6,,,,0,0,0,0,0,0,0,0,0,0,0,0,0,0,0,0,0,0,0,0,0,0,0,0,0,0,"","",0,0,0,0,0,0,0,0,0,0,0,0,12,0,1,0,3,0,10,5,10,5,10,5,4,0,5,2,22,15,0,0,0,0,0,0,0,0,0,0,4,3,1,1,10,3
game-134,134,"iron-hyena-pack-pressure","iron-hyena-pack-pressure",False,10,3,3,1,3,5,5,5,,0,0,0,0,0,0,1,0,1,0,0,0,0,2,0,2,0,0,0,0,0,3,0,2,0,0,"","iron.ancestor.firstpack",0,0,0,2,0,2,0,0,0,0,0,0,1,5,0,1,1,4,5,4,5,4,5,4,0,0,2,4,15,14,0,0,0,0,0,0,0,0,0,0,4,3,1,0,7,10
game-135,135,"iron-hyena-pack-pressure","iron-hyena-pack-pressure",False,13,4,3,2,3,5,5,7,,0,0,0,0,0,0,1,0,1,0,0,0,0,4,0,4,0,0,0,0,0,1,0,1,0,0,"","iron.ancestor.firstpack",0,0,0,2,0,4,0,0,0,0,0,0,10,2,3,0,2,2,4,11,4,10,4,10,1,3,2,6,16,24,0,0,0,0,0,1,0,1,0,0,4,3,0,1,9,26
game-136,136,"iron-hyena-pack-pressure","iron-hyena-pack-pressure",False,12,3,3,2,3,7,5,5,,1,0,1,0,0,0,2,0,2,0,0,0,2,6,2,6,0,0,0,0,0,5,0,3,0,0,"","iron.ancestor.firstpack",0,0,0,2,0,3,0,0,0,0,0,0,8,3,1,0,1,3,9,9,8,9,8,9,4,3,5,4,20,21,0,0,0,0,0,1,0,0,0,0,4,3,1,0,11,15
game-137,137,"iron-hyena-pack-pressure","iron-hyena-pack-pressure",False,12,3,3,1,3,7,5,10,,1,0,1,0,0,0,1,0,1,0,0,0,4,4,4,4,0,0,0,0,0,2,0,2,0,0,"","iron.ancestor.smithpassedfang",0,1,0,4,0,3,0,0,0,0,0,0,3,3,1,0,2,3,6,9,6,7,6,7,1,0,5,3,18,19,0,0,0,0,0,0,0,0,0,0,4,3,1,0,8,15
game-138,138,"iron-hyena-pack-pressure","iron-hyena-pack-pressure",False,12,3,3,1,3,5,5,6,,2,0,2,0,0,0,1,0,1,0,0,0,4,4,4,2,0,0,1,0,0,5,0,3,0,0,"","iron.ancestor.firstpack",0,0,0,2,0,3,0,0,0,0,0,0,4,0,2,0,2,0,4,7,4,7,4,7,1,0,3,5,16,19,0,0,0,0,1,0,0,0,0,0,4,3,1,0,5,17
game-139,139,"iron-hyena-pack-pressure","iron-hyena-pack-pressure",False,9,3,0,3,3,6,,9,,1,0,1,0,0,0,0,0,0,0,0,0,8,0,2,0,0,0,0,0,0,0,0,0,0,0,"","",0,0,0,0,0,0,0,0,0,0,0,0,0,0,0,0,0,0,7,2,7,2,7,2,0,0,4,1,17,10,0,0,0,0,0,0,0,0,0,0,4,3,1,1,20,3
game-140,140,"iron-hyena-pack-pressure","iron-hyena-pack-pressure",False,11,3,1,3,3,8,,5,,2,0,2,0,0,0,1,0,1,0,0,0,4,2,4,2,0,0,0,0,0,0,0,0,0,0,"","",0,0,0,0,0,0,0,0,0,0,0,0,1,3,1,1,0,1,7,4,7,4,7,4,3,2,5,3,19,14,0,0,0,0,1,0,1,0,0,0,4,3,1,1,12,7
game-141,141,"iron-hyena-pack-pressure","iron-hyena-pack-pressure",False,14,4,2,3,3,5,7,6,,1,0,1,0,0,0,1,0,1,0,0,0,2,8,2,4,0,0,0,0,0,3,0,2,0,0,"","iron.ancestor.smithpassedfang",0,1,0,4,0,3,0,0,0,0,1,0,10,0,1,0,3,0,8,5,8,5,8,5,3,2,6,3,22,19,0,0,0,0,0,1,0,0,0,0,4,3,0,0,19,21
game-142,142,"iron-hyena-pack-pressure","iron-hyena-pack-pressure",False,15,4,3,2,3,6,5,6,,1,0,1,0,0,0,2,0,2,0,0,0,4,4,3,3,0,0,0,0,0,1,0,1,0,0,"","iron.ancestor.smithpassedfang",0,0,0,2,0,5,0,0,0,0,2,0,10,5,4,2,2,1,6,9,6,8,6,8,2,2,4,5,20,24,0,0,0,0,1,4,0,0,0,1,4,3,0,1,9,16
game-143,143,"iron-hyena-pack-pressure","iron-hyena-pack-pressure",False,13,4,3,2,3,6,10,5,,1,0,1,0,0,0,2,0,2,0,0,0,2,4,2,3,0,0,0,0,0,2,0,1,0,0,"","iron.ancestor.firstpack",0,0,0,2,0,2,0,0,0,0,0,0,2,3,1,1,1,2,5,7,5,7,5,7,0,3,5,6,17,21,0,0,0,0,0,0,0,0,0,0,4,3,0,1,5,24
game-144,144,"iron-hyena-pack-pressure","iron-hyena-pack-pressure",False,13,4,3,1,3,7,5,9,,1,0,1,0,0,0,0,0,0,0,0,0,4,0,4,0,0,0,0,0,0,5,0,3,0,0,"","iron.ancestor.firstpack",0,0,0,2,0,4,0,0,0,0,0,0,9,0,1,0,2,0,5,13,5,12,5,12,2,3,3,6,17,26,0,0,0,0,0,0,0,0,0,0,4,3,0,1,9,23
game-145,145,"iron-hyena-pack-pressure","iron-hyena-pack-pressure",False,11,3,1,3,3,6,5,8,,2,0,2,0,0,0,0,0,0,0,0,0,6,0,4,0,0,0,0,0,0,2,0,1,0,0,"","iron.ancestor.firstpack",0,0,0,2,0,2,0,0,0,0,0,0,0,13,0,1,0,4,11,3,9,3,9,3,0,1,5,3,21,13,0,0,0,0,1,0,0,0,0,0,4,3,1,1,11,10
game-146,146,"iron-hyena-pack-pressure","iron-hyena-pack-pressure",False,13,4,3,2,3,7,5,7,,1,0,1,0,0,0,1,0,1,0,0,0,2,2,2,2,1,0,1,0,0,4,0,2,0,0,"","iron.ancestor.firstpack",0,0,0,2,0,4,0,0,0,0,0,0,1,0,0,0,1,0,6,10,6,10,6,10,2,6,5,6,18,24,0,0,0,0,0,0,0,0,0,0,4,3,0,1,5,22
game-147,147,"iron-hyena-pack-pressure","iron-hyena-pack-pressure",False,13,4,3,1,3,5,5,5,,1,0,1,0,0,0,2,0,2,0,0,0,2,4,2,4,0,0,0,1,0,4,0,3,0,0,"","iron.ancestor.firstpack",0,0,0,2,0,4,0,0,0,0,0,0,1,4,1,0,0,4,4,8,4,8,4,8,2,3,3,6,16,22,0,0,0,0,0,0,0,0,0,0,4,3,0,1,3,23
game-148,148,"iron-hyena-pack-pressure","iron-hyena-pack-pressure",False,13,4,3,2,3,5,5,7,,2,0,2,0,0,0,2,0,2,0,0,0,4,8,4,7,1,0,0,0,0,4,0,3,0,0,"","iron.ancestor.firstpack",0,0,0,2,0,4,0,0,0,0,0,0,6,1,0,1,2,0,5,9,5,9,5,9,2,4,5,5,17,23,0,0,0,0,0,0,0,0,0,0,4,3,0,1,5,20
game-149,149,"iron-hyena-pack-pressure","iron-hyena-pack-pressure",False,12,3,3,2,3,5,7,7,,1,0,1,0,0,0,2,0,2,0,0,0,2,6,2,4,0,0,0,0,0,1,0,1,0,0,"","iron.ancestor.firstpack",0,0,0,2,0,2,0,0,0,0,0,0,0,3,0,1,0,2,7,9,7,9,7,9,2,3,5,5,19,21,0,0,0,0,0,0,0,0,0,0,4,3,1,0,14,20
game-150,150,"iron-hyena-pack-pressure","iron-hyena-pack-pressure",False,15,4,3,2,3,8,10,5,,1,0,1,0,0,0,1,0,1,0,0,0,4,2,4,2,1,0,0,0,0,2,0,1,0,0,"","iron.ancestor.firstpack",0,0,0,2,0,3,0,0,0,0,0,0,3,5,1,2,2,1,9,13,9,12,9,12,2,5,6,5,23,28,0,0,0,0,0,0,0,0,0,1,4,3,0,1,10,17
game-151,151,"iron-hyena-pack-pressure","iron-hyena-pack-pressure",False,12,3,3,2,3,5,5,9,,1,0,1,0,0,0,0,0,0,0,0,0,2,0,2,0,0,0,0,0,0,3,0,2,0,0,"","iron.ancestor.firstpack",0,0,0,2,0,3,0,0,0,0,0,0,3,0,0,0,3,0,3,12,3,10,3,10,1,3,2,5,15,22,0,0,0,0,0,0,0,0,0,0,4,3,1,0,6,13
game-152,152,"iron-hyena-pack-pressure","iron-hyena-pack-pressure",False,13,4,3,2,3,6,5,8,,1,0,1,0,0,0,1,0,1,0,0,0,2,2,2,2,0,0,0,0,0,3,0,2,0,0,"","iron.ancestor.firstpack",0,0,0,2,0,4,0,0,0,0,0,0,1,1,1,1,0,0,4,10,4,10,4,10,1,3,3,6,16,24,0,0,0,0,1,0,1,0,0,0,4,3,0,1,10,26
game-153,153,"iron-hyena-pack-pressure","iron-hyena-pack-pressure",False,12,3,3,2,3,7,5,7,,0,0,0,0,0,0,1,0,1,0,0,0,0,4,0,3,0,0,0,0,0,2,0,1,0,0,"","iron.ancestor.firstpack",0,0,0,2,0,3,0,0,0,0,0,0,6,13,1,2,1,3,8,8,7,8,7,8,1,3,3,5,19,20,0,0,0,0,1,0,0,0,0,0,4,3,1,0,13,20
game-154,154,"iron-hyena-pack-pressure","iron-hyena-pack-pressure",False,13,4,3,2,3,6,5,10,,1,0,1,0,0,0,1,0,1,0,0,0,6,2,4,2,0,0,0,0,0,1,0,1,0,0,"","iron.ancestor.firstpack",0,0,0,2,0,4,0,0,0,0,0,0,23,10,3,0,2,5,9,13,8,13,8,13,3,5,5,6,20,27,0,0,0,0,2,1,0,1,0,0,4,3,0,1,11,21
game-155,155,"iron-hyena-pack-pressure","iron-hyena-pack-pressure",False,13,4,3,2,3,6,10,5,,1,0,1,0,0,0,2,0,2,0,0,0,2,6,2,6,0,1,0,0,0,2,0,1,0,0,"","iron.ancestor.firstpack",0,0,0,2,0,2,0,0,0,0,0,0,8,2,2,0,3,2,8,13,8,11,8,11,4,6,5,6,20,25,0,0,0,0,0,1,0,1,0,0,4,3,0,1,7,21
game-156,156,"iron-hyena-pack-pressure","iron-hyena-pack-pressure",False,13,4,3,2,3,6,5,6,,2,0,2,0,0,0,1,0,1,0,0,0,6,4,6,4,0,0,0,1,0,2,0,1,0,0,"","iron.ancestor.firstpack",0,0,0,2,0,4,0,0,0,0,0,0,1,3,1,1,0,2,10,11,10,11,10,11,1,4,5,6,22,25,0,0,0,0,1,0,1,0,0,0,4,3,0,1,13,24
game-157,157,"iron-hyena-pack-pressure","iron-hyena-pack-pressure",False,13,4,3,1,3,7,5,6,,1,0,1,0,0,0,0,0,0,0,0,0,2,0,2,0,0,0,0,0,0,7,0,4,0,0,"","iron.ancestor.firstpack",0,0,0,2,0,4,0,0,0,0,0,0,1,2,1,1,0,1,5,12,5,12,5,12,1,4,4,6,17,26,0,0,0,0,0,1,0,0,0,0,4,3,0,1,7,21
game-158,158,"iron-hyena-pack-pressure","iron-hyena-pack-pressure",False,11,3,0,3,3,8,,5,,1,0,1,0,0,0,1,0,1,0,0,0,4,2,4,2,0,0,0,0,0,0,0,0,0,0,"","",0,0,0,0,0,0,0,0,0,0,0,0,2,1,1,1,1,0,7,2,7,2,7,2,1,1,4,2,19,12,0,0,0,0,0,0,0,0,0,0,4,3,1,1,13,7
game-159,159,"iron-hyena-pack-pressure","iron-hyena-pack-pressure",False,11,3,2,3,3,5,5,6,,1,0,1,0,0,0,1,0,1,0,0,0,2,8,2,4,0,0,0,0,0,1,0,1,0,0,"","iron.ancestor.firstpack",0,0,0,2,0,2,0,0,0,0,0,0,8,3,0,2,8,1,10,9,10,8,10,8,3,0,5,4,22,18,0,0,0,0,0,1,0,0,0,0,4,3,1,1,14,12
game-160,160,"iron-hyena-pack-pressure","iron-hyena-pack-pressure",False,13,4,3,2,3,7,5,6,,1,0,1,0,0,0,1,0,1,0,0,0,2,2,2,2,0,0,0,0,0,1,0,1,0,0,"","iron.ancestor.firstpack",0,0,0,2,0,4,0,0,0,0,0,0,10,7,2,1,2,2,9,14,8,12,8,12,3,4,5,6,20,26,0,0,0,0,1,1,1,0,0,0,4,3,0,1,15,17
game-161,161,"iron-hyena-pack-pressure","iron-hyena-pack-pressure",False,12,3,3,1,3,7,5,7,,1,0,1,0,0,0,1,0,1,0,0,0,4,4,4,3,0,0,0,0,0,2,0,2,0,0,"","iron.ancestor.firstpack",0,0,0,2,0,3,0,0,0,0,0,0,6,16,1,1,1,3,7,11,7,11,7,11,3,4,3,5,19,23,0,0,0,0,0,0,0,0,0,0,4,3,1,0,10,18
game-162,162,"iron-hyena-pack-pressure","iron-hyena-pack-pressure",False,12,3,3,2,3,5,5,6,,1,0,1,0,0,0,1,0,1,0,0,0,2,2,2,2,0,0,1,0,0,1,0,1,0,0,"","iron.ancestor.firstpack",0,0,0,2,0,3,0,0,0,0,0,0,0,3,0,1,0,2,5,7,5,7,5,7,2,2,4,5,17,19,0,0,0,0,1,0,0,0,0,0,4,3,1,0,9,21
game-163,163,"iron-hyena-pack-pressure","iron-hyena-pack-pressure",False,15,4,3,2,3,5,5,10,,1,0,1,0,0,0,1,0,1,0,0,0,4,4,4,4,0,0,0,0,0,5,0,4,0,0,"","iron.ancestor.firstpack",0,0,0,2,0,5,0,0,0,0,0,0,1,3,1,2,0,1,6,11,6,11,6,11,1,3,3,7,20,27,0,0,0,0,0,1,0,0,0,1,4,3,0,1,9,22
game-164,164,"iron-hyena-pack-pressure","iron-hyena-pack-pressure",False,11,3,0,3,3,8,10,6,,2,0,2,0,0,0,0,0,0,0,0,0,4,0,3,0,0,0,0,0,0,2,0,1,0,0,"","iron.ancestor.firstpack",0,0,0,2,0,0,0,0,0,0,0,0,6,0,1,0,3,0,8,1,8,1,8,1,2,0,5,1,20,11,0,0,0,0,0,1,0,0,0,0,5,3,1,1,22,2
game-165,165,"iron-hyena-pack-pressure","iron-hyena-pack-pressure",False,11,3,2,3,3,5,5,10,,0,0,0,0,0,0,1,0,1,0,0,0,0,4,0,4,0,0,0,0,0,1,0,1,0,0,"","iron.ancestor.firstpack",0,0,0,2,0,2,0,0,0,0,0,0,4,4,1,0,1,2,8,6,8,6,8,6,2,1,4,4,20,16,0,0,0,0,0,0,0,0,0,0,4,3,1,1,15,11
game-166,166,"iron-hyena-pack-pressure","iron-hyena-pack-pressure",False,11,3,1,3,3,6,5,5,,2,0,2,0,0,0,1,0,1,0,0,0,6,2,6,2,0,0,0,0,0,1,0,1,0,0,"","iron.ancestor.firstpack",0,0,0,2,0,2,0,0,0,0,0,0,3,4,0,1,3,3,9,5,9,5,9,5,2,0,5,4,21,15,0,0,0,0,1,0,1,0,0,0,4,3,1,1,11,8
game-167,167,"iron-hyena-pack-pressure","iron-hyena-pack-pressure",False,13,4,3,1,3,7,10,5,,1,0,1,0,0,0,1,0,1,0,0,0,2,2,2,2,0,0,0,0,0,4,0,2,0,0,"","iron.ancestor.firstpack",0,0,0,2,0,2,0,0,0,0,0,0,0,2,0,1,0,1,5,10,5,10,5,10,1,5,5,6,17,24,0,0,0,0,0,0,0,0,0,0,4,3,0,1,7,21
game-168,168,"iron-hyena-pack-pressure","iron-hyena-pack-pressure",False,11,3,1,3,3,6,5,5,,2,0,2,0,0,0,1,0,1,0,0,0,6,2,6,2,0,0,0,0,0,1,0,1,0,0,"","iron.ancestor.firstpack",0,0,0,2,0,2,0,0,0,0,0,0,0,7,0,2,0,3,12,4,12,4,12,4,3,3,5,2,24,14,0,0,0,0,1,0,0,0,0,0,4,3,1,1,12,8
game-169,169,"iron-hyena-pack-pressure","iron-hyena-pack-pressure",False,13,4,3,2,3,7,,8,,1,0,1,0,0,0,1,0,1,0,0,0,2,8,2,4,0,0,0,0,0,0,0,0,0,0,"","",0,0,0,0,0,0,0,0,0,0,0,0,1,3,0,1,1,2,4,10,4,9,4,9,1,1,3,4,16,23,0,0,0,0,0,1,0,0,0,0,4,3,0,1,11,21
game-170,170,"iron-hyena-pack-pressure","iron-hyena-pack-pressure",False,13,4,3,2,3,7,5,10,,0,0,0,0,0,0,1,0,1,0,0,0,0,4,0,4,0,0,0,0,0,7,0,4,0,0,"","iron.ancestor.firstpack",0,0,0,2,0,4,0,0,0,0,0,0,1,4,1,2,0,2,9,12,9,12,9,12,0,4,5,6,21,26,0,0,0,0,0,2,0,0,0,0,4,3,0,1,7,26
game-171,171,"iron-hyena-pack-pressure","iron-hyena-pack-pressure",False,13,4,3,1,3,5,5,12,,0,0,0,0,0,0,1,0,1,0,0,0,0,4,0,4,0,0,0,0,0,7,0,4,0,0,"","iron.ancestor.firstpack",0,0,0,2,0,4,0,0,0,0,0,0,1,0,1,0,0,0,5,11,5,11,5,11,1,1,5,6,17,25,0,0,0,0,0,0,0,0,0,0,4,3,0,1,8,22
game-172,172,"iron-hyena-pack-pressure","iron-hyena-pack-pressure",False,13,4,3,2,3,7,5,7,,2,0,2,0,0,0,2,0,2,0,0,0,8,6,5,4,0,0,0,0,0,1,0,1,0,0,"","iron.ancestor.firstpack",0,0,0,2,0,4,0,0,0,0,0,0,17,12,3,0,5,3,8,11,8,10,8,10,4,2,5,6,20,24,0,0,0,0,0,0,0,0,0,0,4,3,0,1,8,19
game-173,173,"iron-hyena-pack-pressure","iron-hyena-pack-pressure",False,13,4,3,2,3,8,,8,,1,0,1,0,0,0,1,0,1,0,0,0,4,8,4,4,0,0,0,0,0,0,0,0,0,0,"","",0,0,0,0,0,0,0,0,0,0,0,0,0,10,0,1,0,3,6,10,6,9,6,9,1,5,5,4,18,23,0,0,0,0,1,0,0,0,0,0,4,3,0,1,14,23
game-174,174,"iron-hyena-pack-pressure","iron-hyena-pack-pressure",False,15,4,3,2,3,9,10,5,,2,0,2,0,0,0,2,0,2,0,0,0,6,4,6,4,0,0,0,0,0,1,0,1,0,0,"","iron.ancestor.firstpack",0,0,0,2,0,3,0,0,0,0,0,0,11,0,3,0,3,0,9,13,8,12,8,12,3,5,5,6,22,28,0,0,0,0,0,0,0,0,0,1,4,3,0,1,6,25
game-175,175,"iron-hyena-pack-pressure","iron-hyena-pack-pressure",False,12,3,3,2,3,7,5,5,,1,0,1,0,0,0,2,0,2,0,0,0,2,4,2,3,0,0,0,0,0,4,0,3,0,0,"","iron.ancestor.firstpack",0,0,0,2,0,3,0,0,0,0,0,0,5,3,2,1,3,2,9,9,9,8,9,8,4,2,5,4,21,20,0,0,0,0,0,1,0,1,0,0,4,3,1,0,12,20
game-176,176,"iron-hyena-pack-pressure","iron-hyena-pack-pressure",False,11,3,2,3,3,7,5,7,,1,0,1,0,0,0,1,0,1,0,0,0,10,2,2,2,0,0,0,0,0,1,0,1,0,0,"","iron.ancestor.firstpack",0,0,0,2,0,2,0,0,0,0,0,0,0,22,0,2,0,7,11,7,10,7,10,7,1,2,5,4,22,17,0,0,0,0,0,0,0,0,0,0,4,3,1,1,12,9
game-177,177,"iron-hyena-pack-pressure","iron-hyena-pack-pressure",False,11,3,1,3,3,5,5,,,0,0,0,0,0,0,0,0,0,0,0,0,0,0,0,0,0,0,0,0,0,1,0,1,0,0,"","iron.ancestor.firstpack",0,0,0,2,0,2,0,0,0,0,0,0,8,0,1,0,3,0,12,5,12,5,12,5,3,0,5,4,24,15,0,0,0,0,0,0,0,0,0,0,4,3,1,1,16,11
game-178,178,"iron-hyena-pack-pressure","iron-hyena-pack-pressure",False,11,3,2,3,3,5,5,9,,1,0,1,0,0,0,0,0,0,0,0,0,6,0,3,0,0,0,0,0,0,2,0,1,0,0,"","iron.ancestor.firstpack",0,0,0,2,0,2,0,0,0,0,0,0,5,0,0,0,5,0,13,7,13,7,13,7,4,0,5,4,25,17,0,0,0,0,0,0,0,0,0,0,4,3,1,1,16,13
game-179,179,"iron-hyena-pack-pressure","iron-hyena-pack-pressure",False,15,4,3,2,3,5,5,10,,1,0,1,0,0,0,2,0,2,0,0,0,6,8,4,8,0,0,0,0,0,6,0,4,0,0,"","iron.ancestor.smithpassedfang",0,1,0,4,0,5,0,0,0,0,0,0,13,7,1,2,2,5,11,13,11,13,11,13,6,5,4,7,25,29,0,0,0,0,0,1,0,0,0,1,4,3,0,1,9,21
game-180,180,"iron-hyena-pack-pressure","iron-hyena-pack-pressure",False,13,4,3,1,3,7,5,6,,1,0,1,0,0,0,2,0,2,0,0,0,2,6,2,5,0,0,0,0,0,5,0,3,0,0,"","iron.ancestor.firstpack",0,0,0,2,0,4,0,0,0,0,0,0,4,6,2,1,0,4,9,14,9,13,9,13,3,5,5,6,21,27,0,0,0,0,0,1,0,0,0,0,4,3,0,1,5,23
game-181,181,"iron-hyena-pack-pressure","iron-hyena-pack-pressure",False,13,4,3,2,3,7,5,5,,1,0,1,0,0,0,2,0,2,0,0,0,2,6,2,5,0,0,0,0,0,4,0,4,0,0,"","iron.ancestor.firstpack",0,0,0,2,0,4,0,0,0,0,0,0,6,0,1,0,3,0,7,10,7,10,7,10,3,2,4,6,19,24,0,0,0,0,0,0,0,0,0,0,4,3,0,1,3,23
game-182,182,"iron-hyena-pack-pressure","iron-hyena-pack-pressure",False,12,3,3,2,3,7,7,5,,2,0,2,0,0,0,1,0,1,0,0,0,8,2,5,2,0,0,0,0,0,1,0,1,0,0,"","iron.ancestor.smithpassedfang",0,0,0,2,0,2,0,0,0,0,2,0,15,4,0,0,3,4,9,8,8,8,8,8,5,2,5,5,20,20,0,0,0,0,0,0,0,0,0,0,4,3,1,0,10,19
game-183,183,"iron-hyena-pack-pressure","iron-hyena-pack-pressure",False,12,3,3,2,3,7,5,6,,1,0,1,0,0,0,0,0,0,0,0,0,2,0,2,0,0,0,0,0,0,5,0,3,0,0,"","iron.ancestor.firstpack",0,0,0,2,0,3,0,0,0,0,0,0,9,5,1,1,4,1,6,12,6,10,6,10,4,2,4,4,18,22,0,0,0,0,1,0,1,0,0,0,4,3,1,0,9,15
game-184,184,"iron-hyena-pack-pressure","iron-hyena-pack-pressure",False,14,4,2,3,3,6,5,5,,1,0,1,0,0,0,2,0,2,0,0,0,6,4,4,4,0,0,0,0,0,3,0,2,0,0,"","iron.ancestor.firstpack",0,0,0,2,0,4,0,0,0,0,0,0,2,7,0,2,1,5,15,9,13,9,13,9,3,4,6,5,27,23,0,0,0,0,0,0,0,0,0,0,4,3,0,0,10,20
game-185,185,"iron-hyena-pack-pressure","iron-hyena-pack-pressure",False,15,4,3,2,3,7,10,6,,1,0,1,0,0,0,1,0,1,0,0,0,2,8,2,4,0,0,0,0,0,4,0,3,0,0,"","iron.ancestor.firstpack",0,0,0,2,0,3,0,0,0,0,0,0,9,5,0,3,6,1,7,11,7,11,7,11,3,3,6,5,21,27,0,0,0,0,1,0,1,0,0,1,4,3,0,1,2,13
game-186,186,"iron-hyena-pack-pressure","iron-hyena-pack-pressure",False,14,4,2,3,3,7,12,5,,2,0,2,0,0,0,1,0,1,0,0,0,8,4,3,3,0,0,0,0,0,1,0,1,0,0,"","iron.ancestor.firstpack",0,0,0,2,0,1,0,0,0,0,0,0,1,11,0,2,1,3,10,7,10,7,10,7,4,4,5,5,24,21,0,0,0,0,0,1,0,0,0,0,4,3,0,0,5,17
game-187,187,"iron-hyena-pack-pressure","iron-hyena-pack-pressure",False,13,4,3,2,3,7,5,12,,0,0,0,0,0,0,1,0,1,0,0,0,0,4,0,3,0,0,0,0,0,6,0,4,0,0,"","iron.ancestor.firstpack",0,0,0,2,0,4,0,0,0,0,0,0,1,2,1,0,0,2,5,9,5,9,5,9,1,3,3,6,17,23,0,0,0,0,0,0,0,0,0,0,4,3,0,1,7,22
game-188,188,"iron-hyena-pack-pressure","iron-hyena-pack-pressure",False,13,4,3,1,3,7,5,7,,2,0,2,0,0,0,2,0,2,0,0,0,6,8,6,8,0,0,1,0,0,4,0,3,0,0,"","iron.ancestor.firstpack",0,0,0,2,0,4,0,0,0,0,0,0,5,13,2,0,3,4,6,17,6,15,6,15,2,4,3,6,18,29,0,0,0,0,0,0,0,0,0,0,4,3,0,1,9,24
game-189,189,"iron-hyena-pack-pressure","iron-hyena-pack-pressure",False,12,3,3,2,3,6,10,5,,1,0,1,0,0,0,2,0,2,0,0,0,2,6,2,4,0,0,0,1,0,1,0,1,0,0,"","iron.ancestor.firstpack",0,0,0,2,0,1,0,0,0,0,0,0,7,2,1,0,4,2,8,10,8,8,8,8,4,3,5,5,20,20,0,0,0,0,0,0,0,0,0,0,4,3,1,0,6,19
game-190,190,"iron-hyena-pack-pressure","iron-hyena-pack-pressure",False,10,3,3,1,3,5,5,7,,1,0,1,0,0,0,1,0,1,0,0,0,2,4,2,4,0,0,0,0,0,3,0,2,0,0,"","iron.ancestor.firstpack",0,0,0,2,0,2,0,0,0,0,0,0,0,1,0,0,0,1,4,8,4,8,4,8,1,0,4,4,14,18,0,0,0,0,0,0,0,0,0,0,4,3,1,0,8,11
game-191,191,"iron-hyena-pack-pressure","iron-hyena-pack-pressure",False,11,3,2,3,3,5,5,6,,2,0,2,0,0,0,0,0,0,0,0,0,6,0,4,0,0,0,1,0,0,1,0,1,0,0,"","iron.ancestor.firstpack",0,0,0,2,0,2,0,0,0,0,0,0,5,0,1,0,4,0,10,6,9,6,9,6,2,0,5,4,21,16,0,0,0,0,0,0,0,0,0,0,4,3,1,1,11,11
game-192,192,"iron-hyena-pack-pressure","iron-hyena-pack-pressure",False,12,3,3,2,3,5,5,8,,1,0,1,0,0,0,0,0,0,0,0,0,2,0,2,0,0,0,0,0,0,3,0,2,0,0,"","iron.ancestor.firstpack",0,0,0,2,0,3,0,0,0,0,0,0,0,5,0,2,0,1,5,10,5,10,5,10,0,3,3,5,17,22,0,0,0,0,0,0,0,0,0,0,4,3,1,0,9,11
game-193,193,"iron-hyena-pack-pressure","iron-hyena-pack-pressure",False,12,3,3,2,3,7,5,12,,0,0,0,0,0,0,1,0,1,0,0,0,0,6,0,2,0,0,0,0,0,3,0,2,0,0,"","iron.ancestor.smithpassedfang",0,1,0,4,0,3,0,0,0,0,1,0,6,2,1,1,1,1,4,6,4,6,4,6,2,2,3,3,16,18,0,0,0,0,0,0,0,0,0,0,4,3,1,0,10,16
game-194,194,"iron-hyena-pack-pressure","iron-hyena-pack-pressure",False,11,3,2,3,3,7,7,5,,0,0,0,0,0,0,1,0,1,0,0,0,0,2,0,2,0,1,0,0,0,1,0,1,0,0,"","iron.ancestor.firstpack",0,0,0,2,0,1,0,0,0,0,0,0,0,1,0,0,0,1,10,5,9,5,9,5,0,1,5,4,21,15,0,0,0,0,0,0,0,0,0,0,4,3,1,1,12,4
game-195,195,"iron-hyena-pack-pressure","iron-hyena-pack-pressure",False,16,4,2,3,3,9,7,7,,0,0,0,0,0,0,1,0,1,0,0,0,0,2,0,2,0,0,0,0,0,2,0,2,0,0,"","iron.ancestor.firstpack",0,1,0,4,0,4,0,0,0,0,0,0,2,22,0,3,2,4,9,11,9,11,9,11,3,5,4,6,25,27,0,0,0,0,1,0,0,0,1,1,5,3,0,0,9,11
game-196,196,"iron-hyena-pack-pressure","iron-hyena-pack-pressure",False,13,4,3,2,3,7,10,6,,1,0,1,0,0,0,2,0,2,0,0,0,2,10,2,8,0,0,0,0,0,1,0,1,0,0,"","iron.ancestor.firstpack",0,0,0,2,0,2,0,0,0,0,0,0,11,0,2,0,2,0,6,14,6,11,6,11,3,4,5,4,18,25,0,0,0,0,0,1,0,1,0,0,4,3,0,1,18,15
game-197,197,"iron-hyena-pack-pressure","iron-hyena-pack-pressure",False,13,4,3,2,3,5,5,,,0,0,0,0,0,0,0,0,0,0,0,0,0,0,0,0,0,0,0,0,0,6,0,4,0,0,"","iron.ancestor.firstpack",0,0,0,2,0,4,0,0,0,0,0,0,0,10,0,4,0,0,7,11,6,10,6,10,0,3,3,6,18,24,0,0,0,0,1,0,0,0,0,0,4,3,0,1,14,22
game-198,198,"iron-hyena-pack-pressure","iron-hyena-pack-pressure",False,14,4,2,3,3,7,10,5,,1,0,1,0,0,0,1,0,1,0,0,0,2,2,2,2,0,0,1,0,0,1,0,1,0,0,"","iron.ancestor.firstpack",0,0,0,2,0,2,0,0,0,0,0,0,6,5,1,2,3,0,13,10,11,9,11,9,5,3,5,5,25,23,0,0,0,0,1,0,1,0,0,0,4,3,0,0,4,20
game-199,199,"iron-hyena-pack-pressure","iron-hyena-pack-pressure",False,13,4,3,2,3,6,5,9,,1,0,1,0,0,0,2,0,2,0,0,0,4,10,4,5,0,0,0,0,0,3,0,2,0,0,"","iron.ancestor.smithpassedfang",0,1,0,4,0,4,0,0,0,0,1,0,3,3,1,1,2,2,5,10,5,8,5,8,1,3,3,3,17,22,0,0,0,0,0,0,0,0,0,0,4,3,0,1,10,24
game-200,200,"iron-hyena-pack-pressure","iron-hyena-pack-pressure",False,13,4,3,2,3,5,5,7,,1,0,1,0,0,0,1,0,1,0,0,0,2,4,2,4,0,0,0,0,0,3,0,2,0,0,"","iron.ancestor.firstpack",0,1,0,4,0,4,0,0,0,0,1,0,11,1,1,1,5,0,8,7,8,7,8,7,3,0,5,5,20,21,0,0,0,0,0,1,0,0,0,0,4,3,0,1,10,24
game-201,201,"iron-hyena-pack-pressure","iron-hyena-pack-pressure",False,19,5,2,3,3,7,7,5,,4,1,3,0,0,0,3,1,2,0,0,0,8,6,8,6,2,1,1,0,0,2,0,2,0,0,"","iron.ancestor.smithpassedfang",0,1,0,4,0,5,0,0,0,0,1,0,18,3,2,3,7,0,14,12,14,11,14,11,6,3,8,7,34,29,0,0,0,0,1,0,1,0,1,1,4,3,1,1,20,16
game-202,202,"iron-hyena-pack-pressure","iron-hyena-pack-pressure",False,16,4,2,3,3,8,,5,,2,0,2,0,0,0,1,0,1,0,0,0,4,4,4,4,0,0,1,0,0,0,0,0,0,0,"","",0,0,0,0,0,0,0,0,0,0,0,0,3,14,2,2,1,2,11,9,10,9,10,9,4,5,5,5,26,25,0,0,0,0,1,0,0,0,1,1,4,3,0,0,6,11
game-203,203,"iron-hyena-pack-pressure","iron-hyena-pack-pressure",False,10,3,3,2,3,5,5,9,,1,0,1,0,0,0,1,0,1,0,0,0,4,6,4,2,0,0,0,0,0,1,0,1,0,0,"","iron.ancestor.firstpack",0,0,0,2,0,2,0,0,0,0,0,0,4,0,1,0,3,0,7,7,7,6,7,6,0,0,4,3,17,16,0,0,0,0,1,0,0,0,0,0,4,3,1,0,18,10
game-204,204,"iron-hyena-pack-pressure","iron-hyena-pack-pressure",False,12,3,3,2,3,6,10,7,,1,0,1,0,0,0,2,0,2,0,0,0,6,4,4,3,0,0,0,0,0,2,0,1,0,0,"","iron.ancestor.firstpack",0,0,0,2,0,1,0,0,0,0,0,0,8,10,1,0,1,5,9,7,8,7,8,7,2,3,5,3,20,19,0,0,0,0,0,0,0,0,0,0,4,3,1,0,7,19
game-205,205,"iron-hyena-pack-pressure","iron-hyena-pack-pressure",False,13,4,3,1,3,7,10,8,,1,0,1,0,0,0,1,0,1,0,0,0,2,4,2,4,0,0,0,0,0,3,0,2,0,0,"","iron.ancestor.firstpack",0,0,0,2,0,2,0,0,0,0,0,0,2,1,0,1,2,0,3,9,3,9,3,9,2,1,3,4,15,23,0,0,0,0,0,0,0,0,0,0,4,3,0,1,8,20
game-206,206,"iron-hyena-pack-pressure","iron-hyena-pack-pressure",False,13,4,3,2,3,5,5,7,,1,0,1,0,0,0,2,0,2,0,0,0,4,4,3,3,0,0,0,0,0,6,0,3,0,0,"","iron.ancestor.firstpack",0,0,0,2,0,4,0,0,0,0,0,0,6,2,1,0,2,2,7,12,7,10,7,10,4,5,3,6,19,24,0,0,0,0,0,1,0,0,0,0,4,3,0,1,13,26
game-207,207,"iron-hyena-pack-pressure","iron-hyena-pack-pressure",False,16,4,2,3,3,8,,5,,2,0,2,0,0,0,2,0,2,0,0,0,6,12,6,5,0,0,0,1,0,0,0,0,0,0,"","",0,0,0,0,0,0,0,0,0,0,0,0,11,11,1,2,5,1,14,10,12,10,12,10,2,5,7,6,28,26,0,0,0,0,0,0,0,0,1,1,4,3,0,0,14,18
game-208,208,"iron-hyena-pack-pressure","iron-hyena-pack-pressure",False,15,4,3,1,3,5,5,6,,2,0,2,0,0,0,3,1,2,0,0,0,4,4,4,3,0,1,1,0,0,3,0,2,0,0,"","iron.ancestor.smithpassedfang",0,1,0,4,0,5,0,0,0,0,2,0,3,3,1,2,2,1,6,9,6,9,6,9,1,4,5,4,20,25,0,0,0,0,0,1,0,0,0,1,4,3,0,1,5,27
game-209,209,"iron-hyena-pack-pressure","iron-hyena-pack-pressure",False,13,4,3,2,3,5,5,7,,1,0,1,0,0,0,1,0,1,0,0,0,4,2,4,2,0,0,0,0,0,2,0,1,0,0,"","iron.ancestor.firstpack",0,0,0,2,0,4,0,0,0,0,0,0,6,4,2,0,3,4,8,9,8,9,8,9,3,3,3,6,20,23,0,0,0,0,1,1,0,0,0,0,4,3,0,1,16,21
game-210,210,"iron-hyena-pack-pressure","iron-hyena-pack-pressure",False,11,3,1,3,3,6,5,6,,2,0,2,0,0,0,0,0,0,0,0,0,6,0,4,0,0,0,0,0,0,1,0,1,0,0,"","iron.ancestor.firstpack",0,0,0,2,0,2,0,0,0,0,0,0,8,0,1,0,4,0,10,8,9,8,9,8,0,0,5,4,21,18,0,0,0,0,0,0,0,0,0,0,4,3,1,1,13,7
game-211,211,"iron-hyena-pack-pressure","iron-hyena-pack-pressure",False,12,3,3,2,3,5,5,12,,0,0,0,0,0,0,1,0,1,0,0,0,0,6,0,2,0,0,0,0,0,4,0,3,0,0,"","iron.ancestor.firstpack",0,0,0,2,0,3,0,0,0,0,0,0,16,0,2,0,6,0,7,9,7,9,7,9,3,0,3,5,19,21,0,0,0,0,0,0,0,0,0,0,4,3,1,0,9,20
game-212,212,"iron-hyena-pack-pressure","iron-hyena-pack-pressure",False,11,3,1,3,3,6,7,5,,1,0,1,0,0,0,1,0,1,0,0,0,6,2,2,2,0,0,0,0,0,3,0,1,0,0,"","iron.ancestor.firstpack",0,0,0,2,0,1,0,0,0,0,0,0,6,1,1,0,1,1,12,3,10,3,10,3,3,1,5,3,22,13,0,0,0,0,0,1,0,1,0,0,4,3,1,1,14,7
game-213,213,"iron-hyena-pack-pressure","iron-hyena-pack-pressure",False,13,4,3,1,3,6,7,10,,0,0,0,0,0,0,1,0,1,0,0,0,0,2,0,2,0,0,0,0,0,4,0,3,0,0,"","iron.ancestor.firstpack",0,0,0,2,0,3,0,0,0,0,0,0,1,9,1,1,0,2,5,9,5,9,5,9,1,5,4,4,17,23,0,0,0,0,0,0,0,0,0,0,4,3,0,1,5,28
game-214,214,"iron-hyena-pack-pressure","iron-hyena-pack-pressure",False,13,4,3,2,3,7,10,10,,0,0,0,0,0,0,1,0,1,0,0,0,0,4,0,4,0,0,0,0,0,1,0,1,0,0,"","iron.ancestor.firstpack",0,0,0,2,0,2,0,0,0,0,0,0,1,4,1,3,0,1,8,10,7,10,7,10,0,4,3,4,19,24,0,0,0,0,0,1,0,0,0,0,4,3,0,1,10,13
game-215,215,"iron-hyena-pack-pressure","iron-hyena-pack-pressure",False,12,3,3,2,4,7,5,8,,1,0,1,0,0,0,0,0,0,0,0,0,2,0,2,0,0,0,0,0,0,5,0,3,0,0,"","iron.ancestor.firstpack",0,0,0,2,0,3,0,0,0,0,0,0,8,4,1,0,3,1,6,9,6,8,6,8,3,2,4,4,18,20,0,0,0,0,0,0,0,0,0,0,4,6,1,0,11,19
game-216,216,"iron-hyena-pack-pressure","iron-hyena-pack-pressure",False,10,3,3,1,3,5,5,5,,0,0,0,0,0,0,1,0,1,0,0,0,0,2,0,2,0,0,0,0,0,2,0,2,0,0,"","iron.ancestor.firstpack",0,0,0,2,0,2,0,0,0,0,0,0,2,0,1,0,1,0,3,5,3,5,3,5,1,0,3,4,13,15,0,0,0,0,0,0,0,0,0,0,4,3,1,0,10,10
game-217,217,"iron-hyena-pack-pressure","iron-hyena-pack-pressure",False,15,4,3,2,3,7,7,5,,2,0,2,0,0,0,1,0,1,0,0,0,4,2,4,2,0,0,2,0,0,3,0,2,0,0,"","iron.ancestor.smithpassedfang",0,1,0,4,0,4,0,0,0,0,2,0,19,1,1,1,6,0,10,13,10,10,10,10,5,4,5,5,24,26,0,0,0,0,0,1,0,0,0,1,4,3,0,1,6,18
game-218,218,"iron-hyena-pack-pressure","iron-hyena-pack-pressure",False,13,4,3,1,3,7,5,6,,1,0,1,0,0,0,2,0,2,0,0,0,2,4,2,3,1,0,0,0,0,3,0,3,0,0,"","iron.ancestor.firstpack",0,0,0,2,0,4,0,0,0,0,0,0,2,3,1,1,1,2,5,11,5,11,5,11,1,5,4,6,17,25,0,0,0,0,0,0,0,0,0,0,4,3,0,1,4,21
game-219,219,"iron-hyena-pack-pressure","iron-hyena-pack-pressure",False,13,4,3,2,4,7,7,5,,0,0,0,0,0,0,1,0,1,0,0,0,0,2,0,2,0,0,0,0,0,2,0,1,0,0,"","iron.ancestor.firstpack",0,0,0,2,0,3,0,0,0,0,0,0,0,5,0,2,0,2,7,9,7,9,7,9,0,4,4,6,19,23,0,0,0,0,1,0,0,0,0,0,4,6,0,1,12,13
game-220,220,"iron-hyena-pack-pressure","iron-hyena-pack-pressure",False,15,4,3,2,3,7,5,5,,2,0,2,0,0,0,2,0,2,0,0,0,8,4,6,4,0,0,0,0,0,4,0,4,0,0,"","iron.ancestor.firstpack",0,1,0,4,0,5,0,0,0,0,0,0,13,5,3,0,3,5,8,12,8,12,8,12,4,5,4,7,22,28,0,0,0,0,0,0,0,0,0,1,4,3,0,1,12,20
game-221,221,"iron-hyena-pack-pressure","iron-hyena-pack-pressure",False,13,4,3,1,3,7,5,6,,1,0,1,0,0,0,1,0,1,0,0,0,2,8,2,4,0,0,0,0,0,7,0,4,0,0,"","iron.ancestor.firstpack",0,0,0,2,0,4,0,0,0,0,0,0,21,2,2,0,4,2,3,8,3,8,3,8,3,0,2,6,15,22,0,0,0,0,0,1,0,1,0,0,4,3,0,1,3,24
game-222,222,"iron-hyena-pack-pressure","iron-hyena-pack-pressure",False,12,3,3,2,3,5,5,8,,1,0,1,0,0,0,2,0,2,0,0,0,6,6,3,5,0,0,0,0,0,1,0,1,0,0,"","iron.ancestor.firstpack",0,0,0,2,0,3,0,0,0,0,0,0,0,4,0,0,0,4,8,8,8,8,8,8,2,2,4,5,20,20,0,0,0,0,0,0,0,0,0,0,4,3,1,0,13,21
game-223,223,"iron-hyena-pack-pressure","iron-hyena-pack-pressure",False,13,4,3,2,3,5,5,6,,2,0,2,0,0,0,1,0,1,0,0,0,4,4,4,3,0,0,0,0,0,1,0,1,0,0,"","iron.ancestor.firstpack",0,0,0,2,0,4,0,0,0,0,0,0,5,4,1,1,4,1,7,14,7,13,7,13,3,6,5,5,19,27,0,0,0,0,1,0,1,0,0,0,4,3,0,1,12,20
game-224,224,"iron-hyena-pack-pressure","iron-hyena-pack-pressure",False,15,4,3,2,3,7,12,7,,0,0,0,0,0,0,2,0,2,0,0,0,0,6,0,6,0,0,0,0,0,1,0,1,0,0,"","iron.ancestor.firstpack",0,0,0,2,0,2,0,0,0,0,0,0,3,13,1,2,2,3,14,8,13,7,13,7,3,3,6,4,27,23,0,0,0,0,0,0,0,0,0,1,4,3,0,1,5,17
game-225,225,"iron-hyena-pack-pressure","iron-hyena-pack-pressure",False,11,3,2,3,3,5,5,5,,0,0,0,0,0,0,1,0,1,0,0,0,0,2,0,1,0,0,0,0,0,1,0,1,0,0,"","iron.ancestor.firstpack",0,0,0,2,0,2,0,0,0,0,0,0,0,4,0,1,0,3,8,4,8,4,8,4,2,0,5,4,20,14,0,0,0,0,0,0,0,0,0,0,4,3,1,1,17,10
game-226,226,"iron-hyena-pack-pressure","iron-hyena-pack-pressure",False,10,3,3,1,3,5,5,10,,0,0,0,0,0,0,1,0,1,0,0,0,0,4,0,3,0,0,0,0,0,3,0,2,0,0,"","iron.ancestor.firstpack",0,0,0,2,0,2,0,0,0,0,0,0,0,7,0,1,0,4,2,7,2,7,2,7,0,1,2,4,12,17,0,0,0,0,0,0,0,0,0,0,4,3,1,0,14,14
game-227,227,"iron-hyena-pack-pressure","iron-hyena-pack-pressure",False,11,3,2,3,3,7,5,9,,1,0,1,0,0,0,0,0,0,0,0,0,2,0,2,0,0,0,0,0,0,2,0,1,0,0,"","iron.ancestor.firstpack",0,0,0,2,0,2,0,0,0,0,0,0,4,0,2,0,2,0,9,8,9,7,9,7,1,0,5,4,21,17,0,0,0,0,1,0,0,0,0,0,4,3,1,1,14,6
game-228,228,"iron-hyena-pack-pressure","iron-hyena-pack-pressure",False,13,4,3,1,3,7,5,6,,1,0,1,0,0,0,1,0,1,0,0,0,2,8,2,4,0,0,0,0,0,5,0,4,0,0,"","iron.ancestor.firstpack",0,0,0,2,0,4,0,0,0,0,0,0,0,5,0,1,0,1,5,15,5,14,5,14,2,5,4,6,17,28,0,0,0,0,1,0,0,0,0,0,4,3,0,1,9,23
game-229,229,"iron-hyena-pack-pressure","iron-hyena-pack-pressure",False,11,3,2,3,3,5,5,,,0,0,0,0,0,0,0,0,0,0,0,0,0,0,0,0,0,0,0,0,0,2,0,1,0,0,"","iron.ancestor.firstpack",0,0,0,2,0,2,0,0,0,0,0,0,9,0,1,0,2,0,9,7,9,7,9,7,2,0,5,4,21,17,0,0,0,0,0,1,0,0,0,0,4,3,1,1,10,12
game-230,230,"iron-hyena-pack-pressure","iron-hyena-pack-pressure",False,12,3,3,2,3,7,5,6,,1,0,1,0,0,0,1,0,1,0,0,0,2,4,2,3,0,0,0,0,1,5,1,3,0,0,"iron.ancestor.smithpassedfang","iron.ancestor.firstpack",0,0,2,2,0,3,0,0,0,0,0,0,10,12,3,0,0,4,12,12,11,10,11,10,5,4,5,4,23,22,0,0,0,0,1,1,0,1,0,0,4,3,1,0,13,17
game-231,231,"iron-hyena-pack-pressure","iron-hyena-pack-pressure",False,10,3,3,2,3,5,5,9,,1,0,1,0,0,0,0,0,0,0,0,0,6,0,3,0,0,0,0,0,0,2,0,1,0,0,"","iron.ancestor.firstpack",0,0,0,2,0,2,0,0,0,0,0,0,4,0,1,0,1,0,5,7,5,7,5,7,2,1,2,4,15,17,0,0,0,0,0,1,0,1,0,0,4,3,1,0,19,13
game-232,232,"iron-hyena-pack-pressure","iron-hyena-pack-pressure",False,13,4,3,2,3,7,7,5,,1,0,1,0,0,0,1,0,1,0,0,0,8,2,4,2,0,0,0,0,0,1,0,1,0,0,"","iron.ancestor.smithpassedfang",0,0,0,2,0,3,0,0,0,0,1,0,22,5,4,0,2,5,9,12,8,10,8,10,5,4,3,6,20,24,0,0,0,0,0,1,0,1,0,0,4,3,0,1,12,22
game-233,233,"iron-hyena-pack-pressure","iron-hyena-pack-pressure",False,13,4,3,1,4,5,5,13,,0,0,0,0,0,0,1,0,1,0,0,0,0,4,0,2,0,0,0,0,0,3,0,2,0,0,"","iron.ancestor.firstpack",0,0,0,2,0,4,0,0,0,0,0,0,0,23,0,3,0,3,9,16,9,14,9,14,3,7,4,6,21,28,0,0,0,0,1,0,0,0,0,0,4,6,0,1,9,22
game-234,234,"iron-hyena-pack-pressure","iron-hyena-pack-pressure",False,13,4,3,2,3,7,5,11,,1,0,1,0,0,0,1,0,1,0,0,0,6,6,4,4,0,0,0,0,0,8,0,4,0,0,"","iron.ancestor.firstpack",0,0,0,2,0,4,0,0,0,0,0,0,9,0,2,0,0,0,12,14,10,12,10,12,4,4,5,6,22,26,0,0,0,0,0,2,0,1,0,0,4,3,0,1,15,22
game-235,235,"iron-hyena-pack-pressure","iron-hyena-pack-pressure",False,12,3,3,2,3,7,5,6,,1,0,1,0,0,0,1,0,1,0,0,0,2,2,2,2,0,0,0,0,0,2,0,1,0,0,"","iron.ancestor.firstpack",0,0,0,2,0,3,0,0,0,0,0,0,25,7,1,1,4,5,11,8,11,8,11,8,5,2,5,5,23,20,0,0,0,0,1,0,1,0,0,0,4,3,1,0,17,19
game-236,236,"iron-hyena-pack-pressure","iron-hyena-pack-pressure",False,11,3,2,3,3,7,7,5,,1,0,1,0,0,0,1,0,1,0,0,0,2,2,2,2,0,1,0,0,0,2,0,1,0,0,"","iron.ancestor.firstpack",0,0,0,2,0,1,0,0,0,0,0,0,4,1,0,0,2,1,10,4,10,4,10,4,1,1,5,3,22,14,0,0,0,0,0,0,0,0,0,0,4,3,1,1,14,7
game-237,237,"iron-hyena-pack-pressure","iron-hyena-pack-pressure",False,15,4,3,2,3,8,,8,,1,0,1,0,0,0,3,0,3,0,0,0,4,14,4,7,0,0,0,1,0,0,0,0,0,0,"","",0,0,0,0,0,0,0,0,0,0,0,0,16,0,4,0,2,0,7,16,7,14,7,14,4,5,5,5,21,30,0,0,0,0,0,2,0,0,0,1,4,3,0,1,11,11
game-238,238,"iron-hyena-pack-pressure","iron-hyena-pack-pressure",False,15,4,3,2,3,8,7,7,,1,0,1,0,0,0,2,0,2,0,0,0,2,10,2,4,0,0,0,0,0,1,0,1,0,0,"","iron.ancestor.firstpack",0,0,0,2,0,4,0,0,0,0,0,0,11,11,2,2,2,6,10,11,10,10,10,10,3,2,6,6,24,26,0,0,0,0,0,1,0,1,0,1,5,3,0,1,11,13
game-239,239,"iron-hyena-pack-pressure","iron-hyena-pack-pressure",False,13,4,3,2,3,7,5,7,,0,0,0,0,0,0,2,0,2,0,0,0,0,4,0,4,0,0,0,1,0,1,0,1,0,0,"","iron.ancestor.firstpack",0,0,0,2,0,4,0,0,0,0,0,0,12,9,1,1,2,3,9,10,9,10,9,10,4,4,5,6,21,24,0,0,0,0,0,1,0,0,0,0,4,3,0,1,10,21
game-240,240,"iron-hyena-pack-pressure","iron-hyena-pack-pressure",False,11,3,0,3,3,6,5,,,0,0,0,0,0,0,0,0,0,0,0,0,0,0,0,0,0,0,0,0,0,1,0,1,0,0,"","iron.ancestor.smithpassedfang",0,0,0,2,0,2,0,0,0,0,1,0,3,0,2,0,1,0,3,2,3,2,3,2,0,0,2,1,15,12,0,0,0,0,0,0,0,0,0,0,4,3,1,1,13,9
game-241,241,"iron-hyena-pack-pressure","iron-hyena-pack-pressure",False,13,4,3,2,3,6,5,5,,2,0,2,0,0,0,1,0,1,0,0,0,4,2,4,2,0,0,0,1,0,1,0,1,0,0,"","iron.ancestor.firstpack",0,0,0,2,0,4,0,0,0,0,0,0,3,5,1,1,2,2,5,11,5,11,5,11,1,5,3,6,17,25,0,0,0,0,1,0,1,0,0,0,4,3,0,1,11,20
game-242,242,"iron-hyena-pack-pressure","iron-hyena-pack-pressure",False,12,3,3,2,3,5,5,11,,1,0,1,0,0,0,0,0,0,0,0,0,8,0,4,0,0,0,0,0,0,6,0,3,0,0,"","iron.ancestor.firstpack",0,0,0,2,0,3,0,0,0,0,0,0,10,1,1,1,1,0,8,10,7,9,7,9,3,1,4,5,19,21,0,0,0,0,0,1,0,0,0,0,4,3,1,0,10,22
game-243,243,"iron-hyena-pack-pressure","iron-hyena-pack-pressure",False,13,4,3,2,3,7,5,8,,1,0,1,0,0,0,2,0,2,0,0,0,2,8,2,6,0,0,0,0,0,6,0,3,0,0,"","iron.ancestor.firstpack",0,0,0,2,0,4,0,0,0,0,0,0,10,3,1,0,1,3,9,15,9,13,9,13,5,5,5,6,21,27,0,0,0,0,0,1,0,0,0,0,4,3,0,1,12,18
game-244,244,"iron-hyena-pack-pressure","iron-hyena-pack-pressure",False,13,4,3,2,3,7,10,6,,1,0,1,0,0,0,2,0,2,0,0,0,2,10,2,6,0,0,0,0,0,5,0,3,0,0,"","iron.ancestor.firstpack",0,0,0,2,0,2,0,0,0,0,0,0,5,4,2,1,1,1,6,9,6,8,6,8,4,2,5,4,18,22,0,0,0,0,0,1,0,0,0,0,4,3,0,1,11,24
game-245,245,"iron-hyena-pack-pressure","iron-hyena-pack-pressure",False,13,4,3,2,3,7,7,5,,0,0,0,0,0,0,2,0,2,0,0,0,0,4,0,4,0,0,0,2,0,2,0,1,0,0,"","iron.ancestor.firstpack",0,0,0,2,0,3,0,0,0,0,0,0,4,1,0,0,1,1,11,10,10,10,10,10,3,6,5,5,22,24,0,0,0,0,0,0,0,0,0,0,4,3,0,1,13,19
game-246,246,"iron-hyena-pack-pressure","iron-hyena-pack-pressure",False,13,4,3,2,3,6,,9,,1,0,1,0,0,0,1,0,1,0,0,0,4,4,4,4,0,0,0,0,0,0,0,0,0,0,"","",0,0,0,0,0,0,0,0,0,0,0,0,6,3,0,0,2,3,10,12,10,11,10,11,3,3,5,4,22,25,0,0,0,0,0,0,0,0,0,0,4,3,0,1,10,19
game-247,247,"iron-hyena-pack-pressure","iron-hyena-pack-pressure",False,13,4,3,2,3,7,5,5,,1,0,1,0,0,0,1,0,1,0,0,0,2,4,2,3,0,0,0,0,0,4,0,3,0,0,"","iron.ancestor.firstpack",0,1,0,4,0,4,0,0,0,0,0,0,6,4,0,1,2,2,7,11,7,10,7,10,3,5,3,5,19,24,0,0,0,0,0,0,0,0,0,0,4,3,0,1,3,21
game-248,248,"iron-hyena-pack-pressure","iron-hyena-pack-pressure",False,13,4,3,1,3,7,10,5,,1,0,1,0,0,0,2,0,2,0,0,0,2,6,2,4,0,0,0,0,0,5,0,3,0,0,"","iron.ancestor.firstpack",0,0,0,2,0,2,0,0,0,0,0,0,4,1,0,1,2,0,5,11,5,9,5,9,2,4,4,6,17,23,0,0,0,0,0,0,0,0,0,0,4,3,0,1,4,25
game-249,249,"iron-hyena-pack-pressure","iron-hyena-pack-pressure",False,12,3,3,1,3,5,7,6,,1,0,1,0,0,0,2,0,2,0,0,0,2,6,2,5,0,0,0,0,0,4,0,3,0,0,"","iron.ancestor.firstpack",0,0,0,2,0,2,0,0,0,0,0,0,2,4,0,1,2,3,5,8,5,8,5,8,1,1,4,3,17,20,0,0,0,0,0,0,0,0,0,0,4,3,1,0,5,21
game-250,250,"iron-hyena-pack-pressure","iron-hyena-pack-pressure",False,11,3,1,3,3,7,7,5,,2,0,2,0,0,0,1,0,1,0,0,0,4,2,4,2,0,0,0,1,0,2,0,1,0,0,"","iron.ancestor.firstpack",0,0,0,2,0,1,0,0,0,0,0,0,3,1,0,0,3,1,6,4,6,4,6,4,3,1,3,3,18,14,0,0,0,0,0,0,0,0,0,0,4,3,1,1,16,4
game-251,251,"iron-hyena-pack-pressure","iron-hyena-pack-pressure",False,13,4,3,2,3,5,5,6,,2,0,2,0,0,0,1,0,1,0,0,0,4,4,4,2,0,0,0,0,0,2,0,2,0,0,"","iron.ancestor.firstpack",0,1,0,4,0,4,0,0,0,0,1,0,3,16,0,3,3,1,10,13,10,12,10,12,2,6,5,6,22,26,0,0,0,0,2,0,0,0,0,0,4,3,0,1,20,23
game-252,252,"iron-hyena-pack-pressure","iron-hyena-pack-pressure",False,15,4,3,2,3,5,5,6,,2,0,2,0,0,0,2,0,2,0,0,0,6,6,5,6,1,0,0,0,0,5,0,3,0,0,"","iron.ancestor.firstpack",0,0,0,2,0,5,0,0,0,0,0,0,3,5,1,2,2,3,9,8,9,8,9,8,1,3,6,6,23,24,0,1,0,0,0,1,0,0,0,1,4,3,0,1,7,25
game-253,253,"iron-hyena-pack-pressure","iron-hyena-pack-pressure",False,14,4,2,3,3,7,5,6,,1,0,1,0,0,0,1,0,1,0,0,0,4,2,4,2,0,0,0,0,0,3,0,2,0,0,"","iron.ancestor.firstpack",0,0,0,2,0,4,0,0,0,0,0,0,5,7,2,2,2,2,10,8,10,8,10,8,4,4,5,6,24,22,0,1,0,0,2,2,1,0,0,0,4,3,0,0,4,19
game-254,254,"iron-hyena-pack-pressure","iron-hyena-pack-pressure",False,11,3,1,3,3,6,7,5,,1,0,1,0,0,0,1,0,1,0,0,0,6,4,4,3,0,0,0,0,0,1,0,1,0,0,"","iron.ancestor.firstpack",0,0,0,2,0,1,0,0,0,0,0,0,7,1,1,0,1,1,11,4,11,4,11,4,2,1,5,3,23,14,0,0,0,0,0,1,0,0,0,0,4,3,1,1,10,4
game-255,255,"iron-hyena-pack-pressure","iron-hyena-pack-pressure",False,12,3,3,1,3,7,5,6,,1,0,1,0,0,0,1,0,1,0,0,0,4,4,4,3,0,0,0,0,0,4,0,2,0,0,"","iron.ancestor.firstpack",0,0,0,2,0,3,0,0,0,0,0,0,6,7,1,1,1,3,8,11,8,11,8,11,3,4,5,5,20,23,0,0,0,0,1,0,0,0,0,0,4,3,1,0,5,18
game-256,256,"iron-hyena-pack-pressure","iron-hyena-pack-pressure",False,13,4,3,2,3,7,10,5,,1,0,1,0,0,0,2,0,2,0,0,0,2,6,2,4,0,0,0,0,0,2,0,1,0,0,"","iron.ancestor.firstpack",0,0,0,2,0,2,0,0,0,0,0,0,3,1,0,1,1,0,7,6,7,6,7,6,2,1,5,4,19,20,0,0,0,0,0,0,0,0,0,0,4,3,0,1,4,24
game-257,257,"iron-hyena-pack-pressure","iron-hyena-pack-pressure",False,10,3,3,0,3,5,5,,,0,0,0,0,0,0,0,0,0,0,0,0,0,0,0,0,0,0,0,0,0,4,0,2,0,0,"","iron.ancestor.firstpack",0,0,0,2,0,2,0,0,0,0,0,0,0,0,0,0,0,0,2,7,2,7,2,7,0,0,1,4,12,17,0,0,0,0,0,0,0,0,0,0,4,3,1,0,2,12
game-258,258,"iron-hyena-pack-pressure","iron-hyena-pack-pressure",False,10,3,3,1,3,5,5,6,,1,0,1,0,0,0,0,0,0,0,0,0,2,0,2,0,0,0,0,0,0,3,0,2,0,0,"","iron.ancestor.firstpack",0,0,0,2,0,2,0,0,0,0,0,0,1,1,0,0,1,1,3,7,3,7,3,7,2,1,3,4,13,17,0,0,0,0,0,0,0,0,0,0,4,3,1,0,9,12
game-259,259,"iron-hyena-pack-pressure","iron-hyena-pack-pressure",False,13,4,3,2,3,7,5,6,,1,0,1,0,0,0,0,0,0,0,0,0,2,0,2,0,0,0,0,0,0,8,0,4,0,0,"","iron.ancestor.firstpack",0,0,0,2,0,4,0,0,0,0,0,0,5,3,2,2,2,0,9,12,8,11,8,11,2,3,4,6,20,25,0,0,0,0,2,1,2,0,0,0,4,3,0,1,6,25
game-260,260,"iron-hyena-pack-pressure","iron-hyena-pack-pressure",False,13,4,3,2,3,5,5,9,,2,0,2,0,0,0,0,0,0,0,0,0,4,0,4,0,0,0,0,0,0,6,0,4,0,0,"","iron.ancestor.firstpack",0,1,0,4,0,4,0,0,0,0,0,0,7,2,1,1,3,0,7,10,7,9,7,9,2,3,5,6,19,23,0,0,0,0,0,0,0,0,0,0,4,3,0,1,8,24
game-261,261,"iron-hyena-pack-pressure","iron-hyena-pack-pressure",False,15,4,3,2,3,7,7,11,,1,0,1,0,0,0,1,0,1,0,0,0,4,2,4,2,0,0,0,0,0,3,0,2,0,0,"","iron.ancestor.smithpassedfang",0,1,0,4,0,4,0,0,0,0,1,0,14,0,3,0,3,0,5,6,5,6,5,6,3,3,4,3,19,22,0,0,0,0,1,0,0,0,0,1,4,3,0,1,13,22
game-262,262,"iron-hyena-pack-pressure","iron-hyena-pack-pressure",False,13,4,3,2,3,8,5,6,,1,0,1,0,0,0,1,0,1,0,0,0,2,4,2,4,0,0,0,0,0,1,0,1,0,0,"","iron.ancestor.smithpassedfang",0,0,0,2,0,4,0,0,0,0,2,0,11,0,1,0,5,0,6,8,6,8,6,8,2,3,4,3,18,22,0,0,0,0,0,0,0,0,0,0,4,3,0,1,9,27
game-263,263,"iron-hyena-pack-pressure","iron-hyena-pack-pressure",False,13,4,3,2,3,7,5,9,,1,0,1,0,0,0,1,0,1,0,0,0,2,4,2,2,0,0,1,0,0,2,0,2,0,0,"","iron.ancestor.smithpassedfang",0,1,0,4,0,4,0,0,0,0,0,0,4,4,1,0,3,2,6,9,6,9,6,9,2,3,3,4,18,23,0,0,0,0,0,0,0,0,0,0,4,3,0,1,8,22
game-264,264,"iron-hyena-pack-pressure","iron-hyena-pack-pressure",False,13,4,3,2,3,7,10,11,,1,0,1,0,0,0,0,0,0,0,0,0,4,0,4,0,0,0,0,0,0,2,0,1,0,0,"","iron.ancestor.firstpack",0,0,0,2,0,2,0,0,0,0,0,0,1,2,1,0,0,2,7,11,7,10,7,10,1,3,5,4,19,24,0,0,0,0,0,0,0,0,0,0,4,3,0,1,6,15
game-265,265,"iron-hyena-pack-pressure","iron-hyena-pack-pressure",False,11,3,1,3,3,6,5,9,,1,0,1,0,0,0,0,0,0,0,0,0,4,0,4,0,0,0,0,0,0,2,0,1,0,0,"","iron.ancestor.firstpack",0,0,0,2,0,2,0,0,0,0,0,0,0,7,0,2,0,2,11,3,10,3,10,3,2,1,5,3,22,13,0,0,0,0,0,0,0,0,0,0,4,3,1,1,12,10
game-266,266,"iron-hyena-pack-pressure","iron-hyena-pack-pressure",False,13,4,3,2,3,7,5,,,0,0,0,0,0,0,0,0,0,0,0,0,0,0,0,0,0,0,0,0,0,3,0,2,0,0,"","iron.ancestor.smithpassedfang",0,1,0,4,0,4,0,0,0,0,1,0,8,2,1,0,3,2,8,5,8,5,8,5,3,2,3,3,20,19,0,0,0,0,0,1,0,0,0,0,4,3,0,1,10,20
game-267,267,"iron-hyena-pack-pressure","iron-hyena-pack-pressure",False,11,3,2,3,3,5,5,,,0,0,0,0,0,0,0,0,0,0,0,0,0,0,0,0,0,0,0,0,0,1,0,1,0,0,"","iron.ancestor.firstpack",0,0,0,2,0,2,0,0,0,0,0,0,0,3,0,1,0,2,8,8,8,7,8,7,1,0,3,4,20,17,0,0,0,0,0,0,0,0,0,0,4,3,1,1,14,10
game-268,268,"iron-hyena-pack-pressure","iron-hyena-pack-pressure",False,13,4,3,2,3,7,7,9,,1,0,1,0,0,0,0,0,0,0,0,0,2,0,2,0,0,0,0,0,0,1,0,1,0,0,"","iron.ancestor.firstpack",0,0,0,2,0,3,0,0,0,0,0,0,19,1,1,1,5,0,10,13,10,11,10,11,3,3,5,5,22,25,0,0,0,0,0,1,0,1,0,0,5,3,0,1,11,17
game-269,269,"iron-hyena-pack-pressure","iron-hyena-pack-pressure",False,12,3,3,2,3,5,5,9,,1,0,1,0,0,0,1,0,1,0,0,0,4,2,3,2,0,0,0,0,0,1,0,1,0,0,"","iron.ancestor.smithpassedfang",0,0,0,2,0,3,0,0,0,0,2,0,2,6,1,0,1,6,11,8,11,8,11,8,3,2,5,5,23,20,0,0,0,0,0,0,0,0,0,0,4,3,1,0,12,17
game-270,270,"iron-hyena-pack-pressure","iron-hyena-pack-pressure",False,13,4,3,1,3,7,10,5,,1,0,1,0,0,0,1,0,1,0,0,0,4,2,4,2,0,0,0,0,0,3,0,2,0,0,"","iron.ancestor.firstpack",0,0,0,2,0,2,0,0,0,0,0,0,3,3,1,2,2,1,4,12,4,11,4,11,1,3,2,6,16,25,0,0,0,0,0,1,0,0,0,0,4,3,0,1,4,24
game-271,271,"iron-hyena-pack-pressure","iron-hyena-pack-pressure",False,15,4,3,2,3,7,5,9,,1,0,1,0,0,0,1,0,1,0,0,0,4,4,4,3,0,0,0,0,0,6,0,4,0,0,"","iron.ancestor.firstpack",0,0,0,2,0,5,0,0,0,0,0,0,4,14,1,2,3,1,7,12,7,12,7,12,2,4,4,7,21,28,0,0,0,0,1,0,0,0,0,1,4,3,0,1,18,16
game-272,272,"iron-hyena-pack-pressure","iron-hyena-pack-pressure",False,15,4,3,2,3,6,10,5,,2,0,2,0,0,0,3,0,3,0,0,0,4,12,4,10,0,0,0,0,0,1,0,1,0,0,"","iron.ancestor.firstpack",0,0,0,2,0,3,0,0,0,0,0,0,8,5,2,0,5,5,8,14,8,13,8,13,3,6,6,7,22,29,0,0,0,0,0,0,0,0,0,1,4,3,0,1,7,19
game-273,273,"iron-hyena-pack-pressure","iron-hyena-pack-pressure",False,11,3,1,3,3,5,5,8,,2,0,2,0,0,0,1,0,1,0,0,0,12,2,7,2,0,0,0,0,0,1,0,1,0,0,"","iron.ancestor.firstpack",0,0,0,2,0,2,0,0,0,0,0,0,1,1,0,0,1,1,10,5,10,5,10,5,3,1,4,4,22,15,0,0,0,0,0,0,0,0,0,0,4,3,1,1,19,10
game-274,274,"iron-hyena-pack-pressure","iron-hyena-pack-pressure",False,13,4,3,1,3,7,5,7,,1,0,1,0,0,0,1,0,1,0,0,0,2,2,2,2,0,0,0,0,0,3,0,3,0,0,"","iron.ancestor.smithpassedfang",0,1,0,4,0,4,0,0,0,0,1,0,5,4,2,1,1,3,7,8,7,8,7,8,1,2,3,4,19,22,0,0,0,0,0,1,0,0,0,0,4,3,0,1,7,15
game-275,275,"iron-hyena-pack-pressure","iron-hyena-pack-pressure",False,11,3,2,3,3,7,5,11,,1,0,1,0,0,0,0,0,0,0,0,0,8,0,3,0,0,0,0,0,0,1,0,1,0,0,"","iron.ancestor.firstpack",0,0,0,2,0,2,0,0,0,0,0,0,3,5,1,2,2,3,13,8,11,7,11,7,0,0,5,4,23,17,0,0,0,0,1,1,0,1,0,0,4,3,1,1,16,7
game-276,276,"iron-hyena-pack-pressure","iron-hyena-pack-pressure",False,9,3,1,3,3,6,5,,,0,0,0,0,0,0,0,0,0,0,0,0,0,0,0,0,0,0,0,0,0,1,0,1,0,0,"","iron.ancestor.smithpassedfang",0,0,0,2,0,1,0,0,0,0,1,0,0,0,0,0,0,0,9,0,9,0,9,0,0,0,4,0,19,8,0,0,0,0,0,0,0,0,0,0,4,3,1,1,21,8
game-277,277,"iron-hyena-pack-pressure","iron-hyena-pack-pressure",False,15,4,3,2,3,5,10,7,,0,0,0,0,0,0,1,0,1,0,0,0,0,2,0,2,0,0,0,0,0,2,0,1,0,0,"","iron.ancestor.firstpack",0,0,0,2,0,3,0,0,0,0,0,0,7,8,3,1,1,3,9,12,9,11,9,11,3,4,6,5,23,27,0,0,0,0,0,3,0,0,0,1,4,3,0,1,11,17
game-278,278,"iron-hyena-pack-pressure","iron-hyena-pack-pressure",False,13,4,3,1,3,6,5,10,,1,0,1,0,0,0,1,0,1,0,0,0,4,2,4,2,0,0,0,0,0,6,0,4,0,0,"","iron.ancestor.firstpack",0,0,0,2,0,4,0,0,0,0,0,0,2,11,2,2,0,3,7,13,7,12,7,12,2,4,5,6,19,26,0,0,0,0,0,1,0,0,0,0,4,3,0,1,9,17
game-279,279,"iron-hyena-pack-pressure","iron-hyena-pack-pressure",False,11,3,2,3,3,5,10,6,,1,0,1,0,0,0,0,0,0,0,0,0,2,0,2,0,0,0,0,0,0,2,0,1,0,0,"","iron.ancestor.firstpack",0,0,0,2,0,0,0,0,0,0,0,0,2,0,0,0,2,0,8,2,7,2,7,2,2,0,4,1,19,12,0,0,0,0,0,0,0,0,0,0,4,3,1,1,14,10
game-280,280,"iron-hyena-pack-pressure","iron-hyena-pack-pressure",False,13,4,3,2,4,7,5,9,,2,0,2,0,0,0,1,0,1,0,0,0,6,8,6,3,0,0,0,0,0,2,0,2,0,0,"","iron.ancestor.smithpassedfang",0,1,0,4,0,4,0,0,0,0,1,0,13,0,1,0,6,0,8,10,7,8,7,8,3,3,4,3,19,22,0,0,0,0,0,1,0,1,0,0,4,6,0,1,7,23
game-281,281,"iron-hyena-pack-pressure","iron-hyena-pack-pressure",False,12,3,3,2,3,6,7,5,,1,0,1,0,0,0,1,0,1,0,0,0,2,2,2,2,0,0,0,0,0,2,0,1,0,0,"","iron.ancestor.firstpack",0,0,0,2,0,2,0,0,0,0,0,0,3,3,0,2,3,1,6,8,6,8,6,8,0,2,4,4,18,20,0,0,0,0,0,1,0,0,0,0,4,3,1,0,11,19
game-282,282,"iron-hyena-pack-pressure","iron-hyena-pack-pressure",False,13,4,3,2,3,5,5,11,,1,0,1,0,0,0,1,0,1,0,0,0,6,4,4,4,0,0,0,0,0,1,0,1,0,0,"","iron.ancestor.firstpack",0,0,0,2,0,4,0,0,0,0,0,0,3,5,1,2,2,1,5,12,5,12,5,12,0,3,2,6,17,26,0,0,0,0,1,0,0,0,0,0,4,3,0,1,11,22
game-283,283,"iron-hyena-pack-pressure","iron-hyena-pack-pressure",False,13,4,3,2,3,5,5,6,,2,0,2,0,0,0,1,0,1,0,0,0,4,2,4,2,0,0,0,0,0,6,0,4,0,0,"","iron.ancestor.firstpack",0,0,0,2,0,4,0,0,0,0,0,0,17,2,1,0,4,2,10,10,9,9,9,9,6,2,4,6,21,23,0,0,0,0,0,1,0,0,0,0,4,3,0,1,14,22
game-284,284,"iron-hyena-pack-pressure","iron-hyena-pack-pressure",False,13,4,3,1,3,7,12,10,,0,0,0,0,0,0,1,0,1,0,0,0,0,2,0,2,2,0,0,0,0,1,0,1,0,0,"","iron.ancestor.firstpack",0,0,0,2,0,1,0,0,0,0,0,0,0,4,0,1,0,3,8,8,8,8,8,8,2,5,5,4,20,22,0,0,0,0,0,0,0,0,0,0,4,3,0,1,4,20
game-285,285,"iron-hyena-pack-pressure","iron-hyena-pack-pressure",False,15,4,3,2,3,5,5,5,,1,0,1,0,0,0,2,0,2,0,0,0,2,6,2,5,0,0,3,0,0,8,0,5,0,0,"","iron.ancestor.firstpack",0,0,0,2,0,5,0,0,0,0,0,0,8,2,3,2,2,0,9,12,9,12,9,12,3,3,6,7,23,28,0,0,0,0,0,0,0,0,0,1,4,3,0,1,4,21
game-286,286,"iron-hyena-pack-pressure","iron-hyena-pack-pressure",False,9,3,1,3,3,5,5,,,0,0,0,0,0,0,0,0,0,0,0,0,0,0,0,0,0,0,0,0,0,2,0,1,0,0,"","iron.ancestor.firstpack",0,0,0,2,0,1,0,0,0,0,0,0,0,0,0,0,0,0,6,5,6,5,6,5,0,0,4,3,16,13,0,0,0,0,0,0,0,0,0,0,4,3,1,1,20,11
game-287,287,"iron-hyena-pack-pressure","iron-hyena-pack-pressure",False,13,4,3,2,3,7,10,9,,1,0,1,0,0,0,1,0,1,0,0,0,2,6,2,4,0,0,0,0,0,1,0,1,0,0,"","iron.ancestor.firstpack",0,0,0,2,0,2,0,0,0,0,0,0,8,0,2,0,6,0,8,16,7,11,7,11,0,3,3,4,19,25,0,0,0,0,0,1,0,1,0,0,4,3,0,1,9,16
game-288,288,"iron-hyena-pack-pressure","iron-hyena-pack-pressure",False,12,3,3,2,3,5,5,5,,2,0,2,0,0,0,2,0,2,0,0,0,6,6,5,5,0,0,0,0,1,3,1,3,0,0,"iron.ancestor.firstpack","iron.ancestor.firstpack",0,1,2,4,0,3,0,0,0,0,0,0,2,3,1,2,1,1,9,9,9,9,9,9,3,2,5,5,21,21,0,0,0,0,0,1,0,0,0,0,4,3,1,0,10,12
game-289,289,"iron-hyena-pack-pressure","iron-hyena-pack-pressure",False,11,3,2,3,3,5,5,10,,0,0,0,0,0,0,1,0,1,0,0,0,0,4,0,4,0,0,0,0,0,1,0,1,0,0,"","iron.ancestor.firstpack",0,0,0,2,0,2,0,0,0,0,0,0,3,2,1,0,2,2,9,6,9,6,9,6,3,0,5,4,21,16,0,0,0,0,0,0,0,0,0,0,4,3,1,1,11,11
game-290,290,"iron-hyena-pack-pressure","iron-hyena-pack-pressure",False,12,3,3,1,3,5,5,7,,1,0,1,0,0,0,2,0,2,0,0,0,4,6,4,6,0,0,0,0,0,3,0,2,0,0,"","iron.ancestor.firstpack",0,0,0,2,0,3,0,0,0,0,0,0,1,6,1,1,0,3,4,10,4,10,4,10,2,4,2,5,16,22,0,0,0,0,0,1,0,0,0,0,4,3,1,0,5,23
game-291,291,"iron-hyena-pack-pressure","iron-hyena-pack-pressure",False,13,4,3,2,3,5,5,9,,2,0,2,0,0,0,1,0,1,0,0,0,14,4,8,4,0,0,0,0,0,1,0,1,0,0,"","iron.ancestor.firstpack",0,0,0,2,0,4,0,0,0,0,0,0,20,4,1,2,8,2,12,11,11,11,11,11,3,2,5,6,23,25,0,0,0,0,0,1,0,0,0,0,4,3,0,1,10,21
game-292,292,"iron-hyena-pack-pressure","iron-hyena-pack-pressure",False,13,4,3,1,3,7,10,5,,1,1,0,0,0,0,2,0,2,0,0,0,0,4,0,4,0,0,2,1,0,6,0,3,0,0,"","iron.ancestor.firstpack",0,0,0,2,0,2,0,0,0,0,0,0,1,3,1,2,0,1,3,8,3,8,3,8,0,2,2,6,15,22,0,0,0,0,0,2,0,0,0,0,4,3,0,1,2,22
game-293,293,"iron-hyena-pack-pressure","iron-hyena-pack-pressure",False,14,4,2,3,3,7,5,6,,2,0,2,0,0,0,0,0,0,0,0,0,4,0,4,0,0,0,0,0,0,6,0,4,0,0,"","iron.ancestor.firstpack",0,0,0,2,0,4,0,0,0,0,0,0,4,2,2,1,1,1,10,7,10,7,10,7,3,0,5,6,24,21,0,1,0,0,1,1,0,0,0,0,4,3,0,0,4,20
game-294,294,"iron-hyena-pack-pressure","iron-hyena-pack-pressure",False,12,3,3,2,3,7,10,10,,1,0,1,0,0,0,1,0,1,0,0,0,6,4,4,4,0,0,0,0,0,1,0,1,0,0,"","iron.ancestor.firstpack",0,0,0,2,0,1,0,0,0,0,0,0,4,0,0,0,1,0,5,8,5,8,5,8,4,3,3,3,17,20,0,0,0,0,0,0,0,0,0,0,4,3,1,0,12,11
game-295,295,"iron-hyena-pack-pressure","iron-hyena-pack-pressure",False,15,4,3,2,3,7,5,10,,0,0,0,0,0,0,2,0,2,0,0,0,0,6,0,6,0,0,0,0,0,10,0,5,0,0,"","iron.ancestor.firstpack",0,0,0,2,0,5,0,0,0,0,0,0,8,15,3,3,1,4,13,14,11,13,11,13,3,5,5,7,25,29,1,0,0,0,0,3,0,1,0,1,4,3,0,1,12,20
game-296,296,"iron-hyena-pack-pressure","iron-hyena-pack-pressure",False,13,4,3,1,3,7,5,9,,1,0,1,0,0,0,1,0,1,0,0,0,2,2,2,2,0,0,1,0,0,2,0,2,0,0,"","iron.ancestor.smithpassedfang",0,1,0,4,0,4,0,0,0,0,1,0,2,5,1,1,1,2,5,8,5,8,5,8,2,4,3,4,17,22,0,0,0,0,0,0,0,0,0,0,4,3,0,1,14,17
game-297,297,"iron-hyena-pack-pressure","iron-hyena-pack-pressure",False,14,4,2,3,3,5,7,7,,1,0,1,0,0,0,2,0,2,0,0,0,2,4,2,4,0,0,0,1,0,1,0,1,0,0,"","iron.ancestor.firstpack",0,0,0,2,0,3,0,0,0,0,0,0,1,7,0,3,1,4,10,8,10,8,10,8,2,2,6,6,24,22,0,0,0,0,0,1,0,0,0,0,4,3,0,0,16,21
game-298,298,"iron-hyena-pack-pressure","iron-hyena-pack-pressure",False,13,4,3,2,3,7,5,7,,1,0,1,0,0,0,2,0,2,0,0,0,4,6,4,6,0,0,0,0,0,2,0,1,0,0,"","iron.ancestor.firstpack",0,0,0,2,0,4,0,0,0,0,0,0,4,6,1,0,3,2,3,14,3,12,3,12,0,5,1,6,15,26,0,0,0,0,1,0,0,0,0,0,4,3,0,1,7,21
game-299,299,"iron-hyena-pack-pressure","iron-hyena-pack-pressure",False,15,4,3,2,3,5,5,7,,1,0,1,0,0,0,1,0,1,0,0,0,12,2,4,2,1,0,0,0,0,4,0,3,0,0,"","iron.ancestor.firstpack",0,1,0,4,0,5,0,0,0,0,0,0,3,3,1,3,0,0,11,7,11,7,11,7,4,2,6,6,25,23,0,1,0,0,1,2,0,1,0,1,4,3,0,1,4,26
game-300,300,"iron-hyena-pack-pressure","iron-hyena-pack-pressure",False,14,4,2,3,3,7,5,5,,2,0,2,0,0,0,1,0,1,0,0,0,4,2,4,2,0,0,0,0,0,5,0,4,0,0,"","iron.ancestor.firstpack",0,0,0,2,0,4,0,0,0,0,0,0,8,1,2,0,6,1,8,11,8,11,8,11,2,2,5,6,22,25,0,0,0,0,1,0,0,0,0,0,4,3,0,0,7,22
game-301,301,"iron-hyena-pack-pressure","iron-hyena-pack-pressure",False,11,3,2,3,3,5,5,8,,1,0,1,0,0,0,1,0,1,0,0,0,2,4,2,4,0,0,0,0,0,1,0,1,0,0,"","iron.ancestor.firstpack",0,0,0,2,0,2,0,0,0,0,0,0,0,6,0,0,0,3,7,6,7,6,7,6,1,1,3,4,19,16,0,0,0,0,0,0,0,0,0,0,4,3,1,1,13,11
game-302,302,"iron-hyena-pack-pressure","iron-hyena-pack-pressure",False,14,4,2,3,3,7,5,11,,1,0,1,0,0,0,1,0,1,0,0,0,6,2,4,2,0,0,0,0,0,5,0,3,0,0,"","iron.ancestor.firstpack",0,0,0,2,0,4,0,0,0,0,0,0,9,6,3,1,0,1,13,10,12,10,12,10,5,3,6,6,26,24,0,0,0,0,1,2,0,0,0,0,4,3,0,0,11,14
game-303,303,"iron-hyena-pack-pressure","iron-hyena-pack-pressure",False,13,4,3,2,3,7,5,9,,1,0,1,0,0,0,1,0,1,0,0,0,4,4,3,4,0,0,0,0,0,4,0,3,0,0,"","iron.ancestor.firstpack",0,0,0,2,0,4,0,0,0,0,0,0,21,2,1,0,5,2,12,8,10,8,10,8,5,2,5,6,22,22,0,0,0,0,0,0,0,0,0,0,4,3,0,1,8,21
game-304,304,"iron-hyena-pack-pressure","iron-hyena-pack-pressure",False,15,4,3,2,3,8,10,5,,2,0,2,0,0,0,2,0,2,0,0,0,4,6,4,4,0,0,1,0,0,1,0,1,0,0,"","iron.ancestor.firstpack",0,0,0,2,0,3,0,0,0,0,0,0,8,1,3,0,2,1,7,15,7,14,7,14,4,6,5,7,21,30,0,0,0,0,0,0,0,0,0,1,4,3,0,1,11,20
game-305,305,"iron-hyena-pack-pressure","iron-hyena-pack-pressure",False,13,4,3,2,3,5,5,8,,2,0,2,0,0,0,1,0,1,0,0,0,4,4,4,4,0,0,1,0,0,2,0,1,0,0,"","iron.ancestor.firstpack",0,0,0,2,0,4,0,0,0,0,0,0,6,3,1,1,1,0,6,12,5,12,5,12,3,5,3,6,17,26,0,0,0,0,1,1,1,0,0,0,4,3,0,1,10,20
game-306,306,"iron-hyena-pack-pressure","iron-hyena-pack-pressure",False,14,4,2,3,3,5,7,7,,2,0,2,0,0,0,2,0,2,0,0,0,6,4,6,4,0,0,1,0,0,5,0,3,0,0,"","iron.ancestor.firstpack",0,0,0,2,0,3,0,0,0,0,0,0,9,2,2,0,5,2,9,11,9,10,9,10,4,4,6,6,23,24,0,0,0,0,0,1,0,0,0,0,4,3,0,0,8,22
game-307,307,"iron-hyena-pack-pressure","iron-hyena-pack-pressure",False,11,3,2,3,3,5,5,,,0,0,0,0,0,0,0,0,0,0,0,0,0,0,0,0,0,0,0,0,0,1,0,1,0,0,"","iron.ancestor.firstpack",0,0,0,2,0,2,0,0,0,0,0,0,8,2,0,0,4,2,15,5,12,5,12,5,3,0,5,4,24,15,0,0,0,0,0,0,0,0,0,0,4,3,1,1,15,11
game-308,308,"iron-hyena-pack-pressure","iron-hyena-pack-pressure",False,16,4,2,3,3,7,5,5,,2,0,2,0,0,0,1,0,1,0,0,0,6,2,5,2,0,0,0,0,0,1,0,1,0,0,"","iron.ancestor.firstpack",0,0,0,2,0,5,0,0,0,0,0,0,4,8,1,3,3,1,14,11,13,11,13,11,3,3,7,6,29,27,0,0,0,0,1,0,1,0,1,1,4,3,0,0,11,16
game-309,309,"iron-hyena-pack-pressure","iron-hyena-pack-pressure",False,11,3,1,3,3,6,5,8,,1,0,1,0,0,0,0,0,0,0,0,0,4,0,3,0,0,0,0,0,0,1,0,1,0,0,"","iron.ancestor.firstpack",0,0,0,2,0,2,0,0,0,0,0,0,3,6,0,1,3,1,10,8,10,8,10,8,3,2,5,4,22,18,0,0,0,0,1,0,1,0,0,0,4,3,1,1,12,9
game-310,310,"iron-hyena-pack-pressure","iron-hyena-pack-pressure",False,12,3,3,2,3,5,5,10,,0,0,0,0,0,0,1,0,1,0,0,0,0,6,0,4,0,0,0,0,0,3,0,3,0,0,"","iron.ancestor.firstpack",0,0,0,2,0,3,0,0,0,0,0,0,7,10,1,0,2,4,12,13,10,12,10,12,3,4,5,5,22,24,0,0,0,0,0,0,0,0,0,0,4,3,1,0,9,21
game-311,311,"iron-hyena-pack-pressure","iron-hyena-pack-pressure",False,13,4,3,1,3,5,10,7,,1,0,1,0,0,0,1,0,1,0,0,0,2,2,2,2,0,0,0,0,0,5,0,3,0,0,"","iron.ancestor.firstpack",0,0,0,2,0,2,0,0,0,0,0,0,2,0,1,0,1,0,2,8,2,7,2,7,1,2,2,4,14,21,0,0,0,0,1,0,0,0,0,0,4,3,0,1,5,27
game-312,312,"iron-hyena-pack-pressure","iron-hyena-pack-pressure",False,13,4,3,2,3,6,5,13,,0,0,0,0,0,0,1,0,1,0,0,0,0,4,0,2,0,0,0,0,0,6,0,4,0,0,"","iron.ancestor.firstpack",0,0,0,2,0,4,0,0,0,0,0,0,21,11,2,2,5,4,6,12,6,11,6,11,2,3,5,6,18,25,1,0,0,0,0,1,0,0,0,0,4,3,0,1,9,23
game-313,313,"iron-hyena-pack-pressure","iron-hyena-pack-pressure",False,10,3,3,1,3,5,5,7,,1,0,1,0,0,0,1,0,1,0,0,0,4,4,4,3,0,0,0,0,0,4,0,2,0,0,"","iron.ancestor.firstpack",0,0,0,2,0,2,0,0,0,0,0,0,3,1,0,0,1,1,3,12,3,10,3,10,2,3,2,4,13,20,0,0,0,0,0,0,0,0,0,0,4,3,1,0,4,11
game-314,314,"iron-hyena-pack-pressure","iron-hyena-pack-pressure",False,13,4,3,2,3,7,5,5,,1,0,1,0,0,0,1,0,1,0,0,0,8,4,4,4,0,0,0,0,0,5,0,3,0,0,"","iron.ancestor.firstpack",0,0,0,2,0,4,0,0,0,0,0,0,14,5,2,1,1,4,10,12,9,12,9,12,5,6,5,6,21,26,0,0,0,0,0,1,0,0,0,0,4,3,0,1,11,19
game-315,315,"iron-hyena-pack-pressure","iron-hyena-pack-pressure",False,11,3,2,3,3,6,5,10,,1,0,1,0,0,0,1,0,1,0,0,0,6,4,2,4,0,0,0,0,0,1,0,1,0,0,"","iron.ancestor.firstpack",0,0,0,2,0,2,0,0,0,0,0,0,0,14,0,0,0,9,11,6,10,6,10,6,0,2,5,3,22,16,0,0,0,0,0,0,0,0,0,0,4,3,1,1,10,9
game-316,316,"iron-hyena-pack-pressure","iron-hyena-pack-pressure",False,12,3,3,2,3,7,5,5,,1,0,1,0,0,0,2,0,2,0,0,0,4,6,4,4,0,0,0,1,0,4,0,3,0,0,"","iron.ancestor.firstpack",0,0,0,2,0,3,0,0,0,0,0,0,4,5,0,1,1,3,8,11,7,10,7,10,2,5,5,5,19,22,0,0,0,0,0,0,0,0,0,0,4,3,1,0,7,16
game-317,317,"iron-hyena-pack-pressure","iron-hyena-pack-pressure",False,15,4,3,2,3,7,7,6,,1,0,1,0,0,0,1,0,1,0,0,0,2,4,2,4,0,0,0,0,0,6,0,4,0,0,"","iron.ancestor.firstpack",0,0,0,2,0,4,0,0,0,0,0,0,6,17,2,1,4,4,9,12,9,10,9,10,2,3,5,5,23,26,0,0,0,0,0,0,0,0,0,1,4,3,0,1,5,13
game-318,318,"iron-hyena-pack-pressure","iron-hyena-pack-pressure",False,11,3,1,3,3,7,7,5,,1,0,1,0,0,0,1,0,1,0,0,0,2,2,2,2,0,0,0,0,0,2,0,1,0,0,"","iron.ancestor.firstpack",0,0,0,2,0,1,0,0,0,0,0,0,3,1,1,0,1,1,9,4,9,4,9,4,3,1,5,4,21,14,0,0,0,0,0,1,0,0,0,0,4,3,1,1,17,7
game-319,319,"iron-hyena-pack-pressure","iron-hyena-pack-pressure",False,13,4,3,2,3,6,10,9,,1,0,1,0,0,0,1,0,1,0,0,0,4,6,4,3,0,0,0,0,0,1,0,1,0,0,"","iron.ancestor.firstpack",0,0,0,2,0,2,0,0,0,0,0,0,6,3,1,1,2,2,8,12,7,10,7,10,1,2,3,4,19,24,0,0,0,0,0,0,0,0,0,0,4,3,0,1,12,12
game-320,320,"iron-hyena-pack-pressure","iron-hyena-pack-pressure",False,14,4,2,3,3,7,5,5,,2,0,2,0,0,0,2,0,2,0,0,0,6,6,4,6,0,0,0,0,0,1,0,1,0,0,"","iron.ancestor.firstpack",0,0,0,2,0,4,0,0,0,0,0,0,15,15,1,3,2,5,15,9,14,8,14,8,7,3,6,5,28,22,0,0,0,0,2,1,2,0,0,0,4,3,0,0,12,21
game-321,321,"iron-hyena-pack-pressure","iron-hyena-pack-pressure",False,12,3,3,1,3,5,5,9,,2,0,2,0,0,0,1,0,1,0,0,0,10,4,6,2,0,0,1,0,0,3,0,2,0,0,"","iron.ancestor.firstpack",0,0,0,2,0,3,0,0,0,0,0,0,4,10,0,0,4,2,7,12,7,10,7,10,4,3,3,5,19,22,0,0,0,0,0,0,0,0,0,0,4,3,1,0,9,22
game-322,322,"iron-hyena-pack-pressure","iron-hyena-pack-pressure",False,14,4,2,3,3,5,5,7,,1,0,1,0,0,0,2,0,2,0,0,0,2,4,2,4,0,0,0,0,0,5,0,3,0,0,"","iron.ancestor.firstpack",0,0,0,2,0,4,0,0,0,0,0,0,4,3,1,1,1,2,13,7,12,7,12,7,4,2,6,5,26,21,0,0,0,0,0,0,0,0,0,0,4,3,0,0,3,26
game-323,323,"iron-hyena-pack-pressure","iron-hyena-pack-pressure",False,10,3,3,1,3,5,5,6,,1,0,1,0,0,0,1,0,1,0,0,0,2,2,2,2,0,0,0,0,0,3,0,2,0,0,"","iron.ancestor.firstpack",0,0,0,2,0,2,0,0,0,0,0,0,3,2,0,0,3,2,4,8,4,8,4,8,2,3,3,4,14,18,0,0,0,0,0,0,0,0,0,0,4,3,1,0,12,11
game-324,324,"iron-hyena-pack-pressure","iron-hyena-pack-pressure",False,11,3,1,3,3,8,5,6,,1,0,1,0,0,0,1,0,1,0,0,0,2,2,2,2,0,0,0,0,0,1,0,1,0,0,"","iron.ancestor.smithpassedfang",0,0,0,2,0,2,0,0,0,0,1,0,2,9,1,3,1,2,13,3,11,3,11,3,2,3,5,1,23,13,0,0,0,0,2,1,0,0,0,0,4,3,1,1,18,7
game-325,325,"iron-hyena-pack-pressure","iron-hyena-pack-pressure",False,15,4,3,1,3,7,10,5,,0,0,0,0,0,0,3,0,3,0,0,0,0,8,0,8,0,0,0,0,0,1,0,1,0,0,"","iron.ancestor.smithpassedfang",0,0,0,2,0,3,0,0,0,0,2,0,2,7,0,3,2,3,5,9,5,8,5,8,0,6,3,6,19,24,0,2,0,0,1,0,0,0,0,1,4,3,0,1,4,19
game-326,326,"iron-hyena-pack-pressure","iron-hyena-pack-pressure",False,14,4,2,3,3,7,5,5,,1,0,1,0,0,0,2,1,1,0,0,0,2,2,2,2,0,1,0,0,0,6,0,4,0,0,"","iron.ancestor.firstpack",0,0,0,2,0,4,0,0,0,0,0,0,21,5,2,1,3,3,9,9,9,8,9,8,4,2,6,5,23,22,0,0,0,0,1,1,1,1,0,0,4,3,0,0,15,22
game-327,327,"iron-hyena-pack-pressure","iron-hyena-pack-pressure",False,12,3,3,2,3,5,5,12,,0,0,0,0,0,0,1,0,1,0,0,0,0,4,0,2,0,0,0,0,0,1,0,1,0,0,"","iron.ancestor.firstpack",0,0,0,2,0,3,0,0,0,0,0,0,0,17,0,1,0,6,9,8,9,7,9,7,2,1,4,4,21,19,0,0,0,0,0,0,0,0,0,0,4,3,1,0,14,20
game-328,328,"iron-hyena-pack-pressure","iron-hyena-pack-pressure",False,10,3,3,1,3,5,5,6,,1,0,1,0,0,0,0,0,0,0,0,0,2,0,2,0,0,0,0,0,0,3,0,2,0,0,"","iron.ancestor.firstpack",0,0,0,2,0,2,0,0,0,0,0,0,4,0,0,0,4,0,7,7,7,7,7,7,2,0,4,4,17,17,0,0,0,0,0,0,0,0,0,0,4,3,1,0,18,13
game-329,329,"iron-hyena-pack-pressure","iron-hyena-pack-pressure",False,13,4,3,2,3,6,10,5,,0,0,0,0,0,0,1,0,1,0,0,0,0,2,0,2,0,0,0,0,0,2,0,1,0,0,"","iron.ancestor.firstpack",0,0,0,2,0,2,0,0,0,0,0,0,0,1,0,1,0,0,5,9,5,8,5,8,0,1,4,4,17,22,0,0,0,0,0,0,0,0,0,0,4,3,0,1,12,24
game-330,330,"iron-hyena-pack-pressure","iron-hyena-pack-pressure",False,11,3,1,3,3,6,10,5,,2,0,2,0,0,0,1,0,1,0,0,0,8,2,8,2,0,0,0,0,0,2,0,1,0,0,"","iron.ancestor.firstpack",0,0,0,2,0,0,0,0,0,0,0,0,6,4,0,0,2,4,10,4,10,4,10,4,6,2,4,3,22,14,0,0,0,0,0,0,0,0,0,0,4,3,1,1,10,7
game-331,331,"iron-hyena-pack-pressure","iron-hyena-pack-pressure",False,9,3,1,3,3,5,5,,,0,0,0,0,0,0,0,0,0,0,0,0,0,0,0,0,0,0,0,0,0,2,0,1,0,0,"","iron.ancestor.firstpack",0,0,0,2,0,1,0,0,0,0,0,0,0,0,0,0,0,0,8,3,8,3,8,3,0,0,4,3,18,11,0,0,0,0,0,0,0,0,0,0,4,3,1,1,21,12
game-332,332,"iron-hyena-pack-pressure","iron-hyena-pack-pressure",False,13,4,3,2,3,5,5,8,,1,0,1,0,0,0,1,0,1,0,0,0,2,8,2,2,0,0,0,0,0,6,0,4,0,0,"","iron.ancestor.firstpack",0,0,0,2,0,4,0,0,0,0,0,0,10,1,1,1,4,0,7,14,7,13,7,13,3,2,3,6,19,27,0,0,0,0,0,0,0,0,0,0,4,3,0,1,13,19
game-333,333,"iron-hyena-pack-pressure","iron-hyena-pack-pressure",False,13,4,3,2,3,7,5,10,,0,0,0,0,0,0,2,0,2,0,0,0,0,6,0,5,0,0,0,0,0,2,0,2,0,0,"","iron.ancestor.smithpassedfang",0,1,0,4,0,4,0,0,0,0,1,0,0,2,0,1,0,1,2,5,2,5,2,5,0,2,1,4,14,19,0,0,0,0,0,0,0,0,0,0,4,3,0,1,7,18
game-334,334,"iron-hyena-pack-pressure","iron-hyena-pack-pressure",False,14,4,1,3,3,7,10,5,,1,0,1,0,0,0,2,0,2,0,0,0,4,4,4,4,0,0,0,2,0,2,0,1,0,0,"","iron.ancestor.firstpack",0,0,0,2,0,2,0,0,0,0,0,0,11,5,2,1,1,4,11,7,11,7,11,7,6,3,6,5,25,21,0,0,0,0,0,2,0,0,0,0,4,3,0,0,10,18
game-335,335,"iron-hyena-pack-pressure","iron-hyena-pack-pressure",False,11,3,2,3,3,5,5,8,,2,0,2,0,0,0,1,0,1,0,0,0,12,6,7,3,0,0,0,0,0,1,0,1,0,0,"","iron.ancestor.firstpack",0,0,0,2,0,2,0,0,0,0,0,0,6,6,1,1,1,1,13,8,12,7,12,7,3,1,5,4,24,17,0,0,0,0,1,0,1,0,0,0,4,3,1,1,13,12
game-336,336,"iron-hyena-pack-pressure","iron-hyena-pack-pressure",False,11,3,2,3,3,5,5,6,,1,0,1,0,0,0,1,0,1,0,0,0,2,6,2,4,0,0,0,0,0,2,0,1,0,0,"","iron.ancestor.firstpack",0,0,0,2,0,2,0,0,0,0,0,0,3,3,0,1,3,2,9,7,8,7,8,7,1,0,5,4,20,17,0,0,0,0,0,0,0,0,0,0,4,3,1,1,16,13
game-337,337,"iron-hyena-pack-pressure","iron-hyena-pack-pressure",False,10,3,3,1,3,5,5,,,0,0,0,0,0,0,0,0,0,0,0,0,0,0,0,0,0,0,0,0,0,3,0,2,0,0,"","iron.ancestor.firstpack",0,0,0,2,0,2,0,0,0,0,0,0,0,3,0,2,0,0,8,8,8,8,8,8,1,1,4,4,18,18,0,0,0,0,0,0,0,0,0,0,4,3,1,0,13,13
game-338,338,"iron-hyena-pack-pressure","iron-hyena-pack-pressure",False,15,4,3,2,3,7,10,5,,2,0,2,0,0,0,2,0,2,0,0,0,6,6,6,6,0,0,0,1,0,1,0,1,0,0,"","iron.ancestor.firstpack",0,0,0,2,0,3,0,0,0,0,0,0,24,9,1,2,7,2,14,14,12,12,12,12,3,4,6,6,26,28,0,0,0,0,1,0,0,0,0,1,4,3,0,1,11,17
game-339,339,"iron-hyena-pack-pressure","iron-hyena-pack-pressure",False,13,4,3,1,3,5,5,7,,1,0,1,0,0,0,2,0,2,0,0,0,2,6,2,4,0,0,0,0,0,5,0,3,0,0,"","iron.ancestor.firstpack",0,0,0,2,0,4,0,0,0,0,0,0,0,3,0,2,0,1,5,8,5,8,5,8,0,1,5,6,17,22,0,0,0,0,1,0,0,0,0,0,4,3,0,1,7,23
game-340,340,"iron-hyena-pack-pressure","iron-hyena-pack-pressure",False,15,4,3,2,3,9,10,5,,1,0,1,0,0,0,2,0,2,0,0,0,2,6,2,6,0,0,0,0,0,2,0,2,0,0,"","iron.ancestor.smithpassedfang",0,1,0,4,0,3,0,0,0,0,1,0,7,11,2,2,2,3,6,12,6,11,6,11,2,4,3,7,20,27,0,0,0,0,0,2,0,0,0,1,4,3,0,1,6,19
game-341,341,"iron-hyena-pack-pressure","iron-hyena-pack-pressure",False,13,4,3,1,3,7,5,6,,2,0,2,0,0,0,0,0,0,0,0,0,6,0,6,0,1,0,0,0,0,4,0,3,0,0,"","iron.ancestor.firstpack",0,0,0,2,0,4,0,0,0,0,0,0,3,6,2,1,1,3,5,6,5,6,5,6,2,0,4,5,17,20,0,1,0,0,0,0,0,0,0,0,4,3,0,1,8,23
game-342,342,"iron-hyena-pack-pressure","iron-hyena-pack-pressure",False,14,4,2,3,3,8,10,5,,2,0,2,0,0,0,1,0,1,0,0,0,4,2,4,2,1,0,1,0,0,2,0,1,0,0,"","iron.ancestor.firstpack",0,0,0,2,0,2,0,0,0,0,0,0,9,7,0,1,3,2,10,8,9,8,9,8,6,4,5,5,23,22,0,0,0,0,0,0,0,0,0,0,4,3,0,0,10,19
game-343,343,"iron-hyena-pack-pressure","iron-hyena-pack-pressure",False,12,3,3,2,3,7,5,7,,0,0,0,0,0,0,1,0,1,0,0,0,0,2,0,2,0,0,0,0,0,6,0,3,0,0,"","iron.ancestor.firstpack",0,0,0,2,0,3,0,0,0,0,0,0,12,6,1,0,3,3,7,10,7,10,7,10,3,1,4,5,19,22,0,0,0,0,0,0,0,0,0,0,4,3,1,0,11,15
game-344,344,"iron-hyena-pack-pressure","iron-hyena-pack-pressure",False,12,3,3,2,4,5,5,9,,1,0,1,0,0,0,1,0,1,0,0,0,6,4,3,4,0,0,0,0,0,2,0,1,0,0,"","iron.ancestor.firstpack",0,0,0,2,0,3,0,0,0,0,0,0,7,0,2,0,0,0,9,10,9,10,9,10,6,4,4,5,21,22,0,0,0,0,1,1,0,1,0,0,4,6,1,0,14,23
game-345,345,"iron-hyena-pack-pressure","iron-hyena-pack-pressure",False,13,4,3,1,4,5,7,7,,1,0,1,0,0,0,2,0,2,0,0,0,2,4,2,4,0,0,0,0,0,7,0,4,0,0,"","iron.ancestor.firstpack",0,0,0,2,0,3,0,0,0,0,0,0,2,5,1,2,0,3,7,8,7,8,7,8,2,3,4,6,19,22,0,0,0,0,0,2,0,1,0,0,4,6,0,1,7,24
game-346,346,"iron-hyena-pack-pressure","iron-hyena-pack-pressure",False,13,4,3,2,3,7,5,8,,1,0,1,0,0,0,0,0,0,0,0,0,4,0,4,0,0,0,0,0,0,2,0,2,0,0,"","iron.ancestor.smithpassedfang",0,1,0,4,0,4,0,0,0,0,1,0,21,4,3,0,3,4,9,9,9,9,9,9,6,2,3,4,21,23,0,0,0,0,0,2,0,1,0,0,4,3,0,1,11,21
game-347,347,"iron-hyena-pack-pressure","iron-hyena-pack-pressure",False,10,3,3,1,3,5,5,6,,1,0,1,0,0,0,0,0,0,0,0,0,2,0,2,0,0,0,0,0,0,4,0,2,0,0,"","iron.ancestor.firstpack",0,0,0,2,0,2,0,0,0,0,0,0,3,0,0,0,3,0,4,11,4,10,4,10,1,0,4,4,14,20,0,0,0,0,0,0,0,0,0,0,4,3,1,0,18,11
game-348,348,"iron-hyena-pack-pressure","iron-hyena-pack-pressure",False,12,3,3,2,3,5,5,6,,1,0,1,0,0,0,2,0,2,0,0,0,2,10,2,8,0,0,0,0,0,3,0,2,0,0,"","iron.ancestor.firstpack",0,0,0,2,0,3,0,0,0,0,0,0,2,3,0,2,2,1,8,10,8,10,8,10,2,3,5,5,20,22,0,0,0,0,1,0,1,0,0,0,4,3,1,0,11,14
game-349,349,"iron-hyena-pack-pressure","iron-hyena-pack-pressure",False,13,4,3,2,3,6,5,12,,0,0,0,0,0,0,1,0,1,0,0,0,0,12,0,4,0,0,0,0,0,5,0,3,0,0,"","iron.ancestor.firstpack",0,0,0,2,0,4,0,0,0,0,0,0,5,4,1,0,2,2,7,12,7,12,7,12,3,5,4,6,19,26,0,0,0,0,0,0,0,0,0,0,4,3,0,1,5,19
game-350,350,"iron-hyena-pack-pressure","iron-hyena-pack-pressure",False,13,4,3,1,3,7,10,5,,0,0,0,0,0,0,2,0,2,0,0,0,0,8,0,5,0,0,0,0,0,3,0,2,0,0,"","iron.ancestor.firstpack",0,0,0,2,0,2,0,0,0,0,0,0,0,2,0,1,0,1,3,15,3,11,3,11,0,4,2,6,15,25,0,0,0,0,0,0,0,0,0,0,4,3,0,1,7,24
game-351,351,"iron-hyena-pack-pressure","iron-hyena-pack-pressure",False,12,3,3,2,3,5,5,7,,0,0,0,0,0,0,1,0,1,0,0,0,0,4,0,4,0,0,0,0,0,4,0,2,0,0,"","iron.ancestor.firstpack",0,0,0,2,0,3,0,0,0,0,0,0,0,2,0,2,0,0,8,8,8,8,8,8,0,2,5,5,20,20,0,0,0,0,0,1,0,0,0,0,4,3,1,0,8,16
game-352,352,"iron-hyena-pack-pressure","iron-hyena-pack-pressure",False,13,4,3,2,3,7,5,10,,1,0,1,0,0,0,2,0,2,0,0,0,4,6,4,4,1,0,0,0,0,3,0,2,0,0,"","iron.ancestor.smithpassedfang",0,1,0,4,0,4,0,0,0,0,2,0,3,3,2,2,0,1,8,12,8,9,8,9,3,1,5,3,20,23,0,0,0,0,0,2,0,1,0,0,4,3,0,1,7,23
game-353,353,"iron-hyena-pack-pressure","iron-hyena-pack-pressure",False,13,4,3,1,3,7,5,6,,1,0,1,0,0,0,2,0,2,0,0,0,2,10,2,5,0,0,0,0,0,5,0,4,0,0,"","iron.ancestor.firstpack",0,0,0,2,0,4,0,0,0,0,0,0,5,0,1,0,2,0,5,11,5,11,5,11,2,2,4,6,17,25,0,0,0,0,0,0,0,0,0,0,4,3,0,1,3,22
game-354,354,"iron-hyena-pack-pressure","iron-hyena-pack-pressure",False,9,3,0,3,3,6,,9,,1,0,1,0,0,0,0,0,0,0,0,0,8,0,2,0,0,0,0,0,0,0,0,0,0,0,"","",0,0,0,0,0,0,0,0,0,0,0,0,0,0,0,0,0,0,7,2,7,2,7,2,0,0,4,1,17,10,0,0,0,0,0,0,0,0,0,0,4,3,1,1,23,3
game-355,355,"iron-hyena-pack-pressure","iron-hyena-pack-pressure",False,11,3,2,3,3,7,7,6,,2,0,2,0,0,0,1,0,1,0,0,0,8,4,8,3,0,0,0,0,0,2,0,1,0,0,"","iron.ancestor.firstpack",0,0,0,2,0,1,0,0,0,0,0,0,5,2,0,1,5,1,13,6,12,6,12,6,5,0,4,3,24,16,0,0,0,0,0,0,0,0,0,0,5,3,1,1,13,2
game-356,356,"iron-hyena-pack-pressure","iron-hyena-pack-pressure",False,13,4,3,2,3,7,5,5,,1,0,1,0,0,0,2,0,2,0,0,0,2,6,2,5,0,0,0,0,0,6,0,3,0,0,"","iron.ancestor.firstpack",0,0,0,2,0,4,0,0,0,0,0,0,6,1,1,0,3,1,6,13,6,11,6,11,3,5,2,6,18,25,0,0,0,0,0,1,0,1,0,0,4,3,0,1,9,18
game-357,357,"iron-hyena-pack-pressure","iron-hyena-pack-pressure",False,12,3,3,2,3,5,5,9,,1,0,1,0,0,0,1,0,1,0,0,0,4,4,4,4,0,0,0,0,0,2,0,1,0,0,"","iron.ancestor.firstpack",0,0,0,2,0,3,0,0,0,0,0,0,8,1,1,0,4,1,5,11,5,10,5,10,1,1,5,5,17,22,0,0,0,0,0,0,0,0,0,0,4,3,1,0,10,21
game-358,358,"iron-hyena-pack-pressure","iron-hyena-pack-pressure",False,10,3,3,1,3,5,5,5,,0,0,0,0,0,0,1,0,1,0,0,0,0,2,0,2,0,0,0,0,0,2,0,2,0,0,"","iron.ancestor.firstpack",0,0,0,2,0,2,0,0,0,0,0,0,0,1,0,0,0,1,4,7,4,7,4,7,0,2,2,3,14,17,0,0,0,0,0,0,0,0,0,0,4,3,1,0,16,11
game-359,359,"iron-hyena-pack-pressure","iron-hyena-pack-pressure",False,13,4,3,2,3,6,10,5,,0,0,0,0,0,0,2,0,2,0,0,0,0,4,0,3,0,0,0,0,0,2,0,1,0,0,"","iron.ancestor.firstpack",0,0,0,2,0,2,0,0,0,0,0,0,0,3,0,0,0,3,7,8,7,8,7,8,0,5,5,6,19,22,0,0,0,0,0,0,0,0,0,0,4,3,0,1,4,19
game-360,360,"iron-hyena-pack-pressure","iron-hyena-pack-pressure",False,13,4,3,2,3,5,5,10,,0,0,0,0,0,0,1,0,1,0,0,0,0,4,0,4,0,0,0,0,0,6,0,4,0,0,"","iron.ancestor.firstpack",0,0,0,2,0,4,0,0,0,0,0,0,3,3,2,1,0,2,8,8,8,8,8,8,1,0,3,6,20,22,0,0,0,0,0,3,0,1,0,0,4,3,0,1,9,25
game-361,361,"iron-hyena-pack-pressure","iron-hyena-pack-pressure",False,13,4,3,2,3,6,5,5,,1,0,1,0,0,0,2,0,2,0,0,0,2,6,2,4,0,0,1,0,0,1,0,1,0,0,"","iron.ancestor.firstpack",0,0,0,2,0,4,0,0,0,0,0,0,5,10,2,1,3,3,7,15,7,15,7,15,1,6,4,6,19,29,0,0,0,0,0,1,0,0,0,0,4,3,0,1,8,19
game-362,362,"iron-hyena-pack-pressure","iron-hyena-pack-pressure",False,13,4,3,1,3,7,5,5,,1,0,1,0,0,0,2,0,2,0,0,0,2,4,2,4,0,0,0,0,0,4,0,3,0,0,"","iron.ancestor.firstpack",0,0,0,2,0,4,0,0,0,0,0,0,4,0,2,0,2,0,5,13,5,13,5,13,2,6,4,5,17,27,0,0,0,0,0,0,0,0,0,0,4,3,0,1,4,17
game-363,363,"iron-hyena-pack-pressure","iron-hyena-pack-pressure",False,14,4,2,3,3,8,10,5,,1,0,1,0,0,0,2,0,2,0,0,0,2,6,1,5,0,1,0,0,0,2,0,1,0,0,"","iron.ancestor.firstpack",0,0,0,2,0,2,0,0,0,0,0,0,13,4,2,1,3,3,13,9,12,9,12,9,4,3,6,5,26,23,0,0,0,0,0,0,0,0,0,0,4,3,0,0,14,14
game-364,364,"iron-hyena-pack-pressure","iron-hyena-pack-pressure",False,12,3,3,2,3,7,5,5,,1,0,1,0,0,0,1,0,1,0,0,0,2,2,2,2,0,0,0,0,0,4,0,3,0,0,"","iron.ancestor.firstpack",0,0,0,2,0,3,0,0,0,0,0,0,6,4,0,0,2,4,11,8,10,8,10,8,6,2,5,5,22,20,0,0,0,0,0,0,0,0,0,0,4,3,1,0,12,17
game-365,365,"iron-hyena-pack-pressure","iron-hyena-pack-pressure",False,14,4,2,3,3,6,10,5,,0,0,0,0,0,0,2,1,1,0,0,0,0,2,0,2,0,1,0,1,0,1,0,1,0,0,"","iron.ancestor.smithpassedfang",0,0,0,2,0,2,0,0,0,0,2,0,16,19,1,2,3,3,16,10,12,10,12,10,4,6,6,6,26,24,0,0,0,0,2,1,0,0,0,0,4,3,0,0,9,14
game-366,366,"iron-hyena-pack-pressure","iron-hyena-pack-pressure",False,12,3,3,2,3,5,5,9,,2,0,2,0,0,0,0,0,0,0,0,0,4,0,4,0,0,0,0,0,0,3,0,3,0,0,"","iron.ancestor.firstpack",0,0,0,2,0,3,0,0,0,0,0,0,7,1,2,1,5,0,5,10,5,10,5,10,2,0,3,5,17,22,0,0,0,0,3,0,1,0,0,0,4,3,1,0,11,19
game-367,367,"iron-hyena-pack-pressure","iron-hyena-pack-pressure",False,11,3,1,3,3,7,5,10,,0,0,0,0,0,0,1,0,1,0,0,0,0,2,0,2,0,0,0,0,0,1,0,1,0,0,"","iron.ancestor.firstpack",0,0,0,2,0,2,0,0,0,0,0,0,4,5,0,2,1,3,12,6,10,6,10,6,2,2,4,4,22,16,0,0,0,0,1,1,0,0,0,0,4,3,1,1,16,9
game-368,368,"iron-hyena-pack-pressure","iron-hyena-pack-pressure",False,17,5,2,3,3,7,7,5,,2,0,2,0,0,0,1,0,1,0,0,0,6,2,6,2,0,0,1,0,0,4,0,3,0,0,"","iron.ancestor.firstpack",0,0,0,2,0,4,0,0,0,0,0,0,3,2,2,1,1,1,8,8,8,8,8,8,4,1,5,6,26,24,0,1,0,0,1,0,0,0,1,1,4,3,1,1,15,11
game-369,369,"iron-hyena-pack-pressure","iron-hyena-pack-pressure",False,11,3,1,3,3,7,7,5,,1,0,1,0,0,0,1,0,1,0,0,0,2,2,2,2,0,0,0,0,0,2,0,1,0,0,"","iron.ancestor.firstpack",0,0,0,2,0,1,0,0,0,0,0,0,2,1,0,0,2,1,6,4,6,4,6,4,2,1,3,3,18,14,0,0,0,0,0,0,0,0,0,0,4,3,1,1,13,7
game-370,370,"iron-hyena-pack-pressure","iron-hyena-pack-pressure",False,11,3,1,3,3,7,7,5,,1,0,1,0,0,0,1,0,1,0,0,0,2,2,2,2,0,0,0,0,0,2,0,1,0,0,"","iron.ancestor.firstpack",0,0,0,2,0,1,0,0,0,0,0,0,0,1,0,0,0,1,6,5,6,5,6,5,2,1,3,4,18,15,0,0,0,0,0,0,0,0,0,0,4,3,1,1,17,7
game-371,371,"iron-hyena-pack-pressure","iron-hyena-pack-pressure",False,12,3,3,2,3,7,5,7,,1,0,1,0,0,0,2,0,2,0,0,0,6,4,4,3,1,0,0,0,0,1,0,1,0,0,"","iron.ancestor.firstpack",0,0,0,2,0,3,0,0,0,0,0,0,6,9,1,1,1,3,9,9,8,9,8,9,2,3,5,5,20,21,0,0,0,0,0,1,0,1,0,0,4,3,1,0,9,18
game-372,372,"iron-hyena-pack-pressure","iron-hyena-pack-pressure",False,13,4,3,1,4,5,5,8,,1,0,1,0,0,0,1,0,1,0,0,0,2,2,2,2,0,0,0,0,0,4,0,3,0,0,"","iron.ancestor.firstpack",0,0,0,2,0,4,0,0,0,0,0,0,4,0,2,0,1,0,6,10,6,10,6,10,1,2,4,6,18,24,0,0,0,0,0,0,0,0,0,0,4,6,0,1,4,26
game-373,373,"iron-hyena-pack-pressure","iron-hyena-pack-pressure",False,13,4,3,1,3,7,10,5,,0,0,0,0,0,0,1,0,1,0,0,0,0,2,0,2,0,0,0,0,0,4,0,2,0,0,"","iron.ancestor.firstpack",0,0,0,2,0,2,0,0,0,0,0,0,6,2,0,1,3,1,4,11,4,11,4,11,2,5,2,6,16,25,0,0,0,0,0,1,0,0,0,0,4,3,0,1,4,23
game-374,374,"iron-hyena-pack-pressure","iron-hyena-pack-pressure",False,13,4,3,2,3,7,5,5,,1,0,1,0,0,0,1,0,1,0,0,0,2,2,2,2,0,0,0,0,0,8,0,4,0,0,"","iron.ancestor.firstpack",0,0,0,2,0,4,0,0,0,0,0,0,8,1,5,0,0,1,6,12,6,12,6,12,3,3,5,6,18,26,0,0,0,0,2,1,0,1,0,0,4,3,0,1,15,15
game-375,375,"iron-hyena-pack-pressure","iron-hyena-pack-pressure",False,11,3,1,3,3,6,5,6,,2,0,2,0,0,0,1,0,1,0,0,0,6,2,6,2,0,0,0,0,0,1,0,1,0,0,"","iron.ancestor.firstpack",0,0,0,2,0,2,0,0,0,0,0,0,3,6,1,1,0,2,11,4,11,4,11,4,5,1,4,4,23,14,0,0,0,0,1,1,0,0,0,0,4,3,1,1,12,10
game-376,376,"iron-hyena-pack-pressure","iron-hyena-pack-pressure",False,13,4,3,2,3,6,5,7,,0,0,0,0,0,0,1,0,1,0,0,0,0,2,0,2,0,0,0,0,0,2,0,1,0,0,"","iron.ancestor.firstpack",0,0,0,2,0,4,0,0,0,0,0,0,6,4,0,0,2,4,7,10,7,10,7,10,2,6,5,6,19,24,0,0,0,0,0,0,0,0,0,0,4,3,0,1,11,22
game-377,377,"iron-hyena-pack-pressure","iron-hyena-pack-pressure",False,15,4,3,2,3,7,10,5,,1,0,1,0,0,0,1,0,1,0,0,0,2,2,2,2,0,0,0,0,0,2,0,1,0,0,"","iron.ancestor.firstpack",0,0,0,2,0,3,0,0,0,0,0,0,11,11,4,0,0,5,7,13,7,13,7,13,4,7,4,7,21,29,0,0,0,0,1,2,0,0,0,1,4,3,0,1,9,13
game-378,378,"iron-hyena-pack-pressure","iron-hyena-pack-pressure",False,14,4,1,3,3,9,13,5,,2,0,2,0,0,0,1,0,1,0,0,0,8,2,4,2,0,0,0,0,0,1,0,1,0,0,"","iron.ancestor.firstpack",0,0,0,2,0,0,0,0,0,0,0,0,5,0,1,0,4,0,12,7,9,7,9,7,3,3,4,5,23,21,0,0,0,0,0,0,0,0,0,0,4,3,0,0,5,16
game-379,379,"iron-hyena-pack-pressure","iron-hyena-pack-pressure",False,11,3,2,3,3,5,5,,,0,0,0,0,0,0,0,0,0,0,0,0,0,0,0,0,0,0,0,0,0,1,0,1,0,0,"","iron.ancestor.firstpack",0,0,0,2,0,2,0,0,0,0,0,0,0,12,0,0,0,4,6,7,6,7,6,7,0,2,3,4,18,17,0,0,0,0,0,0,0,0,0,0,4,3,1,1,16,10
game-380,380,"iron-hyena-pack-pressure","iron-hyena-pack-pressure",False,13,4,3,2,3,7,7,5,,1,0,1,0,0,0,1,0,1,0,0,0,6,2,4,2,0,0,0,0,0,1,0,1,0,0,"","iron.ancestor.firstpack",0,0,0,2,0,3,0,0,0,0,0,0,6,4,3,1,3,3,7,10,6,10,6,10,0,3,3,6,18,24,0,0,0,0,1,0,0,0,0,0,4,3,0,1,13,14
game-381,381,"iron-hyena-pack-pressure","iron-hyena-pack-pressure",False,13,4,3,2,3,7,5,5,,1,0,1,0,0,0,1,0,1,0,0,0,4,4,4,4,0,0,0,0,0,1,0,1,0,0,"","iron.ancestor.firstpack",0,0,0,2,0,4,0,0,0,0,0,0,11,2,2,1,4,0,9,14,8,12,8,12,3,5,5,5,20,26,0,0,0,0,1,2,0,1,0,0,4,3,0,1,2,19
game-382,382,"iron-hyena-pack-pressure","iron-hyena-pack-pressure",False,11,3,1,3,3,7,,6,,1,0,1,0,0,0,1,0,1,0,0,0,2,2,2,2,0,0,0,0,0,0,0,0,0,0,"","",0,0,0,0,0,0,0,0,0,0,0,0,1,1,0,1,1,0,9,4,9,4,9,4,1,1,5,2,21,14,0,0,0,0,0,0,0,0,0,0,4,3,1,1,20,6
game-383,383,"iron-hyena-pack-pressure","iron-hyena-pack-pressure",False,13,4,3,2,3,7,5,5,,1,0,1,0,0,0,2,0,2,0,0,0,2,4,2,4,0,0,0,0,0,5,0,3,0,0,"","iron.ancestor.firstpack",0,0,0,2,0,4,0,0,0,0,0,0,4,6,1,1,2,2,6,14,6,12,6,12,3,6,5,5,18,26,0,0,0,0,0,1,0,0,0,0,4,3,0,1,11,20
game-384,384,"iron-hyena-pack-pressure","iron-hyena-pack-pressure",False,13,4,3,1,3,5,5,8,,1,0,1,0,0,0,0,0,0,0,0,0,2,0,2,0,0,0,0,0,0,4,0,3,0,0,"","iron.ancestor.firstpack",0,2,0,6,0,4,0,0,0,0,1,0,0,9,0,2,0,1,6,14,6,13,6,13,1,6,5,6,18,27,0,0,0,0,2,0,1,0,0,0,4,3,0,1,8,23
game-385,385,"iron-hyena-pack-pressure","iron-hyena-pack-pressure",False,13,4,3,2,3,7,10,5,,2,0,2,0,0,0,2,0,2,0,0,0,4,4,4,4,0,0,0,0,0,2,0,1,0,0,"","iron.ancestor.firstpack",0,0,0,2,0,2,0,0,0,0,0,0,7,2,1,0,4,2,8,10,8,10,8,10,4,5,5,6,20,24,0,0,0,0,1,0,0,0,0,0,4,3,0,1,10,20
game-386,386,"iron-hyena-pack-pressure","iron-hyena-pack-pressure",False,16,4,2,3,3,7,5,6,,3,0,3,0,0,0,0,0,0,0,0,0,8,0,7,0,0,1,0,0,0,5,0,3,0,0,"","iron.ancestor.firstpack",0,0,0,2,0,5,0,0,0,0,0,0,3,6,2,3,1,1,14,7,13,7,13,7,4,1,6,6,29,23,0,0,0,0,1,0,0,0,1,1,4,3,0,0,7,15
game-387,387,"iron-hyena-pack-pressure","iron-hyena-pack-pressure",False,12,3,3,1,3,7,5,6,,1,0,1,0,0,0,0,0,0,0,0,0,2,0,2,0,1,0,0,0,0,4,0,3,0,0,"","iron.ancestor.firstpack",0,0,0,2,0,3,0,0,0,0,0,0,1,3,1,0,0,3,4,12,4,12,4,12,1,2,3,5,16,24,0,0,0,0,0,0,0,0,0,0,4,3,1,0,6,17
game-388,388,"iron-hyena-pack-pressure","iron-hyena-pack-pressure",False,11,3,1,3,3,6,7,9,,2,0,2,0,0,0,0,0,0,0,0,0,12,0,5,0,0,0,0,0,0,1,0,1,0,0,"","iron.ancestor.smithpassedfang",0,0,0,2,0,1,0,0,0,0,0,0,2,2,0,1,1,0,8,1,8,1,8,1,4,1,5,1,20,11,0,0,0,0,1,0,1,0,0,0,5,3,1,1,14,6
game-389,389,"iron-hyena-pack-pressure","iron-hyena-pack-pressure",False,12,3,3,1,3,5,5,6,,1,0,1,0,0,0,1,0,1,0,0,0,2,2,2,2,0,0,0,0,0,4,0,3,0,0,"","iron.ancestor.firstpack",0,0,0,2,0,3,0,0,0,0,0,0,2,4,1,0,1,4,7,10,7,10,7,10,2,3,4,5,19,22,0,0,0,0,0,0,0,0,0,0,4,3,1,0,8,19
game-390,390,"iron-hyena-pack-pressure","iron-hyena-pack-pressure",False,16,4,2,3,3,8,10,7,,1,0,1,0,0,0,2,0,2,0,0,0,2,4,2,4,0,0,0,1,0,2,0,2,0,0,"","iron.ancestor.smithpassedfang",0,1,0,4,0,3,0,0,0,0,1,0,9,8,3,3,1,3,10,10,10,10,10,10,4,4,5,6,26,26,0,0,0,0,1,1,0,0,1,1,5,3,0,0,18,18
game-391,391,"iron-hyena-pack-pressure","iron-hyena-pack-pressure",False,12,3,3,2,3,5,7,9,,1,0,1,0,0,0,1,0,1,0,0,0,2,4,2,2,0,0,0,0,0,3,0,2,0,0,"","iron.ancestor.smithpassedfang",0,1,0,4,0,2,0,0,0,0,1,0,6,1,0,1,2,0,7,6,7,6,7,6,2,3,5,4,19,18,0,0,0,0,0,0,0,0,0,0,4,3,1,0,7,18
game-392,392,"iron-hyena-pack-pressure","iron-hyena-pack-pressure",False,11,3,2,3,3,7,7,5,,0,0,0,0,0,0,1,0,1,0,0,0,0,2,0,2,0,0,0,0,0,2,0,1,0,0,"","iron.ancestor.firstpack",0,0,0,2,0,1,0,0,0,0,0,0,4,1,1,0,3,1,2,6,2,6,2,6,0,1,2,4,14,16,0,0,0,0,0,0,0,0,0,0,4,3,1,1,14,7
game-393,393,"iron-hyena-pack-pressure","iron-hyena-pack-pressure",False,11,3,1,3,3,8,,6,,1,0,1,0,0,0,0,0,0,0,0,0,2,0,2,0,0,0,0,0,0,0,0,0,0,0,"","",0,0,0,0,0,0,0,0,0,0,0,0,2,5,0,1,2,0,8,4,8,4,8,4,3,3,5,2,20,14,0,0,0,0,1,0,1,0,0,0,4,3,1,1,19,3
game-394,394,"iron-hyena-pack-pressure","iron-hyena-pack-pressure",False,13,4,3,1,3,5,5,7,,2,0,2,0,0,0,2,0,2,0,0,0,6,6,6,6,0,0,0,0,0,6,0,3,0,0,"","iron.ancestor.firstpack",0,0,0,2,0,4,0,0,0,0,0,0,5,2,2,0,3,2,8,13,8,11,8,11,2,3,5,6,20,25,0,0,0,0,0,0,0,0,0,0,4,3,0,1,5,26
game-395,395,"iron-hyena-pack-pressure","iron-hyena-pack-pressure",False,13,4,3,2,3,6,5,10,,1,0,1,0,0,0,2,0,2,0,0,0,8,6,4,6,0,0,0,0,0,1,0,1,0,0,"","iron.ancestor.smithpassedfang",0,0,0,2,0,4,0,0,0,0,1,0,10,4,1,1,3,3,10,8,10,8,10,8,2,4,5,3,22,22,0,0,0,0,0,1,0,0,0,0,4,3,0,1,13,19
game-396,396,"iron-hyena-pack-pressure","iron-hyena-pack-pressure",False,13,4,3,2,3,7,5,6,,2,0,2,0,0,0,1,0,1,0,0,0,4,4,4,2,0,0,0,0,0,6,0,4,0,0,"","iron.ancestor.firstpack",0,0,0,2,0,4,0,0,0,0,0,0,18,2,1,1,4,1,10,13,10,11,10,11,6,2,5,6,22,25,0,0,0,0,1,0,0,0,0,0,4,3,0,1,11,22
game-397,397,"iron-hyena-pack-pressure","iron-hyena-pack-pressure",False,10,3,3,2,3,5,5,8,,1,0,1,0,0,0,0,0,0,0,0,0,2,0,2,0,0,0,0,0,0,1,0,1,0,0,"","iron.ancestor.firstpack",0,0,0,2,0,2,0,0,0,0,0,0,6,0,1,0,2,0,5,10,5,9,5,9,3,0,2,4,15,19,0,0,0,0,0,0,0,0,0,0,4,3,1,0,13,11
game-398,398,"iron-hyena-pack-pressure","iron-hyena-pack-pressure",False,12,3,3,2,3,5,5,5,,2,0,2,0,0,0,1,0,1,0,0,0,4,2,4,2,0,0,0,0,0,3,0,3,0,0,"","iron.ancestor.firstpack",0,0,0,2,0,3,0,0,0,0,0,0,2,3,1,1,1,2,6,7,6,7,6,7,1,0,5,5,18,19,0,0,0,0,0,0,0,0,0,0,4,3,1,0,12,14
game-399,399,"iron-hyena-pack-pressure","iron-hyena-pack-pressure",False,13,4,3,2,3,7,5,7,,1,0,1,0,0,0,1,0,1,0,0,0,2,2,2,2,0,0,0,0,0,1,0,1,0,0,"","iron.ancestor.firstpack",0,0,0,2,0,4,0,0,0,0,0,0,4,2,1,1,3,1,4,8,4,8,4,8,2,2,3,6,16,22,0,0,0,0,0,1,0,0,0,0,4,3,0,1,12,19
game-400,400,"iron-hyena-pack-pressure","iron-hyena-pack-pressure",False,11,3,1,3,3,6,5,5,,0,0,0,0,0,0,1,0,1,0,0,0,0,2,0,2,0,0,0,0,0,1,0,1,0,0,"","iron.ancestor.firstpack",0,0,0,2,0,2,0,0,0,0,0,0,4,6,0,0,2,3,9,3,8,3,8,3,3,1,5,3,20,13,0,0,0,0,0,0,0,0,0,0,4,3,1,1,11,7
game-401,401,"iron-hyena-pack-pressure","iron-hyena-pack-pressure",False,16,4,2,3,3,7,5,15,,0,0,0,0,0,0,1,0,1,0,0,0,0,2,0,2,0,0,0,0,0,8,0,5,0,0,"","iron.ancestor.firstpack",0,0,0,2,0,5,0,0,0,0,0,0,11,13,3,2,2,7,10,9,10,9,10,9,2,2,5,7,26,25,0,1,0,0,0,1,0,0,1,1,4,3,0,0,21,15
game-402,402,"iron-hyena-pack-pressure","iron-hyena-pack-pressure",False,13,4,3,2,3,7,7,5,,1,0,1,0,0,0,2,0,2,0,0,0,6,6,4,6,0,0,0,0,0,1,0,1,0,0,"","iron.ancestor.firstpack",0,0,0,2,0,3,0,0,0,0,0,0,14,0,2,0,3,0,11,13,8,11,8,11,2,4,3,6,20,25,0,0,0,0,0,2,0,0,0,0,4,3,0,1,7,16
game-403,403,"iron-hyena-pack-pressure","iron-hyena-pack-pressure",False,12,3,3,2,4,5,5,8,,2,1,1,0,0,0,0,0,0,0,0,0,2,0,2,0,1,0,0,0,0,5,0,3,0,0,"","iron.ancestor.firstpack",0,0,0,2,0,3,0,0,0,0,0,0,3,1,0,0,3,1,5,12,5,12,5,12,2,4,4,5,17,24,0,0,0,0,0,0,0,0,0,0,4,6,1,0,6,19
game-404,404,"iron-hyena-pack-pressure","iron-hyena-pack-pressure",False,13,4,3,2,3,6,5,7,,1,0,1,0,0,0,2,0,2,0,0,0,2,4,2,3,0,0,0,0,0,2,0,1,0,0,"","iron.ancestor.firstpack",0,0,0,2,0,4,0,0,0,0,0,0,16,8,3,1,1,4,7,8,7,8,7,8,3,3,5,6,19,22,0,0,0,0,1,3,0,1,0,0,4,3,0,1,7,20
game-405,405,"iron-hyena-pack-pressure","iron-hyena-pack-pressure",False,12,3,3,2,3,5,7,8,,2,0,2,0,0,0,1,0,1,0,0,0,4,4,4,4,0,0,0,0,0,2,0,1,0,0,"","iron.ancestor.firstpack",0,0,0,2,0,2,0,0,0,0,0,0,0,13,0,1,0,3,6,10,6,10,6,10,1,4,3,5,18,22,0,0,0,0,1,0,0,0,0,0,4,3,1,0,16,20
game-406,406,"iron-hyena-pack-pressure","iron-hyena-pack-pressure",False,15,4,3,2,3,5,12,6,,2,0,2,0,0,0,1,0,1,0,0,0,6,2,5,2,0,0,0,0,0,2,0,1,0,0,"","iron.ancestor.firstpack",0,0,0,2,0,2,0,0,0,0,0,0,9,19,1,1,2,6,16,11,14,9,14,9,4,3,6,4,28,25,0,0,0,0,0,1,0,1,0,1,4,3,0,1,12,21
game-407,407,"iron-hyena-pack-pressure","iron-hyena-pack-pressure",False,15,4,3,2,3,6,10,5,,2,0,2,0,0,0,1,0,1,0,0,0,6,2,6,2,0,0,1,0,0,2,0,1,0,0,"","iron.ancestor.firstpack",0,0,0,2,0,3,0,0,0,0,0,0,5,4,2,0,2,3,7,13,7,12,7,12,4,4,5,6,21,28,0,0,0,0,0,0,0,0,0,1,4,3,0,1,8,9
game-408,408,"iron-hyena-pack-pressure","iron-hyena-pack-pressure",False,11,3,2,3,3,5,5,7,,1,0,1,0,0,0,1,0,1,0,0,0,4,4,4,4,0,0,0,0,0,1,0,1,0,0,"","iron.ancestor.firstpack",0,0,0,2,0,2,0,0,0,0,0,0,2,6,1,1,0,3,12,5,11,5,11,5,2,0,5,4,23,15,0,0,0,0,0,1,0,0,0,0,4,3,1,1,18,10
game-409,409,"iron-hyena-pack-pressure","iron-hyena-pack-pressure",False,13,4,3,1,3,7,5,6,,2,1,1,0,0,0,1,0,1,0,0,0,2,2,2,2,1,0,1,0,0,4,0,3,0,0,"","iron.ancestor.firstpack",0,0,0,2,0,4,0,0,0,0,0,0,1,7,0,2,1,1,6,11,6,10,6,10,1,4,5,6,18,24,0,0,0,0,1,0,0,0,0,0,4,3,0,1,7,24
game-410,410,"iron-hyena-pack-pressure","iron-hyena-pack-pressure",False,13,4,3,2,3,5,5,6,,1,0,1,0,0,0,1,0,1,0,0,0,2,2,2,2,0,0,1,1,0,7,0,4,0,0,"","iron.ancestor.firstpack",0,0,0,2,0,4,0,0,0,0,0,0,9,3,2,1,2,1,7,8,7,8,7,8,4,1,5,6,19,22,0,0,0,0,1,1,1,0,0,0,4,3,0,1,10,24
game-411,411,"iron-hyena-pack-pressure","iron-hyena-pack-pressure",False,11,3,1,3,3,8,,6,,1,0,1,0,0,0,1,0,1,0,0,0,2,2,2,2,0,0,0,1,0,0,0,0,0,0,"","",0,0,0,0,0,0,0,0,0,0,0,0,1,6,0,0,1,3,7,2,7,2,7,2,2,2,4,1,19,12,0,0,0,0,0,0,0,0,0,0,4,3,1,1,13,6
game-412,412,"iron-hyena-pack-pressure","iron-hyena-pack-pressure",False,11,3,1,3,3,6,5,10,,0,0,0,0,0,0,1,0,1,0,0,0,0,2,0,2,0,0,0,0,0,2,0,1,0,0,"","iron.ancestor.firstpack",0,0,0,2,0,2,0,0,0,0,0,0,0,9,0,0,0,6,9,6,8,6,8,6,1,3,5,4,20,16,0,0,0,0,0,0,0,0,0,0,4,3,1,1,11,8
game-413,413,"iron-hyena-pack-pressure","iron-hyena-pack-pressure",False,13,4,3,2,3,5,7,8,,2,0,2,0,0,0,1,0,1,0,0,0,4,4,4,4,0,0,0,0,0,2,0,1,0,0,"","iron.ancestor.firstpack",0,0,0,2,0,3,0,0,0,0,0,0,3,1,1,1,2,0,8,9,8,9,8,9,2,2,5,4,20,23,0,0,0,0,1,0,0,0,0,0,4,3,0,1,17,18
game-414,414,"iron-hyena-pack-pressure","iron-hyena-pack-pressure",False,12,3,3,2,3,6,5,5,,1,0,1,0,0,0,1,0,1,0,0,0,2,2,2,2,0,0,0,0,0,5,0,3,0,0,"","iron.ancestor.firstpack",0,0,0,2,0,3,0,0,0,0,0,0,2,5,1,1,1,4,5,10,5,10,5,10,1,4,2,5,17,22,0,0,0,0,2,0,0,0,0,0,4,3,1,0,7,16
game-415,415,"iron-hyena-pack-pressure","iron-hyena-pack-pressure",False,11,3,2,3,3,5,5,8,,1,0,1,0,0,0,0,0,0,0,0,0,4,0,4,0,0,0,0,0,0,1,0,1,0,0,"","iron.ancestor.smithpassedfang",0,0,0,2,0,2,0,0,0,0,1,0,2,2,1,0,1,2,7,4,7,4,7,4,2,1,4,4,19,14,0,0,0,0,0,0,0,0,0,0,4,3,1,1,13,10
game-416,416,"iron-hyena-pack-pressure","iron-hyena-pack-pressure",False,15,4,3,2,3,8,10,5,,1,0,1,0,0,0,1,0,1,0,0,0,2,2,2,2,0,0,0,0,0,3,0,2,0,0,"","iron.ancestor.firstpack",0,0,0,2,0,3,0,0,0,0,0,0,13,5,2,1,3,0,8,13,7,13,7,13,3,4,4,7,21,29,0,0,0,0,1,0,1,0,0,1,4,3,0,1,6,16
game-417,417,"iron-hyena-pack-pressure","iron-hyena-pack-pressure",False,13,4,3,1,3,7,5,9,,1,0,1,0,0,0,2,0,2,0,0,0,2,4,2,4,0,0,0,0,0,2,0,2,0,0,"","iron.ancestor.smithpassedfang",0,1,0,4,0,4,0,0,0,0,1,0,3,3,1,0,2,3,3,7,3,7,3,7,1,3,3,3,15,21,0,0,0,0,0,0,0,0,0,0,4,3,0,1,8,21
game-418,418,"iron-hyena-pack-pressure","iron-hyena-pack-pressure",False,14,4,2,3,3,5,5,11,,2,0,2,0,0,0,0,0,0,0,0,0,4,0,3,0,0,0,0,0,0,2,0,1,0,0,"","iron.ancestor.firstpack",0,0,0,2,0,4,0,0,0,0,0,0,9,0,2,0,4,0,12,7,12,7,12,7,4,0,6,5,26,21,0,0,0,0,0,0,0,0,0,0,4,3,0,0,11,18
game-419,419,"iron-hyena-pack-pressure","iron-hyena-pack-pressure",False,13,4,3,2,3,6,5,12,,0,0,0,0,0,0,2,0,2,0,0,0,0,8,0,4,0,0,0,0,0,1,0,1,0,0,"","iron.ancestor.firstpack",0,0,0,2,0,4,0,0,0,0,0,0,11,23,2,2,1,4,11,14,9,14,9,14,2,6,5,6,21,28,0,0,0,0,1,1,0,1,0,0,4,3,0,1,9,25
game-420,420,"iron-hyena-pack-pressure","iron-hyena-pack-pressure",False,13,4,3,1,3,5,5,7,,0,0,0,0,0,0,2,0,2,0,0,0,0,4,0,4,1,0,0,0,0,5,0,3,0,0,"","iron.ancestor.firstpack",0,0,0,2,0,4,0,0,0,0,0,0,1,2,1,2,0,0,2,9,2,9,2,9,0,4,2,6,14,23,0,0,0,0,0,1,0,0,0,0,4,3,0,1,6,22
game-421,421,"iron-hyena-pack-pressure","iron-hyena-pack-pressure",False,15,4,3,2,3,7,5,6,,1,0,1,0,0,0,0,0,0,0,0,0,2,0,2,0,0,0,0,0,0,3,0,2,0,0,"","iron.ancestor.firstpack",0,1,0,4,0,5,0,0,0,0,0,0,4,11,1,1,3,5,11,5,11,5,11,5,2,1,6,5,25,21,0,2,0,0,0,0,0,0,0,1,4,3,0,1,9,19
game-422,422,"iron-hyena-pack-pressure","iron-hyena-pack-pressure",False,11,3,1,3,3,8,,,,0,0,0,0,0,0,0,0,0,0,0,0,0,0,0,0,0,0,0,0,0,0,0,0,0,0,"","",0,0,0,0,0,0,0,0,0,0,0,0,4,6,1,0,0,2,12,6,10,5,10,5,3,2,5,2,22,15,0,0,0,0,0,0,0,0,0,0,4,3,1,1,19,3
game-423,423,"iron-hyena-pack-pressure","iron-hyena-pack-pressure",False,13,4,3,2,3,7,5,7,,0,0,0,0,0,0,1,0,1,0,0,0,0,2,0,2,0,0,0,0,0,2,0,2,0,0,"","iron.ancestor.smithpassedfang",0,1,0,4,0,4,0,0,0,0,0,0,2,2,0,2,2,0,6,12,5,10,5,10,1,2,2,4,17,24,0,0,0,0,0,1,0,0,0,0,4,3,0,1,5,19
game-424,424,"iron-hyena-pack-pressure","iron-hyena-pack-pressure",False,11,3,1,3,3,8,,9,,2,0,2,0,0,0,0,0,0,0,0,0,4,0,3,0,0,0,0,0,0,0,0,0,0,0,"","",0,0,0,0,0,0,0,0,0,0,0,0,3,3,0,1,1,2,10,2,10,2,10,2,3,1,5,1,22,12,0,0,0,0,1,0,1,0,0,0,4,3,1,1,13,6
game-425,425,"iron-hyena-pack-pressure","iron-hyena-pack-pressure",False,15,4,3,2,3,7,5,5,,2,0,2,0,0,0,2,0,2,0,0,0,4,4,4,3,0,0,1,0,0,7,0,4,0,0,"","iron.ancestor.firstpack",0,0,0,2,0,5,0,0,0,0,0,0,13,7,2,3,4,2,11,13,11,12,11,12,5,4,6,7,25,28,0,0,0,0,0,4,0,2,0,1,4,3,0,1,4,22
game-426,426,"iron-hyena-pack-pressure","iron-hyena-pack-pressure",False,15,4,3,2,3,5,5,6,,2,0,2,0,0,0,2,0,2,0,0,0,4,4,4,4,0,0,0,0,0,2,0,2,0,0,"","iron.ancestor.smithpassedfang",0,1,0,4,0,5,0,0,0,0,1,0,16,1,3,1,3,0,7,12,7,10,7,10,3,4,5,4,21,26,0,0,0,0,0,2,0,0,0,1,4,3,0,1,5,19
game-427,427,"iron-hyena-pack-pressure","iron-hyena-pack-pressure",False,13,4,3,2,3,5,5,7,,1,0,1,0,0,0,2,0,2,0,0,0,8,6,3,6,0,0,0,0,0,1,0,1,0,0,"","iron.ancestor.firstpack",0,0,0,2,0,4,0,0,0,0,0,0,2,6,1,2,0,4,10,11,9,11,9,11,1,2,5,6,21,25,0,0,0,0,0,1,0,0,0,0,4,3,0,1,13,23
game-428,428,"iron-hyena-pack-pressure","iron-hyena-pack-pressure",False,13,4,3,2,3,6,5,5,,1,0,1,0,0,0,2,0,2,0,0,0,2,4,2,4,0,0,1,1,0,3,0,3,0,0,"","iron.ancestor.firstpack",0,0,0,2,0,4,0,0,0,0,0,0,2,4,1,1,1,1,6,16,6,13,6,13,3,7,5,6,18,27,0,0,0,0,0,0,0,0,0,0,4,3,0,1,9,18
game-429,429,"iron-hyena-pack-pressure","iron-hyena-pack-pressure",False,15,4,3,2,3,7,10,5,,1,0,1,0,0,0,1,0,1,0,0,0,6,2,3,2,0,0,0,0,0,2,0,1,0,0,"","iron.ancestor.firstpack",0,0,0,2,0,3,0,0,0,0,0,0,7,10,2,1,3,5,10,10,10,10,10,10,1,6,6,7,24,26,0,0,0,0,0,2,0,0,0,1,4,3,0,1,7,11
game-430,430,"iron-hyena-pack-pressure","iron-hyena-pack-pressure",False,13,4,3,2,3,6,5,7,,1,0,1,0,0,0,2,0,2,0,0,0,4,6,4,4,0,0,0,0,0,3,0,3,0,0,"","iron.ancestor.firstpack",0,1,0,4,0,4,0,0,0,0,0,0,7,8,1,0,4,4,6,14,6,14,6,14,1,6,5,6,18,28,0,0,0,0,0,0,0,0,0,0,4,3,0,1,9,21
game-431,431,"iron-hyena-pack-pressure","iron-hyena-pack-pressure",False,12,3,3,2,3,5,5,7,,0,0,0,0,0,0,1,0,1,0,0,0,0,2,0,2,0,0,0,0,0,5,0,3,0,0,"","iron.ancestor.firstpack",0,0,0,2,0,3,0,0,0,0,0,0,12,4,1,0,3,4,8,8,8,8,8,8,2,0,5,5,20,20,0,0,0,0,0,0,0,0,0,0,4,3,1,0,10,20
game-432,432,"iron-hyena-pack-pressure","iron-hyena-pack-pressure",False,11,3,2,3,3,5,5,,,0,0,0,0,0,0,0,0,0,0,0,0,0,0,0,0,0,0,0,0,0,1,0,1,0,0,"","iron.ancestor.smithpassedfang",0,0,0,2,0,2,0,0,0,0,1,0,1,8,0,0,1,4,7,6,7,6,7,6,1,3,4,4,19,16,0,0,0,0,0,0,0,0,0,0,4,3,1,1,19,10
game-433,433,"iron-hyena-pack-pressure","iron-hyena-pack-pressure",False,14,4,2,3,3,7,5,9,,2,0,2,0,0,0,2,0,2,0,0,0,10,6,7,6,0,0,0,0,0,2,0,1,0,0,"","iron.ancestor.firstpack",0,0,0,2,0,4,0,0,0,0,0,0,10,4,1,3,3,0,13,10,11,10,11,10,3,5,4,6,25,24,0,0,0,0,1,1,1,0,0,0,4,3,0,0,15,18
game-434,434,"iron-hyena-pack-pressure","iron-hyena-pack-pressure",False,13,4,3,2,3,5,5,10,,1,0,1,0,0,0,2,0,2,0,0,0,8,6,4,5,0,0,0,0,0,2,0,1,0,0,"","iron.ancestor.firstpack",0,0,0,2,0,4,0,0,0,0,0,0,2,11,1,2,1,2,8,10,8,10,8,10,0,5,5,5,20,24,0,0,0,0,0,0,0,0,0,0,4,3,0,1,13,17
game-435,435,"iron-hyena-pack-pressure","iron-hyena-pack-pressure",False,12,3,3,2,3,7,5,5,,1,0,1,0,0,0,1,0,1,0,0,0,2,4,2,4,0,0,0,0,0,4,0,3,0,0,"","iron.ancestor.firstpack",0,0,0,2,0,3,0,0,0,0,0,0,9,4,1,1,2,3,11,11,11,11,11,11,5,2,5,5,23,23,0,0,0,0,1,0,0,0,0,0,4,3,1,0,12,16
game-436,436,"iron-hyena-pack-pressure","iron-hyena-pack-pressure",False,11,3,1,3,3,6,5,5,,1,0,1,0,0,0,2,0,2,0,0,0,2,4,2,4,0,0,0,0,0,1,0,1,0,0,"","iron.ancestor.firstpack",0,0,0,2,0,2,0,0,0,0,0,0,1,5,1,2,0,3,6,6,6,6,6,6,1,3,5,3,18,16,0,0,0,0,0,3,0,0,0,0,4,3,1,1,19,5
game-437,437,"iron-hyena-pack-pressure","iron-hyena-pack-pressure",False,15,4,3,2,3,7,10,5,,2,0,2,0,0,0,3,0,3,0,0,0,4,8,4,8,0,1,2,1,0,4,0,3,0,0,"","iron.ancestor.firstpack",0,0,0,2,0,3,0,0,0,0,0,0,10,1,1,1,4,0,6,12,6,12,6,12,3,5,5,7,20,28,0,0,0,0,0,0,0,0,0,1,4,3,0,1,5,24
game-438,438,"iron-hyena-pack-pressure","iron-hyena-pack-pressure",False,13,4,3,2,3,7,5,7,,0,0,0,0,0,0,1,0,1,0,0,0,0,2,0,2,0,0,0,2,0,1,0,1,0,0,"","iron.ancestor.firstpack",0,0,0,2,0,4,0,0,0,0,0,0,1,9,0,3,1,1,5,11,5,11,5,11,0,6,3,6,17,25,0,0,0,0,0,1,0,0,0,0,4,3,0,1,9,30
game-439,439,"iron-hyena-pack-pressure","iron-hyena-pack-pressure",False,12,3,3,2,3,7,5,6,,2,0,2,0,0,0,1,0,1,0,0,0,8,2,6,2,0,0,1,1,0,6,0,3,0,0,"","iron.ancestor.firstpack",0,0,0,2,0,3,0,0,0,0,0,0,5,8,2,1,1,3,5,10,5,10,5,10,2,3,4,5,17,22,0,0,0,0,0,1,0,0,0,0,4,3,1,0,8,18
game-440,440,"iron-hyena-pack-pressure","iron-hyena-pack-pressure",False,16,4,2,3,3,5,5,7,,3,0,3,0,0,0,3,0,3,0,0,0,8,6,8,6,0,1,0,1,0,1,0,1,0,0,"","iron.ancestor.smithpassedfang",0,0,0,2,0,5,0,0,0,0,1,0,4,5,2,1,1,4,12,10,12,9,12,9,3,3,7,4,28,25,0,0,0,0,0,1,0,0,1,1,4,3,0,0,11,16
game-441,441,"iron-hyena-pack-pressure","iron-hyena-pack-pressure",False,9,3,0,3,3,6,,9,,1,0,1,0,0,0,0,0,0,0,0,0,4,0,2,0,0,0,0,0,0,0,0,0,0,0,"","",0,0,0,0,0,0,0,0,0,0,0,0,0,0,0,0,0,0,9,2,9,2,9,2,2,0,4,1,19,10,0,0,0,0,0,0,0,0,0,0,4,3,1,1,20,3
game-442,442,"iron-hyena-pack-pressure","iron-hyena-pack-pressure",False,14,4,2,3,3,5,5,7,,1,0,1,0,0,0,1,0,1,0,0,0,6,2,2,2,0,0,0,0,0,4,0,3,0,0,"","iron.ancestor.firstpack",0,1,0,4,0,4,0,0,0,0,1,0,15,3,0,1,3,2,18,7,14,7,14,7,3,1,6,6,28,21,0,0,0,0,0,0,0,0,0,0,4,3,0,0,14,23
game-443,443,"iron-hyena-pack-pressure","iron-hyena-pack-pressure",False,14,4,1,3,3,8,10,5,,1,0,1,0,0,0,2,0,2,0,0,0,4,6,4,6,0,0,0,0,0,2,0,1,0,0,"","iron.ancestor.firstpack",0,0,0,2,0,2,0,0,0,0,0,0,6,4,1,2,3,2,11,7,11,7,11,7,2,4,6,4,25,21,0,0,0,0,1,0,0,0,0,0,4,3,0,0,13,13
game-444,444,"iron-hyena-pack-pressure","iron-hyena-pack-pressure",False,11,3,0,3,3,8,,6,,1,0,1,0,0,0,0,0,0,0,0,0,2,0,2,0,0,0,0,0,0,0,0,0,0,0,"","",0,0,0,0,0,0,0,0,0,0,0,0,4,0,2,0,1,0,9,2,9,2,9,2,5,0,5,2,21,12,0,0,0,0,0,1,0,0,0,0,4,3,1,1,15,3
game-445,445,"iron-hyena-pack-pressure","iron-hyena-pack-pressure",False,13,4,3,2,3,7,5,8,,1,0,1,0,0,0,0,0,0,0,0,0,2,0,2,0,0,0,0,0,0,5,0,3,0,0,"","iron.ancestor.firstpack",0,0,0,2,0,4,0,0,0,0,0,0,6,1,1,0,2,1,7,12,7,12,7,12,3,4,5,6,19,26,0,0,0,0,0,0,0,0,0,0,4,3,0,1,8,21
game-446,446,"iron-hyena-pack-pressure","iron-hyena-pack-pressure",False,12,3,3,2,3,5,7,7,,0,0,0,0,0,0,1,0,1,0,0,0,0,2,0,2,0,0,0,0,0,1,0,1,0,0,"","iron.ancestor.firstpack",0,0,0,2,0,2,0,0,0,0,0,0,2,7,0,2,1,5,6,6,6,6,6,6,0,2,3,3,18,18,0,0,0,0,0,1,0,0,0,0,4,3,1,0,18,20
game-447,447,"iron-hyena-pack-pressure","iron-hyena-pack-pressure",False,13,4,3,2,3,6,10,5,,1,0,1,0,0,0,1,0,1,0,0,0,2,2,2,2,0,0,0,0,0,2,0,1,0,0,"","iron.ancestor.firstpack",0,0,0,2,0,2,0,0,0,0,0,0,5,2,1,0,3,2,5,10,5,9,5,9,3,4,3,5,17,23,0,0,0,0,0,1,0,1,0,0,4,3,0,1,8,19
game-448,448,"iron-hyena-pack-pressure","iron-hyena-pack-pressure",False,13,4,3,2,3,7,5,6,,2,0,2,0,0,0,1,0,1,0,0,0,4,8,4,3,0,0,0,0,0,1,0,1,0,0,"","iron.ancestor.smithpassedfang",0,0,0,2,0,4,0,0,0,0,2,0,2,8,1,2,1,2,7,7,7,7,7,7,2,2,4,4,19,21,0,0,0,0,1,1,1,0,0,0,4,3,0,1,17,19
game-449,449,"iron-hyena-pack-pressure","iron-hyena-pack-pressure",False,13,4,3,2,3,8,10,6,,1,0,1,0,0,0,1,0,1,0,0,0,2,2,2,2,0,1,0,0,0,1,0,1,0,0,"","iron.ancestor.firstpack",0,0,0,2,0,2,0,0,0,0,0,0,23,0,2,0,5,0,8,9,8,8,8,8,4,3,5,3,20,22,0,0,0,0,0,0,0,0,0,0,4,3,0,1,12,28
game-450,450,"iron-hyena-pack-pressure","iron-hyena-pack-pressure",False,13,4,3,2,3,5,5,7,,2,0,2,0,0,0,1,0,1,0,0,0,10,4,7,4,0,0,0,0,0,1,0,1,0,0,"","iron.ancestor.firstpack",0,0,0,2,0,4,0,0,0,0,0,0,4,4,1,1,3,3,10,7,10,7,10,7,1,2,5,5,22,21,0,0,0,0,0,0,0,0,0,0,4,3,0,1,15,22
game-451,451,"iron-hyena-pack-pressure","iron-hyena-pack-pressure",False,13,4,3,2,3,7,10,5,,1,0,1,0,0,0,1,0,1,0,0,0,4,2,4,2,0,0,0,0,0,1,0,1,0,0,"","iron.ancestor.firstpack",0,0,0,2,0,2,0,0,0,0,0,0,22,2,2,1,5,1,12,8,10,8,10,8,3,2,5,5,22,22,0,0,0,0,0,1,0,0,0,0,4,3,0,1,8,25
game-452,452,"iron-hyena-pack-pressure","iron-hyena-pack-pressure",False,13,4,3,2,3,7,10,5,,2,0,2,0,0,0,2,0,2,0,0,0,4,6,3,6,0,1,0,0,0,2,0,1,0,0,"","iron.ancestor.firstpack",0,0,0,2,0,2,0,0,0,0,0,0,10,2,1,0,6,2,6,13,6,11,6,11,4,5,3,6,18,25,0,0,0,0,0,0,0,0,0,0,4,3,0,1,10,21
game-453,453,"iron-hyena-pack-pressure","iron-hyena-pack-pressure",False,13,4,3,2,3,5,5,12,,0,0,0,0,0,0,2,0,2,0,0,0,0,10,0,6,0,0,0,0,0,2,0,2,0,0,"","iron.ancestor.smithpassedfang",0,1,0,4,0,4,0,0,0,0,1,0,9,0,0,0,3,0,10,12,9,8,9,8,3,3,5,3,21,22,0,0,0,0,0,0,0,0,0,0,4,3,0,1,5,23
game-454,454,"iron-hyena-pack-pressure","iron-hyena-pack-pressure",False,13,4,3,2,3,6,5,5,,0,0,0,0,0,0,1,0,1,0,0,0,0,2,0,2,0,0,0,0,0,6,0,4,0,0,"","iron.ancestor.firstpack",0,0,0,2,0,4,0,0,0,0,0,0,3,7,1,0,1,4,4,15,4,13,4,13,1,7,2,6,16,27,0,0,0,0,0,1,0,0,0,0,4,3,0,1,8,19
game-455,455,"iron-hyena-pack-pressure","iron-hyena-pack-pressure",False,14,4,2,3,3,7,5,6,,2,0,2,0,0,0,1,0,1,0,0,0,6,4,5,4,0,0,0,0,0,3,0,2,0,0,"","iron.ancestor.smithpassedfang",0,1,0,4,0,4,0,0,0,0,2,0,13,6,3,1,2,2,15,11,14,9,14,9,5,4,5,4,28,23,0,0,0,0,2,0,0,0,0,0,4,3,0,0,11,19
game-456,456,"iron-hyena-pack-pressure","iron-hyena-pack-pressure",False,11,3,2,3,3,7,,9,,1,0,1,0,0,0,0,0,0,0,0,0,8,0,3,0,0,0,0,0,0,0,0,0,0,0,"","",0,0,0,0,0,0,0,0,0,0,0,0,2,6,1,1,1,2,5,6,5,5,5,5,1,1,3,2,17,15,0,0,0,0,2,0,1,0,0,0,4,3,1,1,18,3
game-457,457,"iron-hyena-pack-pressure","iron-hyena-pack-pressure",False,11,3,1,3,3,7,7,5,,0,0,0,0,0,0,1,0,1,0,0,0,0,2,0,2,0,0,0,1,0,2,0,1,0,0,"","iron.ancestor.firstpack",0,0,0,2,0,1,0,0,0,0,0,0,6,2,0,0,3,2,9,4,9,4,9,4,3,1,5,3,21,14,0,0,0,0,0,0,0,0,0,0,4,3,1,1,14,7
game-458,458,"iron-hyena-pack-pressure","iron-hyena-pack-pressure",False,13,4,3,2,3,7,10,5,,2,0,2,0,0,0,1,0,1,0,0,0,6,4,6,3,0,0,0,0,0,2,0,1,0,0,"","iron.ancestor.firstpack",0,0,0,2,0,2,0,0,0,0,0,0,10,2,1,0,3,2,8,10,8,10,8,10,3,3,3,6,20,24,0,0,0,0,0,0,0,0,0,0,4,3,0,1,7,21
game-459,459,"iron-hyena-pack-pressure","iron-hyena-pack-pressure",False,10,3,3,2,3,5,5,8,,2,0,2,0,0,0,1,0,1,0,0,0,6,8,6,2,0,0,1,0,0,2,0,1,0,0,"","iron.ancestor.firstpack",0,0,0,2,0,2,0,0,0,0,0,0,2,2,0,0,2,1,8,10,8,9,8,9,3,2,4,4,18,19,0,0,0,0,0,0,0,0,0,0,4,3,1,0,16,10
game-460,460,"iron-hyena-pack-pressure","iron-hyena-pack-pressure",False,11,3,2,3,4,5,5,8,,1,0,1,0,0,0,1,0,1,0,0,0,2,4,2,4,0,0,0,0,0,2,0,1,0,0,"","iron.ancestor.firstpack",0,0,0,2,0,2,0,0,0,0,0,0,1,2,0,0,1,2,8,4,8,4,8,4,1,0,4,4,20,14,0,0,0,0,0,0,0,0,0,0,4,6,1,1,17,14
game-461,461,"iron-hyena-pack-pressure","iron-hyena-pack-pressure",False,14,4,2,3,3,7,10,5,,1,0,1,0,0,0,2,0,2,0,0,0,2,4,2,4,0,0,0,0,0,2,0,1,0,0,"","iron.ancestor.firstpack",0,0,0,2,0,2,0,0,0,0,0,0,7,1,2,0,2,1,7,11,7,10,7,10,4,5,5,6,21,24,0,0,0,0,0,2,0,0,0,0,4,3,0,0,9,20
game-462,462,"iron-hyena-pack-pressure","iron-hyena-pack-pressure",False,14,4,2,3,3,6,12,7,,2,0,2,0,0,0,2,0,2,0,0,0,8,6,8,6,0,0,0,0,0,2,0,1,0,0,"","iron.ancestor.firstpack",0,0,0,2,0,1,0,0,0,0,0,0,3,2,1,1,2,1,11,7,11,6,11,6,4,2,6,4,25,20,0,0,0,0,0,0,0,0,0,0,5,3,0,0,12,19
game-463,463,"iron-hyena-pack-pressure","iron-hyena-pack-pressure",False,13,4,3,2,3,5,5,6,,2,0,2,0,0,0,1,0,1,0,0,0,4,4,4,4,0,0,2,0,0,2,0,1,0,0,"","iron.ancestor.firstpack",0,0,0,2,0,4,0,0,0,0,0,0,11,0,3,0,7,0,8,15,8,13,8,13,3,2,4,6,20,27,0,0,0,0,1,0,0,0,0,0,4,3,0,1,17,23
game-464,464,"iron-hyena-pack-pressure","iron-hyena-pack-pressure",False,10,3,3,1,3,5,5,10,,0,0,0,0,0,0,1,0,1,0,0,0,0,6,0,2,0,0,0,0,0,3,0,2,0,0,"","iron.ancestor.firstpack",0,0,0,2,0,2,0,0,0,0,0,0,0,3,0,0,0,3,3,11,3,10,3,10,0,0,2,4,13,20,0,0,0,0,0,0,0,0,0,0,4,3,1,0,12,12
game-465,465,"iron-hyena-pack-pressure","iron-hyena-pack-pressure",False,12,3,3,2,3,5,5,10,,0,0,0,0,0,0,2,0,2,0,0,0,0,10,0,8,0,0,0,0,0,2,0,2,0,0,"","iron.ancestor.firstpack",0,0,0,2,0,3,0,0,0,0,0,0,0,1,0,0,0,1,6,7,6,7,6,7,3,3,3,4,18,19,0,0,0,0,0,0,0,0,0,0,4,3,1,0,16,12
game-466,466,"iron-hyena-pack-pressure","iron-hyena-pack-pressure",False,13,4,3,2,3,5,5,8,,1,0,1,0,0,0,2,0,2,0,0,0,2,6,2,6,0,0,0,0,0,4,0,3,0,0,"","iron.ancestor.firstpack",0,0,0,2,0,4,0,0,0,0,0,0,2,2,1,1,0,1,7,9,7,9,7,9,3,3,5,6,19,23,0,0,0,0,0,0,0,0,0,0,4,3,0,1,12,19
game-467,467,"iron-hyena-pack-pressure","iron-hyena-pack-pressure",False,11,3,1,3,3,6,5,,,0,0,0,0,0,0,0,0,0,0,0,0,0,0,0,0,0,0,0,0,0,2,0,1,0,0,"","iron.ancestor.firstpack",0,0,0,2,0,2,0,0,0,0,0,0,6,0,0,0,3,0,7,5,7,5,7,5,2,0,5,4,19,15,0,0,0,0,0,0,0,0,0,0,4,3,1,1,10,8
game-468,468,"iron-hyena-pack-pressure","iron-hyena-pack-pressure",False,15,4,3,2,3,8,10,5,,1,0,1,0,0,0,2,0,2,0,0,0,2,4,1,4,0,0,0,0,0,2,0,1,0,0,"","iron.ancestor.firstpack",0,0,0,2,0,3,0,0,0,0,0,0,8,9,3,2,2,4,7,10,7,10,7,10,0,5,5,6,21,26,0,0,0,0,0,1,0,0,0,1,4,3,0,1,10,17
game-469,469,"iron-hyena-pack-pressure","iron-hyena-pack-pressure",False,15,4,3,2,3,7,10,5,,2,0,2,0,0,0,2,0,2,0,0,0,6,8,6,6,0,0,1,1,0,2,0,1,0,0,"","iron.ancestor.firstpack",0,0,0,2,0,3,0,0,0,0,0,0,12,10,3,2,4,5,13,11,13,11,13,11,3,4,6,6,27,27,0,0,0,0,3,1,0,0,0,1,4,3,0,1,11,18
game-470,470,"iron-hyena-pack-pressure","iron-hyena-pack-pressure",False,13,4,3,2,3,5,5,6,,1,0,1,0,0,0,1,0,1,0,0,0,2,4,2,2,0,0,0,0,0,2,0,2,0,0,"","iron.ancestor.smithpassedfang",0,1,0,4,0,4,0,0,0,0,1,0,10,1,1,0,3,1,9,13,9,11,9,11,6,5,4,6,21,25,0,0,0,0,0,0,0,0,0,0,4,3,0,1,12,20
game-471,471,"iron-hyena-pack-pressure","iron-hyena-pack-pressure",False,13,4,3,2,3,5,5,7,,2,0,2,0,0,0,2,0,2,0,0,0,18,6,8,4,0,0,0,0,0,6,0,3,0,0,"","iron.ancestor.firstpack",0,0,0,2,0,4,0,0,0,0,0,0,10,5,1,1,3,4,9,11,9,10,9,10,3,4,4,6,21,24,0,0,0,0,0,1,0,0,0,0,4,3,0,1,13,22
game-472,472,"iron-hyena-pack-pressure","iron-hyena-pack-pressure",False,15,4,3,1,3,8,10,6,,1,0,1,0,0,0,2,0,2,0,0,0,2,6,2,5,0,0,0,0,0,4,0,2,0,0,"","iron.ancestor.firstpack",0,0,0,2,0,3,0,0,0,0,0,0,2,14,1,4,1,1,6,12,6,11,6,11,1,4,5,5,20,27,0,0,0,0,1,1,0,0,0,1,4,3,0,1,6,13
game-473,473,"iron-hyena-pack-pressure","iron-hyena-pack-pressure",False,11,3,2,3,3,5,5,7,,1,0,1,0,0,0,1,0,1,0,0,0,6,6,2,4,0,0,0,0,0,2,0,1,0,0,"","iron.ancestor.firstpack",0,0,0,2,0,2,0,0,0,0,0,0,5,13,1,0,0,7,11,7,11,7,11,7,3,2,5,3,23,17,0,0,0,0,0,1,0,1,0,0,4,3,1,1,10,10
game-474,474,"iron-hyena-pack-pressure","iron-hyena-pack-pressure",False,11,3,1,3,3,6,7,7,,1,0,1,0,0,0,1,0,1,0,0,0,2,2,2,2,0,0,0,0,0,1,0,1,0,0,"","iron.ancestor.firstpack",0,0,0,2,0,1,0,0,0,0,0,0,1,7,0,0,1,3,8,5,8,5,8,5,4,3,5,3,20,15,0,0,0,0,0,0,0,0,0,0,5,3,1,1,10,4
game-475,475,"iron-hyena-pack-pressure","iron-hyena-pack-pressure",False,13,4,3,2,3,9,5,6,,2,0,2,0,0,0,0,0,0,0,0,0,6,0,5,0,1,0,0,0,0,1,0,1,0,0,"","iron.ancestor.smithpassedfang",0,0,0,2,0,4,0,0,0,0,2,0,5,6,2,0,3,3,7,9,7,8,7,8,1,3,4,3,19,22,0,0,0,0,0,0,0,0,0,0,4,3,0,1,7,27
game-476,476,"iron-hyena-pack-pressure","iron-hyena-pack-pressure",False,12,3,3,2,3,7,10,6,,2,0,2,0,0,0,2,0,2,0,0,0,4,12,4,6,1,0,1,0,0,3,0,2,0,0,"","iron.ancestor.firstpack",0,0,0,2,0,1,0,0,0,0,0,0,5,8,2,0,0,2,6,11,6,8,6,8,5,3,4,3,18,20,0,0,0,0,1,1,0,1,0,0,4,3,1,0,11,17
game-477,477,"iron-hyena-pack-pressure","iron-hyena-pack-pressure",False,11,3,1,3,3,7,5,7,,1,0,1,0,0,0,1,0,1,0,0,0,8,2,2,2,0,0,0,0,0,1,0,1,0,0,"","iron.ancestor.firstpack",0,0,0,2,0,2,0,0,0,0,0,0,3,12,0,0,3,4,12,4,12,4,12,4,3,1,5,4,24,14,0,0,0,0,0,0,0,0,0,0,4,3,1,1,13,9
game-478,478,"iron-hyena-pack-pressure","iron-hyena-pack-pressure",False,12,3,3,2,3,5,5,5,,2,0,2,0,0,0,1,0,1,0,0,0,6,2,6,2,0,0,2,0,0,4,0,3,0,0,"","iron.ancestor.firstpack",0,1,0,4,0,3,0,0,0,0,0,0,0,2,0,0,0,1,8,8,7,8,7,8,5,3,3,5,19,20,0,0,0,0,0,0,0,0,0,0,4,3,1,0,9,13
game-479,479,"iron-hyena-pack-pressure","iron-hyena-pack-pressure",False,15,4,3,2,3,5,5,7,,2,0,2,0,0,0,3,0,3,0,0,0,6,10,6,10,0,0,0,0,0,3,0,3,0,0,"","iron.ancestor.firstpack",0,1,0,4,0,5,0,0,0,0,1,0,2,4,0,2,2,2,10,12,10,12,10,12,2,5,6,7,24,28,0,0,0,0,0,0,0,0,0,1,4,3,0,1,7,23
game-480,480,"iron-hyena-pack-pressure","iron-hyena-pack-pressure",False,13,4,3,1,3,7,10,5,,2,0,2,0,0,0,2,0,2,0,0,0,6,6,6,6,0,0,0,0,0,4,0,3,0,0,"","iron.ancestor.firstpack",0,0,0,2,0,2,0,0,0,0,0,0,4,2,0,1,2,1,7,12,7,10,7,10,3,2,4,6,19,24,0,0,0,0,0,0,0,0,0,0,4,3,0,1,6,32
game-481,481,"iron-hyena-pack-pressure","iron-hyena-pack-pressure",False,12,3,3,2,3,7,5,5,,2,0,2,0,0,0,2,0,2,0,0,0,6,6,4,6,0,0,0,0,0,5,0,3,0,0,"","iron.ancestor.firstpack",0,0,0,2,0,3,0,0,0,0,0,0,12,4,0,1,3,3,11,8,11,8,11,8,6,1,5,4,23,20,0,0,0,0,0,0,0,0,0,0,4,3,1,0,12,17
game-482,482,"iron-hyena-pack-pressure","iron-hyena-pack-pressure",False,13,4,3,2,3,7,5,10,,1,0,1,0,0,0,1,0,1,0,0,0,4,2,4,2,0,0,0,0,0,5,0,3,0,0,"","iron.ancestor.firstpack",0,0,0,2,0,4,0,0,0,0,0,0,12,4,1,0,2,2,6,14,6,13,6,13,3,4,5,6,18,27,0,0,0,0,0,1,0,0,0,0,4,3,0,1,11,19
game-483,483,"iron-hyena-pack-pressure","iron-hyena-pack-pressure",False,11,3,1,3,3,7,7,5,,1,0,1,0,0,0,1,0,1,0,0,0,4,2,3,2,0,0,0,0,0,2,0,1,0,0,"","iron.ancestor.firstpack",0,0,0,2,0,1,0,0,0,0,0,0,2,2,1,0,0,2,12,4,10,4,10,4,3,1,4,4,22,14,0,0,0,0,0,1,0,1,0,0,4,3,1,1,17,4
game-484,484,"iron-hyena-pack-pressure","iron-hyena-pack-pressure",False,11,3,1,3,3,7,7,5,,1,0,1,0,0,0,1,0,1,0,0,0,2,2,2,2,0,0,0,0,0,2,0,1,0,0,"","iron.ancestor.firstpack",0,0,0,2,0,1,0,0,0,0,0,0,3,1,1,0,1,1,8,5,7,5,7,5,1,1,3,4,19,15,0,0,0,0,0,1,0,0,0,0,4,3,1,1,12,7
game-485,485,"iron-hyena-pack-pressure","iron-hyena-pack-pressure",False,11,3,1,3,3,5,5,9,,1,0,1,0,0,0,0,0,0,0,0,0,2,0,2,0,0,0,0,0,0,2,0,1,0,0,"","iron.ancestor.firstpack",0,0,0,2,0,2,0,0,0,0,0,0,2,0,0,0,2,0,12,5,10,5,10,5,2,0,5,4,22,15,0,0,0,0,0,0,0,0,0,0,4,3,1,1,14,11
game-486,486,"iron-hyena-pack-pressure","iron-hyena-pack-pressure",False,10,3,3,1,3,5,5,6,,1,0,1,0,0,0,1,0,1,0,0,0,2,6,2,3,0,0,0,0,0,3,0,2,0,0,"","iron.ancestor.firstpack",0,0,0,2,0,2,0,0,0,0,0,0,3,1,0,0,3,1,3,7,3,6,3,6,2,0,3,3,13,16,0,0,0,0,0,0,0,0,0,0,4,3,1,0,14,10
game-487,487,"iron-hyena-pack-pressure","iron-hyena-pack-pressure",False,13,4,3,2,3,6,10,5,,1,0,1,0,0,0,2,0,2,0,0,0,2,6,2,4,0,0,0,0,0,1,0,1,0,0,"","iron.ancestor.firstpack",0,0,0,2,0,2,0,0,0,0,0,0,2,3,0,1,2,2,6,11,6,10,6,10,1,5,5,6,18,24,0,0,0,0,0,1,0,0,0,0,4,3,0,1,13,30
game-488,488,"iron-hyena-pack-pressure","iron-hyena-pack-pressure",False,12,3,3,2,3,5,5,6,,1,0,1,0,0,0,1,0,1,0,0,0,2,8,2,2,0,0,0,0,0,3,0,2,0,0,"","iron.ancestor.smithpassedfang",0,1,0,4,0,3,0,0,0,0,1,0,7,1,1,1,3,0,6,8,6,8,6,8,4,2,4,5,18,20,0,0,0,0,1,0,1,0,0,0,4,3,1,0,12,19
game-489,489,"iron-hyena-pack-pressure","iron-hyena-pack-pressure",False,13,4,3,1,3,7,5,6,,1,0,1,0,0,0,1,0,1,0,0,0,2,6,2,2,0,0,0,0,0,5,0,4,0,0,"","iron.ancestor.firstpack",0,0,0,2,0,4,0,0,0,0,0,0,10,4,2,1,3,1,5,14,5,11,5,11,4,2,3,6,17,25,0,0,0,0,0,1,0,0,0,0,4,3,0,1,1,22
game-490,490,"iron-hyena-pack-pressure","iron-hyena-pack-pressure",False,13,4,3,2,3,6,5,9,,1,0,1,0,0,0,0,0,0,0,0,0,6,0,4,0,0,0,0,0,0,2,0,2,0,0,"","iron.ancestor.smithpassedfang",0,1,0,4,0,4,0,0,0,0,1,0,6,4,0,1,3,3,5,8,5,8,5,8,1,3,4,4,17,22,0,0,0,0,0,0,0,0,0,0,4,3,0,1,10,22
game-491,491,"iron-hyena-pack-pressure","iron-hyena-pack-pressure",False,11,3,2,3,3,5,5,10,,1,0,1,0,0,0,1,0,1,0,0,0,6,6,2,4,0,0,0,0,0,1,0,1,0,0,"","iron.ancestor.firstpack",0,0,0,2,0,2,0,0,0,0,0,0,0,2,0,1,0,0,9,7,9,6,9,6,2,0,5,3,21,16,0,0,0,0,0,0,0,0,0,0,4,3,1,1,16,10
game-492,492,"iron-hyena-pack-pressure","iron-hyena-pack-pressure",False,9,3,0,3,3,6,,,,0,0,0,0,0,0,0,0,0,0,0,0,0,0,0,0,0,0,0,0,0,0,0,0,0,0,"","",0,0,0,0,0,0,0,0,0,0,0,0,0,0,0,0,0,0,7,1,7,1,7,1,0,0,4,1,17,9,0,0,0,0,0,0,0,0,0,0,4,3,1,1,21,4
game-493,493,"iron-hyena-pack-pressure","iron-hyena-pack-pressure",False,11,3,1,3,3,6,10,5,,0,0,0,0,0,0,1,0,1,0,0,0,0,2,0,2,0,0,0,0,0,2,0,1,0,0,"","iron.ancestor.firstpack",0,0,0,2,0,0,0,0,0,0,0,0,0,5,0,1,0,4,6,4,6,4,6,4,0,2,4,4,18,14,0,0,0,0,0,1,0,0,0,0,4,3,1,1,11,7
game-494,494,"iron-hyena-pack-pressure","iron-hyena-pack-pressure",False,12,3,3,2,3,5,5,9,,1,0,1,0,0,0,0,0,0,0,0,0,4,0,4,0,0,0,0,0,0,3,0,2,0,0,"","iron.ancestor.firstpack",0,0,0,2,0,3,0,0,0,0,0,0,9,0,0,0,3,0,9,7,7,7,7,7,2,2,3,5,19,19,0,0,0,0,0,0,0,0,0,0,4,3,1,0,9,14
game-495,495,"iron-hyena-pack-pressure","iron-hyena-pack-pressure",False,12,3,3,2,3,5,5,5,,1,0,1,0,0,0,1,0,1,0,0,0,4,2,2,2,0,0,0,0,0,4,0,3,0,0,"","iron.ancestor.firstpack",0,0,0,2,0,3,0,0,0,0,0,0,7,3,2,1,3,2,6,6,6,6,6,6,3,0,2,5,18,18,0,0,0,0,2,1,0,0,0,0,4,3,1,0,12,19
game-496,496,"iron-hyena-pack-pressure","iron-hyena-pack-pressure",False,13,4,3,2,4,7,5,7,,1,0,1,0,0,0,2,0,2,0,0,0,2,6,2,4,0,0,0,0,0,2,0,1,0,0,"","iron.ancestor.firstpack",0,0,0,2,0,4,0,0,0,0,0,0,9,3,3,0,2,1,8,14,8,14,8,14,4,6,4,6,20,28,0,0,0,0,0,1,0,0,0,0,4,6,0,1,7,20
game-497,497,"iron-hyena-pack-pressure","iron-hyena-pack-pressure",False,15,4,3,2,3,7,12,5,,1,0,1,0,0,0,1,0,1,0,0,0,2,2,2,2,0,0,1,0,0,2,0,1,0,0,"","iron.ancestor.firstpack",0,0,0,2,0,2,0,0,0,0,0,0,3,4,1,2,2,2,12,10,11,9,11,9,3,1,5,4,25,25,0,0,0,0,1,1,0,0,0,1,4,3,0,1,4,17
game-498,498,"iron-hyena-pack-pressure","iron-hyena-pack-pressure",False,13,4,3,1,3,7,10,5,,1,0,1,0,0,0,1,0,1,0,0,0,2,2,2,2,0,0,0,0,0,5,0,3,0,0,"","iron.ancestor.firstpack",0,0,0,2,0,2,0,0,0,0,0,0,0,1,0,1,0,0,6,9,6,9,6,9,1,3,4,6,18,23,0,0,0,0,0,0,0,0,0,0,4,3,0,1,5,22
game-499,499,"iron-hyena-pack-pressure","iron-hyena-pack-pressure",False,13,4,3,1,3,7,5,5,,1,0,1,0,0,0,2,0,2,0,0,0,4,6,4,6,0,0,0,0,0,3,0,2,0,0,"","iron.ancestor.firstpack",0,0,0,2,0,4,0,0,0,0,0,0,2,2,0,1,2,0,4,13,4,13,4,13,2,7,4,6,16,27,0,0,0,0,0,0,0,0,0,0,4,3,0,1,4,24
game-500,500,"iron-hyena-pack-pressure","iron-hyena-pack-pressure",False,15,4,3,2,3,5,7,7,,2,0,2,0,0,0,2,0,2,0,0,0,4,6,4,6,0,0,0,0,0,3,0,2,0,0,"","iron.ancestor.firstpack",0,0,0,2,0,4,0,0,0,0,0,0,2,2,1,1,0,1,7,11,7,10,7,10,3,5,5,5,21,26,0,0,0,0,0,0,0,0,0,1,5,3,0,1,10,19
game-501,501,"iron-hyena-pack-pressure","iron-hyena-pack-pressure",False,13,4,3,1,3,7,5,9,,2,0,2,0,0,0,1,0,1,0,0,0,6,4,6,2,0,0,0,0,0,7,0,4,0,0,"","iron.ancestor.firstpack",0,0,0,2,0,4,0,0,0,0,0,0,12,9,2,1,4,2,8,14,8,13,8,13,4,5,3,6,20,27,0,0,0,0,2,0,0,0,0,0,4,3,0,1,4,19
game-502,502,"iron-hyena-pack-pressure","iron-hyena-pack-pressure",False,12,3,3,1,3,5,5,5,,1,0,1,0,0,0,1,0,1,0,0,0,2,2,2,2,0,0,0,0,0,3,0,2,0,0,"","iron.ancestor.firstpack",0,0,0,2,0,3,0,0,0,0,0,0,0,8,0,2,0,3,7,6,7,6,7,6,1,2,5,5,19,18,0,0,0,0,1,0,0,0,0,0,4,3,1,0,9,20
game-503,503,"iron-hyena-pack-pressure","iron-hyena-pack-pressure",False,13,4,3,1,4,5,5,7,,1,0,1,0,0,0,1,0,1,0,0,0,2,4,2,3,0,0,0,0,0,6,0,4,0,0,"","iron.ancestor.firstpack",0,0,0,2,0,4,0,0,0,0,0,0,1,2,1,0,0,1,3,11,3,11,3,11,2,2,3,6,15,25,0,0,0,0,0,0,0,0,0,0,4,6,0,1,6,25
game-504,504,"iron-hyena-pack-pressure","iron-hyena-pack-pressure",False,13,4,3,1,3,5,7,6,,1,0,1,0,0,0,2,0,2,0,0,0,2,4,2,4,0,0,0,0,0,6,0,4,0,0,"","iron.ancestor.firstpack",0,0,0,2,0,3,0,0,0,0,0,0,1,2,0,1,1,1,5,9,5,9,5,9,2,4,4,6,17,23,0,0,0,0,0,0,0,0,0,0,4,3,0,1,9,24
game-505,505,"iron-hyena-pack-pressure","iron-hyena-pack-pressure",False,13,4,3,2,3,7,5,5,,1,0,1,0,0,0,2,0,2,0,0,0,2,4,2,4,0,0,0,0,0,1,0,1,0,0,"","iron.ancestor.firstpack",0,0,0,2,0,4,0,0,0,0,0,0,9,4,3,0,1,2,9,12,8,11,8,11,4,3,5,5,20,25,0,0,0,0,0,1,0,0,0,0,4,3,0,1,11,17
game-506,506,"iron-hyena-pack-pressure","iron-hyena-pack-pressure",False,15,4,3,2,3,7,5,5,,2,0,2,0,0,0,3,0,3,0,0,0,6,6,6,6,1,0,0,0,0,4,0,3,0,0,"","iron.ancestor.firstpack",0,0,0,2,0,5,0,0,0,0,0,0,3,5,2,0,1,5,8,15,8,15,8,15,1,8,5,7,22,31,0,0,0,0,0,0,0,0,0,1,4,3,0,1,7,18
game-507,507,"iron-hyena-pack-pressure","iron-hyena-pack-pressure",False,13,4,3,2,3,6,5,7,,1,0,1,0,0,0,1,0,1,0,0,0,2,4,2,3,0,0,0,0,0,2,0,1,0,0,"","iron.ancestor.firstpack",0,0,0,2,0,4,0,0,0,0,0,0,9,3,3,1,1,1,5,8,5,8,5,8,3,2,3,6,17,22,0,0,0,0,1,2,1,0,0,0,4,3,0,1,10,19
game-508,508,"iron-hyena-pack-pressure","iron-hyena-pack-pressure",False,12,3,3,2,3,5,7,8,,1,0,1,0,0,0,0,0,0,0,0,0,2,0,2,0,0,0,0,0,0,1,0,1,0,0,"","iron.ancestor.firstpack",0,0,0,2,0,2,0,0,0,0,0,0,0,15,0,2,0,4,10,9,10,9,10,9,2,2,5,5,22,21,0,0,0,0,0,0,0,0,0,0,4,3,1,0,15,20
game-509,509,"iron-hyena-pack-pressure","iron-hyena-pack-pressure",False,9,3,0,3,3,6,,9,,1,0,1,0,0,0,0,0,0,0,0,0,4,0,2,0,0,0,0,0,0,0,0,0,0,0,"","",0,0,0,0,0,0,0,0,0,0,0,0,0,0,0,0,0,0,7,2,7,2,7,2,1,0,4,1,17,10,0,0,0,0,0,0,0,0,0,0,4,3,1,1,20,3
game-510,510,"iron-hyena-pack-pressure","iron-hyena-pack-pressure",False,10,3,3,1,3,5,5,5,,0,0,0,0,0,0,1,0,1,0,0,0,0,2,0,2,0,0,0,0,0,4,0,2,0,0,"","iron.ancestor.firstpack",0,0,0,2,0,2,0,0,0,0,0,0,5,0,2,0,1,0,3,7,3,7,3,7,1,0,2,3,13,17,0,0,0,0,0,1,0,0,0,0,4,3,1,0,11,11
game-511,511,"iron-hyena-pack-pressure","iron-hyena-pack-pressure",False,11,3,1,3,3,5,10,,,0,0,0,0,0,0,0,0,0,0,0,0,0,0,0,0,0,0,0,0,0,1,0,1,0,0,"","iron.ancestor.firstpack",0,0,0,2,0,0,0,0,0,0,0,0,7,0,0,0,4,0,9,1,9,1,9,1,2,0,5,1,21,11,0,0,0,0,0,0,0,0,0,0,4,3,1,1,13,10
game-512,512,"iron-hyena-pack-pressure","iron-hyena-pack-pressure",False,13,4,3,2,3,7,5,7,,1,0,1,0,0,0,1,0,1,0,0,0,2,2,2,2,0,0,0,0,0,3,0,2,0,0,"","iron.ancestor.firstpack",0,0,0,2,0,4,0,0,0,0,0,0,12,5,1,2,2,1,8,9,8,9,8,9,4,3,5,6,20,23,0,0,0,0,1,1,1,0,0,0,4,3,0,1,11,23
game-513,513,"iron-hyena-pack-pressure","iron-hyena-pack-pressure",False,13,4,3,1,3,7,5,6,,1,0,1,0,0,0,2,0,2,0,0,0,2,4,2,4,0,0,0,0,0,3,0,3,0,0,"","iron.ancestor.firstpack",0,0,0,2,0,4,0,0,0,0,0,0,2,2,1,1,1,1,6,11,6,11,6,11,2,5,5,6,18,25,0,0,0,0,0,0,0,0,0,0,4,3,0,1,4,25
game-514,514,"iron-hyena-pack-pressure","iron-hyena-pack-pressure",False,12,3,3,2,3,6,5,5,,1,0,1,0,0,0,2,0,2,0,0,0,6,4,4,4,1,0,0,0,0,5,0,3,0,0,"","iron.ancestor.firstpack",0,0,0,2,0,3,0,0,0,0,0,0,14,3,3,0,3,3,5,10,5,9,5,9,2,2,4,4,17,21,0,0,0,0,0,3,0,1,0,0,4,3,1,0,5,15
game-515,515,"iron-hyena-pack-pressure","iron-hyena-pack-pressure",False,13,4,3,1,3,7,5,5,,1,0,1,0,0,0,2,0,2,0,0,0,2,4,2,4,0,0,0,0,0,5,0,4,0,0,"","iron.ancestor.firstpack",0,0,0,2,0,4,0,0,0,0,0,0,2,4,1,1,1,3,7,13,7,11,7,11,1,2,4,5,19,25,0,0,0,0,0,1,0,0,0,0,4,3,0,1,7,23
game-516,516,"iron-hyena-pack-pressure","iron-hyena-pack-pressure",False,13,4,3,2,3,7,5,6,,1,0,1,0,0,0,2,0,2,0,0,0,2,8,2,6,0,0,0,0,0,6,0,4,0,0,"","iron.ancestor.firstpack",0,0,0,2,0,4,0,0,0,0,0,0,13,2,2,0,3,1,6,10,6,10,6,10,3,2,5,6,18,24,0,0,0,0,0,1,0,0,0,0,4,3,0,1,14,26
game-517,517,"iron-hyena-pack-pressure","iron-hyena-pack-pressure",False,17,5,2,3,3,7,5,7,,2,0,2,0,0,0,1,0,1,0,0,0,10,4,6,4,0,0,0,0,0,3,0,2,0,0,"","iron.ancestor.smithpassedfang",0,1,0,4,0,5,0,0,0,0,2,0,5,4,2,2,3,2,15,6,15,6,15,6,4,1,6,4,33,22,0,0,0,0,1,0,0,0,1,1,4,3,1,1,20,15
game-518,518,"iron-hyena-pack-pressure","iron-hyena-pack-pressure",False,13,4,3,2,3,5,5,6,,1,0,1,0,0,0,2,0,2,0,0,0,2,4,2,4,0,0,0,0,0,7,0,4,0,0,"","iron.ancestor.firstpack",0,0,0,2,0,4,0,0,0,0,0,0,7,4,1,1,2,3,9,9,8,9,8,9,2,3,5,6,20,23,0,0,0,0,0,1,0,1,0,0,4,3,0,1,13,24
game-519,519,"iron-hyena-pack-pressure","iron-hyena-pack-pressure",False,10,3,3,2,3,5,5,8,,1,0,1,0,0,0,0,0,0,0,0,0,2,0,2,0,0,0,0,0,0,1,0,1,0,0,"","iron.ancestor.firstpack",0,0,0,2,0,2,0,0,0,0,0,0,4,0,1,0,3,0,7,7,7,7,7,7,3,0,4,4,17,17,0,0,0,0,0,0,0,0,0,0,4,3,1,0,12,11
game-520,520,"iron-hyena-pack-pressure","iron-hyena-pack-pressure",False,11,3,1,3,3,6,5,7,,1,0,1,0,0,0,1,0,1,0,0,0,4,2,3,2,0,0,0,0,0,1,0,1,0,0,"","iron.ancestor.firstpack",0,0,0,2,0,2,0,0,0,0,0,0,2,1,1,0,0,1,8,4,8,4,8,4,3,1,5,4,20,14,0,0,0,0,0,0,0,0,0,0,4,3,1,1,13,8
game-521,521,"iron-hyena-pack-pressure","iron-hyena-pack-pressure",False,11,3,2,3,3,7,5,11,,1,0,1,0,0,0,0,0,0,0,0,0,6,0,2,0,0,0,0,0,0,1,0,1,0,0,"","iron.ancestor.smithpassedfang",0,0,0,2,0,2,0,0,0,0,1,0,3,1,0,1,3,0,8,3,7,3,7,3,0,0,3,2,19,13,0,0,0,0,0,0,0,0,0,0,4,3,1,1,14,8
game-522,522,"iron-hyena-pack-pressure","iron-hyena-pack-pressure",False,11,3,2,3,3,7,5,5,,1,0,1,0,0,0,1,0,1,0,0,0,2,4,2,4,0,0,0,0,0,1,0,1,0,0,"","iron.ancestor.firstpack",0,0,0,2,0,2,0,0,0,0,0,0,0,10,0,1,0,6,11,8,11,8,11,8,4,3,5,4,23,18,0,0,0,0,0,0,0,0,0,0,4,3,1,1,13,9
game-523,523,"iron-hyena-pack-pressure","iron-hyena-pack-pressure",False,13,4,3,2,3,7,5,9,,1,0,1,0,0,0,1,0,1,0,0,0,2,2,2,2,0,0,0,1,0,3,0,2,0,0,"","iron.ancestor.smithpassedfang",0,1,0,4,0,4,0,0,0,0,1,0,4,3,1,1,3,1,6,8,6,8,6,8,3,2,3,4,18,22,0,0,0,0,0,0,0,0,0,0,4,3,0,1,10,19
game-524,524,"iron-hyena-pack-pressure","iron-hyena-pack-pressure",False,14,4,2,3,3,7,5,14,,1,0,1,0,0,0,0,0,0,0,0,0,4,0,2,0,0,0,0,0,0,2,0,1,0,0,"","iron.ancestor.firstpack",0,0,0,2,0,4,0,0,0,0,0,0,11,6,1,0,4,3,12,10,12,10,12,10,4,3,6,6,26,24,0,0,0,0,0,0,0,0,0,0,4,3,0,0,8,16
game-525,525,"iron-hyena-pack-pressure","iron-hyena-pack-pressure",False,13,4,3,2,3,5,10,6,,1,0,1,0,0,0,2,0,2,0,0,0,2,14,2,6,0,0,0,0,0,2,0,2,0,0,"","iron.ancestor.firstpack",0,0,0,2,0,2,0,0,0,0,0,0,14,0,0,0,5,0,9,11,8,8,8,8,4,3,5,3,20,22,0,0,0,0,0,0,0,0,0,0,4,3,0,1,12,22
game-526,526,"iron-hyena-pack-pressure","iron-hyena-pack-pressure",False,15,4,3,2,3,7,7,5,,2,0,2,0,0,0,2,0,2,0,0,0,4,8,4,4,1,0,1,0,0,3,0,2,0,0,"","iron.ancestor.smithpassedfang",0,1,0,4,0,4,0,0,0,0,0,0,9,3,2,1,7,2,6,12,6,10,6,10,2,2,4,5,20,26,0,0,0,0,1,1,0,0,0,1,4,3,0,1,4,18
game-527,527,"iron-hyena-pack-pressure","iron-hyena-pack-pressure",False,13,4,3,2,3,5,5,7,,0,0,0,0,0,0,2,0,2,0,0,0,0,4,0,4,0,0,0,0,0,4,0,4,0,0,"","iron.ancestor.firstpack",0,1,0,4,0,4,0,0,0,0,0,0,2,6,0,1,2,5,10,10,9,9,9,9,2,3,5,6,21,23,0,0,0,0,1,0,0,0,0,0,4,3,0,1,8,23
game-528,528,"iron-hyena-pack-pressure","iron-hyena-pack-pressure",False,12,3,3,2,3,5,5,7,,1,0,1,0,0,0,2,0,2,0,0,0,2,4,2,4,0,0,0,0,0,4,0,2,0,0,"","iron.ancestor.firstpack",0,0,0,2,0,3,0,0,0,0,0,0,0,11,0,2,0,3,5,8,5,8,5,8,2,3,2,5,17,20,0,0,0,0,1,1,1,0,0,0,4,3,1,0,4,24
game-529,529,"iron-hyena-pack-pressure","iron-hyena-pack-pressure",False,13,4,3,2,3,7,7,10,,1,0,1,0,0,0,1,0,1,0,0,0,4,2,3,2,0,0,0,0,0,6,0,4,0,0,"","iron.ancestor.firstpack",0,0,0,2,0,3,0,0,0,0,0,0,1,4,1,1,0,3,6,9,5,9,5,9,0,3,2,4,17,23,0,0,0,0,0,0,0,0,0,0,4,3,0,1,5,30
game-530,530,"iron-hyena-pack-pressure","iron-hyena-pack-pressure",False,13,4,3,2,4,7,7,5,,0,0,0,0,0,0,1,0,1,0,0,0,0,2,0,2,0,0,0,0,0,2,0,1,0,0,"","iron.ancestor.firstpack",0,0,0,2,0,3,0,0,0,0,0,0,5,3,2,1,1,2,8,7,7,7,7,7,2,2,4,6,19,21,0,1,0,0,0,1,0,0,0,0,4,6,0,1,8,19
game-531,531,"iron-hyena-pack-pressure","iron-hyena-pack-pressure",False,12,3,3,2,3,7,7,6,,2,0,2,0,0,0,1,0,1,0,0,0,6,6,5,2,0,0,0,0,0,5,0,3,0,0,"","iron.ancestor.firstpack",0,0,0,2,0,2,0,0,0,0,0,0,10,0,2,0,2,0,10,8,10,7,10,7,5,0,5,3,22,19,0,0,0,0,0,0,0,0,0,0,4,3,1,0,11,16
game-532,532,"iron-hyena-pack-pressure","iron-hyena-pack-pressure",False,11,3,1,3,3,5,7,8,,1,0,1,0,0,0,1,0,1,0,0,0,2,2,2,2,0,0,0,0,0,1,0,1,0,0,"","iron.ancestor.smithpassedfang",0,0,0,2,0,1,0,0,0,0,0,0,1,3,0,0,1,3,7,2,7,2,7,2,2,1,3,1,19,12,0,0,0,0,0,0,0,0,0,0,4,3,1,1,15,10
game-533,533,"iron-hyena-pack-pressure","iron-hyena-pack-pressure",False,12,3,3,2,3,6,7,10,,1,0,1,0,0,0,2,0,2,0,0,0,8,12,4,6,0,0,0,0,0,2,0,1,0,0,"","iron.ancestor.firstpack",0,0,0,2,0,2,0,0,0,0,0,0,17,8,0,0,5,8,10,10,10,8,10,8,3,1,5,3,22,20,0,0,0,0,0,0,0,0,0,0,4,3,1,0,10,16
game-534,534,"iron-hyena-pack-pressure","iron-hyena-pack-pressure",False,15,4,3,2,3,7,5,5,,0,0,0,0,0,0,1,0,1,0,0,0,0,2,0,2,0,0,0,1,0,8,0,5,0,0,"","iron.ancestor.firstpack",0,0,0,2,0,5,0,0,0,0,0,0,3,11,2,2,0,5,10,13,10,12,10,12,3,5,6,7,24,28,0,0,0,0,1,2,0,0,0,1,4,3,0,1,13,16
game-535,535,"iron-hyena-pack-pressure","iron-hyena-pack-pressure",False,11,3,2,3,3,5,5,,,0,0,0,0,0,0,0,0,0,0,0,0,0,0,0,0,0,0,0,0,0,2,0,1,0,0,"","iron.ancestor.firstpack",0,0,0,2,0,2,0,0,0,0,0,0,0,15,0,1,0,2,7,11,7,9,7,9,0,3,3,4,19,19,0,0,0,0,0,0,0,0,0,0,4,3,1,1,15,10
game-536,536,"iron-hyena-pack-pressure","iron-hyena-pack-pressure",False,14,4,2,3,3,5,5,6,,1,0,1,0,0,0,2,0,2,0,0,0,2,4,2,4,0,0,0,0,0,3,0,2,0,0,"","iron.ancestor.firstpack",0,1,0,4,0,4,0,0,0,0,0,0,3,3,0,1,2,2,10,7,10,7,10,7,2,2,5,5,24,21,0,0,0,0,0,0,0,0,0,0,4,3,0,0,8,25
game-537,537,"iron-hyena-pack-pressure","iron-hyena-pack-pressure",False,15,4,3,2,3,8,5,5,,1,0,1,0,0,0,2,0,2,0,0,0,6,4,4,3,0,0,0,0,0,1,0,1,0,0,"","iron.ancestor.firstpack",0,0,0,2,0,5,0,0,0,0,0,0,22,13,2,2,3,5,10,12,9,12,9,12,3,6,5,6,23,28,0,0,0,0,1,2,0,1,0,1,4,3,0,1,11,17
game-538,538,"iron-hyena-pack-pressure","iron-hyena-pack-pressure",False,12,3,3,2,3,7,5,5,,1,0,1,0,0,0,2,0,2,0,0,0,4,6,3,6,0,0,0,0,0,1,0,1,0,0,"","iron.ancestor.firstpack",0,0,0,2,0,3,0,0,0,0,0,0,1,11,1,0,0,6,8,8,7,8,7,8,0,2,3,5,19,20,0,0,0,0,0,0,0,0,0,0,4,3,1,0,17,18
game-539,539,"iron-hyena-pack-pressure","iron-hyena-pack-pressure",False,13,4,3,2,3,5,5,6,,1,0,1,0,0,0,1,0,1,0,0,0,2,4,2,4,0,0,0,0,0,6,0,3,0,0,"","iron.ancestor.firstpack",0,0,0,2,0,4,0,0,0,0,0,0,7,0,1,0,3,0,7,13,7,11,7,11,4,3,5,6,19,25,0,0,0,0,0,1,0,0,0,0,4,3,0,1,9,21
game-540,540,"iron-hyena-pack-pressure","iron-hyena-pack-pressure",False,12,3,3,2,3,5,7,8,,2,0,2,0,0,0,0,0,0,0,0,0,6,0,6,0,0,0,0,0,0,6,0,3,0,0,"","iron.ancestor.firstpack",0,0,0,2,0,2,0,0,0,0,0,0,10,0,1,0,1,0,9,6,7,6,7,6,4,1,3,3,19,18,0,0,0,0,0,0,0,0,0,0,4,3,1,0,12,17
game-541,541,"iron-hyena-pack-pressure","iron-hyena-pack-pressure",False,11,3,1,3,3,6,5,10,,0,0,0,0,0,0,1,0,1,0,0,0,0,4,0,4,0,0,0,0,0,1,0,1,0,0,"","iron.ancestor.firstpack",0,0,0,2,0,2,0,0,0,0,0,0,6,6,0,1,2,5,9,6,9,6,9,6,2,0,5,4,21,16,0,0,0,0,0,0,0,0,0,0,4,3,1,1,10,6
game-542,542,"iron-hyena-pack-pressure","iron-hyena-pack-pressure",False,13,4,3,1,3,5,5,6,,1,0,1,0,0,0,1,0,1,0,0,0,2,2,2,2,0,0,0,0,0,8,0,4,0,0,"","iron.ancestor.firstpack",0,0,0,2,0,4,0,0,0,0,0,0,6,2,1,2,5,0,4,7,4,7,4,7,1,1,3,6,16,21,0,1,0,0,0,1,0,0,0,0,4,3,0,1,5,23
game-543,543,"iron-hyena-pack-pressure","iron-hyena-pack-pressure",False,13,4,3,2,4,7,10,10,,0,0,0,0,0,0,1,0,1,0,0,0,0,4,0,4,0,0,0,0,0,1,0,1,0,0,"","iron.ancestor.firstpack",0,0,0,2,0,2,0,0,0,0,0,0,8,1,1,1,3,0,8,10,7,10,7,10,1,2,4,4,19,24,0,0,0,0,0,1,0,1,0,0,4,6,0,1,14,15
game-544,544,"iron-hyena-pack-pressure","iron-hyena-pack-pressure",False,13,4,3,1,3,7,5,6,,1,0,1,0,0,0,1,0,1,0,0,0,2,2,2,2,0,0,0,0,0,4,0,3,0,0,"","iron.ancestor.smithpassedfang",0,1,0,4,0,4,0,0,0,0,2,0,1,4,1,1,0,3,5,5,5,5,5,5,1,3,4,3,17,19,0,0,0,0,0,1,0,0,0,0,4,3,0,1,8,24
game-545,545,"iron-hyena-pack-pressure","iron-hyena-pack-pressure",False,14,4,2,3,3,7,5,10,,1,0,1,0,0,0,1,0,1,0,0,0,4,2,3,2,0,0,0,0,0,5,0,4,0,0,"","iron.ancestor.firstpack",0,0,0,2,0,4,0,0,0,0,0,0,10,1,3,1,2,0,6,10,6,10,6,10,2,2,3,6,20,24,0,0,0,0,0,1,0,0,0,0,4,3,0,0,13,22
game-546,546,"iron-hyena-pack-pressure","iron-hyena-pack-pressure",False,15,4,3,1,3,8,5,5,,1,0,1,0,0,0,2,0,2,0,0,0,2,6,2,5,0,0,0,0,0,3,0,3,0,0,"","iron.ancestor.firstpack",0,1,0,4,0,5,0,0,0,0,2,0,2,13,1,6,1,1,10,12,10,12,10,12,2,7,6,6,24,28,0,0,0,0,2,2,0,0,0,1,4,3,0,1,12,22
game-547,547,"iron-hyena-pack-pressure","iron-hyena-pack-pressure",False,11,3,1,3,3,8,,9,,1,0,1,0,0,0,1,0,1,0,0,0,2,4,2,4,0,0,0,0,0,0,0,0,0,0,"","",0,0,0,0,0,0,0,0,0,0,0,0,0,11,0,2,0,1,10,6,10,5,10,5,3,3,5,2,22,15,0,0,0,0,2,0,0,0,0,0,4,3,1,1,12,3
game-548,548,"iron-hyena-pack-pressure","iron-hyena-pack-pressure",False,13,4,3,1,3,7,5,6,,1,0,1,0,0,0,1,0,1,0,0,0,2,2,2,2,0,0,0,0,0,6,0,4,0,0,"","iron.ancestor.firstpack",0,0,0,2,0,4,0,0,0,0,0,0,7,5,1,0,3,5,8,16,7,13,7,13,3,3,4,5,19,27,0,0,0,0,0,0,0,0,0,0,4,3,0,1,1,22
game-549,549,"iron-hyena-pack-pressure","iron-hyena-pack-pressure",False,13,4,3,1,3,7,5,5,,0,0,0,0,0,0,1,0,1,0,0,0,0,2,0,2,0,0,1,0,0,5,0,4,0,0,"","iron.ancestor.firstpack",0,0,0,2,0,4,0,0,0,0,0,0,10,3,1,2,4,1,2,14,2,13,2,13,1,6,2,5,14,27,0,0,0,0,0,1,0,0,0,0,4,3,0,1,1,16
game-550,550,"iron-hyena-pack-pressure","iron-hyena-pack-pressure",False,12,3,3,2,3,5,5,8,,1,0,1,0,0,0,1,0,1,0,0,0,2,6,2,3,0,0,0,0,0,2,0,1,0,0,"","iron.ancestor.firstpack",0,0,0,2,0,3,0,0,0,0,0,0,2,12,1,2,0,2,10,8,10,7,10,7,3,3,5,4,22,19,0,0,0,0,1,0,0,0,0,0,4,3,1,0,13,21
game-551,551,"iron-hyena-pack-pressure","iron-hyena-pack-pressure",False,12,3,3,2,3,6,5,7,,1,0,1,0,0,0,1,0,1,0,0,0,6,4,4,3,0,0,0,0,0,5,0,3,0,0,"","iron.ancestor.firstpack",0,0,0,2,0,3,0,0,0,0,0,0,10,6,0,1,2,5,7,8,5,8,5,8,3,3,2,4,17,20,0,0,0,0,0,1,0,0,0,0,4,3,1,0,11,17
game-552,552,"iron-hyena-pack-pressure","iron-hyena-pack-pressure",False,15,4,3,2,4,7,5,8,,1,0,1,0,0,0,1,0,1,0,0,0,4,4,4,3,0,0,0,0,0,3,0,2,0,0,"","iron.ancestor.smithpassedfang",0,1,0,4,0,5,0,0,0,0,2,0,9,13,3,1,1,6,8,11,8,11,8,11,1,5,5,5,22,27,0,0,0,0,0,1,0,0,0,1,4,6,0,1,11,18
game-553,553,"iron-hyena-pack-pressure","iron-hyena-pack-pressure",False,13,4,3,1,3,5,5,10,,1,0,1,0,0,0,1,0,1,0,0,0,6,2,4,2,0,0,0,0,0,6,0,4,0,0,"","iron.ancestor.firstpack",0,0,0,2,0,4,0,0,0,0,0,0,2,5,1,3,1,2,6,9,6,9,6,9,0,0,4,6,18,23,0,0,0,0,0,1,0,0,0,0,4,3,0,1,5,21
game-554,554,"iron-hyena-pack-pressure","iron-hyena-pack-pressure",False,14,4,2,3,3,6,5,8,,2,0,2,0,0,0,2,0,2,0,0,0,4,4,3,4,0,0,0,0,0,5,0,3,0,0,"","iron.ancestor.firstpack",0,0,0,2,0,4,0,0,0,0,0,0,1,20,0,4,1,4,12,8,11,8,11,8,2,5,6,5,25,22,0,0,0,0,2,1,0,0,0,0,4,3,0,0,10,19
game-555,555,"iron-hyena-pack-pressure","iron-hyena-pack-pressure",False,11,3,2,3,3,5,5,9,,1,0,1,0,0,0,0,0,0,0,0,0,4,0,3,0,0,0,0,0,0,1,0,1,0,0,"","iron.ancestor.firstpack",0,0,0,2,0,2,0,0,0,0,0,0,5,0,0,0,5,0,12,9,10,8,10,8,0,0,5,4,22,18,0,0,0,0,0,0,0,0,0,0,4,3,1,1,16,12
game-556,556,"iron-hyena-pack-pressure","iron-hyena-pack-pressure",False,13,4,3,1,3,7,5,6,,1,0,1,0,0,0,2,0,2,0,0,0,2,6,2,6,0,0,0,0,0,4,0,3,0,0,"","iron.ancestor.firstpack",0,0,0,2,0,4,0,0,0,0,0,0,1,2,1,1,0,1,4,13,4,13,4,13,1,5,3,6,16,27,0,0,0,0,0,1,0,0,0,0,4,3,0,1,6,20
game-557,557,"iron-hyena-pack-pressure","iron-hyena-pack-pressure",False,13,4,3,2,3,5,5,7,,1,0,1,0,0,0,2,0,2,0,0,0,6,6,4,6,0,0,0,0,0,5,0,3,0,0,"","iron.ancestor.firstpack",0,0,0,2,0,4,0,0,0,0,0,0,10,5,1,1,1,4,10,7,9,7,9,7,3,2,5,6,21,21,0,0,0,0,0,1,0,0,0,0,4,3,0,1,9,20
game-558,558,"iron-hyena-pack-pressure","iron-hyena-pack-pressure",False,12,3,3,2,3,5,5,7,,1,0,1,0,0,0,1,0,1,0,0,0,4,2,4,2,0,0,0,0,0,5,0,3,0,0,"","iron.ancestor.firstpack",0,0,0,2,0,3,0,0,0,0,0,0,3,4,2,0,1,4,6,9,6,9,6,9,0,2,5,5,18,21,0,0,0,0,0,0,0,0,0,0,4,3,1,0,8,19
game-559,559,"iron-hyena-pack-pressure","iron-hyena-pack-pressure",False,11,3,2,3,3,7,5,9,,2,0,2,0,0,0,1,0,1,0,0,0,12,2,6,2,0,0,0,0,0,2,0,1,0,0,"","iron.ancestor.firstpack",0,0,0,2,0,2,0,0,0,0,0,0,2,4,1,0,1,2,10,5,8,5,8,5,1,0,4,4,20,15,0,0,0,0,1,0,0,0,0,0,4,3,1,1,13,6
game-560,560,"iron-hyena-pack-pressure","iron-hyena-pack-pressure",False,12,3,3,2,3,7,5,5,,0,0,0,0,0,0,1,0,1,0,0,0,0,2,0,2,0,0,0,0,0,5,0,3,0,0,"","iron.ancestor.firstpack",0,0,0,2,0,3,0,0,0,0,0,0,3,3,2,2,0,1,7,8,7,8,7,8,1,2,5,5,19,20,0,0,0,0,1,1,0,1,0,0,4,3,1,0,7,17
game-561,561,"iron-hyena-pack-pressure","iron-hyena-pack-pressure",False,13,4,3,2,3,6,10,5,,2,0,2,0,0,0,1,0,1,0,0,0,4,2,4,2,0,0,0,0,0,1,0,1,0,0,"","iron.ancestor.firstpack",0,0,0,2,0,2,0,0,0,0,0,0,10,2,3,0,3,2,8,11,8,11,8,11,5,5,5,6,20,25,0,0,0,0,2,1,0,1,0,0,4,3,0,1,8,22
game-562,562,"iron-hyena-pack-pressure","iron-hyena-pack-pressure",False,13,4,3,1,3,7,5,6,,1,0,1,0,0,0,0,0,0,0,0,0,2,0,2,0,0,0,0,0,0,4,0,3,0,0,"","iron.ancestor.smithpassedfang",0,1,0,4,0,4,0,0,0,0,2,0,10,0,1,0,3,0,7,8,7,8,7,8,3,4,4,3,19,22,0,0,0,0,0,0,0,0,0,0,4,3,0,1,3,22
game-563,563,"iron-hyena-pack-pressure","iron-hyena-pack-pressure",False,11,3,2,3,3,6,10,7,,1,0,1,0,0,0,1,0,1,0,0,0,2,2,1,2,0,0,0,0,0,2,0,1,0,0,"","iron.ancestor.firstpack",0,0,0,2,0,0,0,0,0,0,0,0,0,8,0,1,0,3,6,2,6,2,6,2,1,1,4,2,18,12,0,0,0,0,0,0,0,0,0,0,4,3,1,1,12,10
game-564,564,"iron-hyena-pack-pressure","iron-hyena-pack-pressure",False,11,3,1,3,3,7,,,,0,0,0,0,0,0,0,0,0,0,0,0,0,0,0,0,0,0,0,0,0,0,0,0,0,0,"","",0,0,0,0,0,0,0,0,0,0,0,0,0,0,0,0,0,0,10,2,10,2,10,2,2,0,5,2,22,12,0,0,0,0,0,0,0,0,0,0,4,3,1,1,12,3
game-565,565,"iron-hyena-pack-pressure","iron-hyena-pack-pressure",False,13,4,3,2,3,6,7,9,,2,0,2,0,0,0,0,0,0,0,0,0,10,0,8,0,0,0,0,0,0,3,0,2,0,0,"","iron.ancestor.firstpack",0,0,0,2,0,3,0,0,0,0,0,0,11,5,0,0,5,5,10,9,9,9,9,9,3,5,5,5,21,23,0,0,0,0,0,0,0,0,0,0,5,3,0,1,10,20
game-566,566,"iron-hyena-pack-pressure","iron-hyena-pack-pressure",False,15,4,3,2,3,7,7,6,,2,0,2,0,0,0,1,0,1,0,0,0,4,4,4,4,0,0,1,0,0,3,0,2,0,0,"","iron.ancestor.smithpassedfang",0,1,0,4,0,4,0,0,0,0,1,0,19,4,3,0,3,2,10,11,9,11,9,11,5,6,6,5,23,27,0,0,0,0,0,1,0,0,0,1,4,3,0,1,11,21
game-567,567,"iron-hyena-pack-pressure","iron-hyena-pack-pressure",False,10,3,3,1,3,5,5,9,,1,0,1,0,0,0,0,0,0,0,0,0,2,0,2,0,0,0,0,0,0,3,0,2,0,0,"","iron.ancestor.firstpack",0,0,0,2,0,2,0,0,0,0,0,0,9,1,0,1,3,0,7,8,7,8,7,8,3,0,4,4,17,18,0,0,0,0,0,0,0,0,0,0,4,3,1,0,8,12
game-568,568,"iron-hyena-pack-pressure","iron-hyena-pack-pressure",False,15,4,3,2,3,7,7,5,,1,0,1,0,0,0,3,0,3,0,0,0,4,8,4,7,0,0,0,0,0,2,0,1,0,0,"","iron.ancestor.firstpack",0,0,0,2,0,4,0,0,0,0,0,0,4,1,2,0,2,1,4,10,4,10,4,10,2,4,3,6,18,26,0,0,0,0,0,0,0,0,0,1,4,3,0,1,13,9
game-569,569,"iron-hyena-pack-pressure","iron-hyena-pack-pressure",False,12,3,3,2,3,5,5,5,,2,0,2,0,0,0,1,0,1,0,0,0,8,2,7,2,0,0,0,0,0,6,0,3,0,0,"","iron.ancestor.firstpack",0,0,0,2,0,3,0,0,0,0,0,0,3,6,1,1,0,5,10,11,10,10,10,10,5,2,5,5,22,22,0,0,0,0,0,2,0,1,0,0,4,3,1,0,13,15
game-570,570,"iron-hyena-pack-pressure","iron-hyena-pack-pressure",False,15,4,3,2,3,7,5,9,,1,0,1,0,0,0,2,0,2,0,0,0,4,8,3,8,0,0,0,0,0,2,0,2,0,0,"","iron.ancestor.smithpassedfang",0,1,0,4,0,5,0,0,0,0,0,0,10,16,0,2,2,8,12,11,10,11,10,11,3,5,4,5,24,27,0,0,0,0,1,0,0,0,0,1,4,3,0,1,11,14
game-571,571,"iron-hyena-pack-pressure","iron-hyena-pack-pressure",False,13,4,3,2,3,5,5,,,0,0,0,0,0,0,0,0,0,0,0,0,0,0,0,0,1,0,0,0,0,1,0,1,0,0,"","iron.ancestor.smithpassedfang",0,0,0,2,0,4,0,0,0,0,2,0,6,1,0,1,2,0,7,13,7,10,7,10,2,3,4,5,19,24,0,0,0,0,0,0,0,0,0,0,4,3,0,1,3,25
game-572,572,"iron-hyena-pack-pressure","iron-hyena-pack-pressure",False,11,3,2,3,3,5,5,7,,1,0,1,0,0,0,1,0,1,0,0,0,2,2,2,2,0,0,0,0,0,2,0,1,0,0,"","iron.ancestor.firstpack",0,0,0,2,0,2,0,0,0,0,0,0,0,2,0,1,0,1,8,5,8,5,8,5,2,0,5,4,20,15,0,0,0,0,0,0,0,0,0,0,4,3,1,1,13,13
game-573,573,"iron-hyena-pack-pressure","iron-hyena-pack-pressure",False,14,4,2,3,3,6,10,5,,1,0,1,0,0,0,2,0,2,0,0,0,6,8,4,6,0,0,0,0,0,2,0,1,0,0,"","iron.ancestor.firstpack",0,0,0,2,0,2,0,0,0,0,0,0,20,21,1,3,3,7,11,10,11,9,11,9,2,5,6,5,25,23,0,0,0,0,1,1,0,0,0,0,4,3,0,0,10,15
game-574,574,"iron-hyena-pack-pressure","iron-hyena-pack-pressure",False,14,4,2,3,3,7,5,11,,1,0,1,0,0,0,0,0,0,0,0,0,8,0,4,0,0,0,0,0,0,5,0,4,0,0,"","iron.ancestor.firstpack",0,0,0,2,0,4,0,0,0,0,0,0,17,16,2,0,4,4,8,11,8,11,8,11,4,2,4,6,22,25,0,0,0,0,0,0,0,0,0,0,4,3,0,0,10,16
game-575,575,"iron-hyena-pack-pressure","iron-hyena-pack-pressure",False,13,4,3,2,3,6,5,7,,1,0,1,0,0,0,2,1,1,0,0,0,6,2,4,2,0,0,0,1,0,1,0,1,0,0,"","iron.ancestor.smithpassedfang",0,0,0,2,0,4,0,0,0,0,2,0,8,4,1,0,1,4,4,7,4,7,4,7,3,4,2,4,16,21,0,0,0,0,0,1,0,0,0,0,4,3,0,1,11,18
game-576,576,"iron-hyena-pack-pressure","iron-hyena-pack-pressure",False,11,3,2,3,3,5,5,6,,1,0,1,0,0,0,1,0,1,0,0,0,2,4,2,4,0,0,0,0,0,1,0,1,0,0,"","iron.ancestor.firstpack",0,0,0,2,0,2,0,0,0,0,0,0,2,3,0,2,2,1,9,6,8,6,8,6,1,1,5,4,20,16,0,0,0,0,0,1,0,0,0,0,4,3,1,1,19,10
game-577,577,"iron-hyena-pack-pressure","iron-hyena-pack-pressure",False,12,3,3,2,3,7,7,11,,1,0,1,0,0,0,0,0,0,0,0,0,6,0,4,0,0,0,0,0,0,2,0,1,0,0,"","iron.ancestor.firstpack",0,0,0,2,0,2,0,0,0,0,0,0,12,5,1,1,2,3,7,10,7,9,7,9,3,0,5,4,19,21,0,0,0,0,0,0,0,0,0,0,5,3,1,0,10,15
game-578,578,"iron-hyena-pack-pressure","iron-hyena-pack-pressure",False,11,3,1,3,3,7,7,5,,0,0,0,0,0,0,1,0,1,0,0,0,0,2,0,2,0,0,0,0,0,1,0,1,0,0,"","iron.ancestor.smithpassedfang",0,0,0,2,0,1,0,0,0,0,0,0,0,6,0,0,0,6,10,4,10,4,10,4,2,2,5,4,22,14,0,0,0,0,0,0,0,0,0,0,4,3,1,1,14,9
game-579,579,"iron-hyena-pack-pressure","iron-hyena-pack-pressure",False,12,3,3,1,3,5,5,11,,1,0,1,0,0,0,1,0,1,0,0,0,4,12,4,2,0,0,0,0,0,2,0,2,0,0,"","iron.ancestor.firstpack",0,0,0,2,0,3,0,0,0,0,0,0,3,11,0,1,3,2,3,15,3,11,3,11,1,3,2,5,15,23,0,0,0,0,0,0,0,0,0,0,4,3,1,0,6,18
game-580,580,"iron-hyena-pack-pressure","iron-hyena-pack-pressure",False,14,4,2,3,3,6,5,8,,1,0,1,0,0,0,1,0,1,0,0,0,2,4,2,4,0,0,0,0,0,6,0,4,0,0,"","iron.ancestor.firstpack",0,0,0,2,0,4,0,0,0,0,0,0,3,8,1,2,1,3,11,6,11,6,11,6,3,1,6,6,25,20,0,0,0,0,1,0,0,0,0,0,4,3,0,0,12,20
game-581,581,"iron-hyena-pack-pressure","iron-hyena-pack-pressure",False,15,4,3,2,3,7,5,9,,2,0,2,0,0,0,2,0,2,0,0,0,8,6,8,6,0,0,0,0,0,2,0,2,0,0,"","iron.ancestor.smithpassedfang",0,1,0,4,0,5,0,0,0,0,0,0,4,1,1,1,3,0,10,10,10,9,10,9,2,5,4,4,24,25,0,0,0,0,1,0,0,0,0,1,4,3,0,1,16,18
game-582,582,"iron-hyena-pack-pressure","iron-hyena-pack-pressure",False,11,3,1,3,3,8,,5,,0,0,0,0,0,0,1,0,1,0,0,0,0,2,0,2,0,0,0,0,0,0,0,0,0,0,"","",0,0,0,0,0,0,0,0,0,0,0,0,0,1,0,1,0,0,6,2,6,2,6,2,0,1,5,2,18,12,1,0,0,0,0,0,0,0,0,0,4,3,1,1,16,5
game-583,583,"iron-hyena-pack-pressure","iron-hyena-pack-pressure",False,12,3,3,2,3,7,5,6,,2,0,2,0,0,0,1,0,1,0,0,0,6,2,5,2,0,0,0,0,0,1,0,1,0,0,"","iron.ancestor.firstpack",0,0,0,2,0,3,0,0,0,0,0,0,8,9,1,0,1,3,9,9,9,9,9,9,5,3,4,5,21,21,0,0,0,0,0,1,0,1,0,0,4,3,1,0,11,19
game-584,584,"iron-hyena-pack-pressure","iron-hyena-pack-pressure",False,14,4,2,3,3,9,10,5,,2,0,2,0,0,0,1,0,1,0,0,0,4,2,4,2,0,0,0,0,0,2,0,1,0,0,"","iron.ancestor.firstpack",0,0,0,2,0,2,0,0,0,0,0,0,5,1,2,0,1,1,9,8,9,8,9,8,5,2,5,5,23,22,0,0,0,0,0,0,0,0,0,0,4,3,0,0,5,17
game-585,585,"iron-hyena-pack-pressure","iron-hyena-pack-pressure",False,14,4,2,3,3,6,5,9,,2,0,2,0,0,0,1,0,1,0,0,0,6,2,6,2,0,0,0,0,0,4,0,2,0,0,"","iron.ancestor.firstpack",0,0,0,2,0,4,0,0,0,0,0,0,3,4,0,2,1,2,12,4,11,4,11,4,5,1,6,4,25,18,0,0,0,0,1,0,0,0,0,0,4,3,0,0,11,19
game-586,586,"iron-hyena-pack-pressure","iron-hyena-pack-pressure",False,11,3,1,3,3,6,,5,,0,0,0,0,0,0,1,0,1,0,0,0,0,2,0,2,0,0,0,0,0,0,0,0,0,0,"","",0,0,0,0,0,0,0,0,0,0,0,0,1,6,1,1,0,5,6,3,5,3,5,3,0,1,2,3,17,13,0,0,0,0,1,1,0,0,0,0,4,3,1,1,11,7
game-587,587,"iron-hyena-pack-pressure","iron-hyena-pack-pressure",False,11,3,1,3,3,6,7,9,,2,0,2,0,0,0,0,0,0,0,0,0,14,0,6,0,0,0,0,0,0,1,0,1,0,0,"","iron.ancestor.firstpack",0,0,0,2,0,1,0,0,0,0,0,0,4,6,0,1,4,5,10,5,10,5,10,5,1,0,5,2,22,15,0,0,0,0,0,0,0,0,0,0,4,3,1,1,11,7
game-588,588,"iron-hyena-pack-pressure","iron-hyena-pack-pressure",False,11,3,1,3,3,7,5,,,0,0,0,0,0,0,0,0,0,0,0,0,0,0,0,0,0,0,0,0,0,1,0,1,0,0,"","iron.ancestor.smithpassedfang",0,0,0,2,0,2,0,0,0,0,1,0,0,0,0,0,0,0,9,2,9,2,9,2,0,0,5,2,21,12,0,0,0,0,0,0,0,0,0,0,4,3,1,1,14,5
game-589,589,"iron-hyena-pack-pressure","iron-hyena-pack-pressure",False,12,3,3,1,3,5,5,5,,1,0,1,0,0,0,2,0,2,0,0,0,4,6,4,6,1,0,0,0,0,3,0,2,0,0,"","iron.ancestor.firstpack",0,0,0,2,0,3,0,0,0,0,0,0,0,1,0,1,0,0,7,7,7,7,7,7,2,3,5,4,19,19,0,0,0,0,0,0,0,0,0,0,4,3,1,0,6,13
game-590,590,"iron-hyena-pack-pressure","iron-hyena-pack-pressure",False,13,4,3,2,3,5,5,11,,1,0,1,0,0,0,0,0,0,0,0,0,4,0,4,0,0,0,0,0,0,7,0,4,0,0,"","iron.ancestor.firstpack",0,0,0,2,0,4,0,0,0,0,0,0,10,0,6,0,1,0,7,8,7,8,7,8,3,0,4,6,19,22,0,0,0,0,2,0,0,0,0,0,4,3,0,1,8,17
game-591,591,"iron-hyena-pack-pressure","iron-hyena-pack-pressure",False,13,4,3,2,3,7,10,7,,2,0,2,0,0,0,1,0,1,0,0,0,8,2,5,2,0,0,0,0,0,2,0,1,0,0,"","iron.ancestor.firstpack",0,0,0,2,0,2,0,0,0,0,0,0,13,3,3,0,2,3,11,7,8,7,8,7,4,2,3,4,20,21,0,0,0,0,2,1,0,0,0,0,4,3,0,1,10,24
game-592,592,"iron-hyena-pack-pressure","iron-hyena-pack-pressure",False,13,4,3,1,3,7,5,5,,2,0,2,0,0,0,2,0,2,0,0,0,4,4,4,2,0,0,1,0,0,5,0,4,0,0,"","iron.ancestor.firstpack",0,0,0,2,0,4,0,0,0,0,0,0,4,1,2,1,2,0,6,11,6,11,6,11,1,4,4,6,18,25,0,0,0,0,0,0,0,0,0,0,4,3,0,1,2,22
game-593,593,"iron-hyena-pack-pressure","iron-hyena-pack-pressure",False,13,4,3,2,3,7,5,11,,1,0,1,0,0,0,1,0,1,0,0,0,4,4,4,2,0,0,0,0,0,5,0,3,0,0,"","iron.ancestor.firstpack",0,0,0,2,0,4,0,0,0,0,0,0,9,8,1,3,4,1,9,14,8,11,8,11,2,4,3,5,20,25,0,0,0,0,2,0,1,0,0,0,4,3,0,1,5,22
game-594,594,"iron-hyena-pack-pressure","iron-hyena-pack-pressure",False,13,4,3,2,3,6,5,7,,0,0,0,0,0,0,2,0,2,0,0,0,0,6,0,5,0,0,0,0,0,6,0,4,0,0,"","iron.ancestor.firstpack",0,1,0,4,0,4,0,0,0,0,0,0,11,15,2,1,1,4,9,17,8,15,8,15,3,7,5,6,20,29,0,0,0,0,0,2,0,0,0,0,4,3,0,1,10,17
game-595,595,"iron-hyena-pack-pressure","iron-hyena-pack-pressure",False,11,3,1,3,3,7,5,6,,1,0,1,0,0,0,1,0,1,0,0,0,2,2,2,2,0,0,0,0,0,2,0,1,0,0,"","iron.ancestor.firstpack",0,0,0,2,0,2,0,0,0,0,0,0,6,8,0,2,2,1,13,5,13,5,13,5,4,2,5,4,25,15,0,0,0,0,1,0,1,0,0,0,4,3,1,1,14,9
game-596,596,"iron-hyena-pack-pressure","iron-hyena-pack-pressure",False,12,3,3,2,3,5,5,,,0,0,0,0,0,0,0,0,0,0,0,0,0,0,0,0,0,0,0,0,0,5,0,3,0,0,"","iron.ancestor.firstpack",0,0,0,2,0,3,0,0,0,0,0,0,10,1,1,1,1,0,9,11,9,10,9,10,3,1,5,5,21,22,0,0,0,0,0,1,0,0,0,0,4,3,1,0,12,14
game-597,597,"iron-hyena-pack-pressure","iron-hyena-pack-pressure",False,12,3,3,2,3,6,5,5,,1,0,1,0,0,0,1,0,1,0,0,0,4,4,4,4,0,0,0,0,0,1,0,1,0,0,"","iron.ancestor.firstpack",0,0,0,2,0,3,0,0,0,0,0,0,12,6,0,0,3,3,9,11,8,11,8,11,4,5,5,5,20,23,0,0,0,0,0,0,0,0,0,0,4,3,1,0,9,18
game-598,598,"iron-hyena-pack-pressure","iron-hyena-pack-pressure",False,14,4,2,3,3,5,10,11,,2,0,2,0,0,0,1,0,1,0,0,0,6,4,5,4,0,1,0,0,0,2,0,1,0,0,"","iron.ancestor.firstpack",0,0,0,2,0,2,0,0,0,0,0,0,10,2,1,1,3,1,9,7,8,7,8,7,4,2,4,5,22,21,0,0,0,0,0,0,0,0,0,0,4,3,0,0,9,24
game-599,599,"iron-hyena-pack-pressure","iron-hyena-pack-pressure",False,13,4,3,2,3,7,10,11,,1,0,1,0,0,0,1,0,1,0,0,0,6,6,4,4,0,0,0,0,0,2,0,1,0,0,"","iron.ancestor.firstpack",0,0,0,2,0,2,0,0,0,0,0,0,6,0,3,0,0,0,8,10,8,9,8,9,4,0,5,4,20,23,0,0,0,0,0,0,0,0,0,0,4,3,0,1,11,20
game-600,600,"iron-hyena-pack-pressure","iron-hyena-pack-pressure",False,14,4,2,3,3,7,10,8,,1,0,1,0,0,0,1,0,1,0,0,0,2,6,2,4,0,0,0,0,0,2,0,1,0,0,"","iron.ancestor.firstpack",0,0,0,2,0,2,0,0,0,0,0,0,12,12,1,1,5,3,10,13,10,10,10,10,5,3,4,4,24,24,0,0,0,0,0,0,0,0,0,0,4,3,0,0,6,10
game-601,601,"iron-hyena-pack-pressure","iron-hyena-pack-pressure",False,11,3,2,3,3,7,5,5,,0,0,0,0,0,0,1,0,1,0,0,0,0,2,0,2,0,0,0,0,0,1,0,1,0,0,"","iron.ancestor.firstpack",0,0,0,2,0,2,0,0,0,0,0,0,0,12,0,0,0,6,11,7,8,7,8,7,0,3,3,3,20,17,0,0,0,0,0,0,0,0,0,0,4,3,1,1,17,8
game-602,602,"iron-hyena-pack-pressure","iron-hyena-pack-pressure",False,13,4,3,2,3,7,5,8,,1,0,1,0,0,0,2,0,2,0,0,0,2,16,2,6,0,0,0,0,0,7,0,4,0,0,"","iron.ancestor.firstpack",0,0,0,2,0,4,0,0,0,0,0,0,13,6,2,0,2,3,6,12,6,11,6,11,4,3,3,6,18,25,0,0,0,0,0,2,0,0,0,0,4,3,0,1,10,21
game-603,603,"iron-hyena-pack-pressure","iron-hyena-pack-pressure",False,13,4,3,1,3,7,5,7,,0,0,0,0,0,0,1,0,1,0,0,0,0,6,0,4,0,0,0,0,0,4,0,3,0,0,"","iron.ancestor.firstpack",0,1,0,4,0,4,0,0,0,0,0,0,12,14,1,2,2,4,8,19,7,14,7,14,3,6,3,5,19,28,0,0,0,0,1,0,0,0,0,0,4,3,0,1,5,20
game-604,604,"iron-hyena-pack-pressure","iron-hyena-pack-pressure",False,13,4,3,2,3,7,7,5,,2,0,2,0,0,0,1,0,1,0,0,0,14,4,8,4,0,0,0,0,0,4,0,2,0,0,"","iron.ancestor.firstpack",0,0,0,2,0,3,0,0,0,0,0,0,12,2,2,0,2,2,9,11,8,10,8,10,5,5,3,6,20,24,0,0,0,0,0,1,0,1,0,0,4,3,0,1,11,22
game-605,605,"iron-hyena-pack-pressure","iron-hyena-pack-pressure",False,11,3,2,3,3,7,5,5,,1,0,1,0,0,0,1,0,1,0,0,0,4,2,4,2,0,0,0,0,0,1,0,1,0,0,"","iron.ancestor.firstpack",0,0,0,2,0,2,0,0,0,0,0,0,0,2,0,0,0,2,13,8,12,8,12,8,4,1,5,4,24,18,0,0,0,0,0,0,0,0,0,0,4,3,1,1,19,5
game-606,606,"iron-hyena-pack-pressure","iron-hyena-pack-pressure",False,13,4,3,2,3,6,7,9,,1,0,1,0,0,0,0,0,0,0,0,0,4,0,4,0,0,0,0,0,0,2,0,1,0,0,"","iron.ancestor.firstpack",0,0,0,2,0,3,0,0,0,0,0,0,3,9,1,1,2,2,11,8,11,8,11,8,1,2,5,5,23,22,0,0,0,0,0,0,0,0,0,0,5,3,0,1,12,22
game-607,607,"iron-hyena-pack-pressure","iron-hyena-pack-pressure",False,11,3,1,3,3,5,5,10,,1,0,1,0,0,0,1,0,1,0,0,0,6,4,2,4,0,0,0,0,0,1,0,1,0,0,"","iron.ancestor.firstpack",0,0,0,2,0,2,0,0,0,0,0,0,2,4,0,0,2,4,12,5,12,5,12,5,2,0,5,4,24,15,0,0,0,0,0,0,0,0,0,0,4,3,1,1,16,14
game-608,608,"iron-hyena-pack-pressure","iron-hyena-pack-pressure",False,15,4,3,2,3,7,5,5,,1,0,1,0,0,0,2,0,2,0,0,0,2,8,2,6,0,0,1,0,0,4,0,3,0,0,"","iron.ancestor.firstpack",0,1,0,4,0,5,0,0,0,0,0,0,10,5,1,1,6,4,6,17,6,15,6,15,1,8,4,6,20,31,0,0,0,0,0,0,0,0,0,1,4,3,0,1,8,17
game-609,609,"iron-hyena-pack-pressure","iron-hyena-pack-pressure",False,15,4,3,2,3,7,5,6,,2,0,2,0,0,0,2,0,2,0,0,0,4,4,4,3,0,0,0,0,1,1,1,1,0,0,"iron.ancestor.smithpassedfang","iron.ancestor.firstpack",0,0,2,2,1,5,0,0,0,0,0,0,5,5,3,0,1,2,8,11,8,11,8,11,4,4,6,7,22,27,0,0,0,0,0,1,0,0,0,1,4,3,0,1,11,13
game-610,610,"iron-hyena-pack-pressure","iron-hyena-pack-pressure",False,13,4,3,2,3,7,5,5,,0,0,0,0,0,0,2,0,2,0,0,0,0,4,0,3,0,0,0,0,0,8,0,4,0,0,"","iron.ancestor.firstpack",0,0,0,2,0,4,0,0,0,0,0,0,3,8,1,3,2,5,8,13,8,12,8,12,1,5,5,6,20,26,1,0,0,0,0,3,0,0,0,0,4,3,0,1,9,17
game-611,611,"iron-hyena-pack-pressure","iron-hyena-pack-pressure",False,11,3,1,3,3,5,7,9,,1,0,1,0,0,0,1,0,1,0,0,0,4,2,4,2,0,0,0,0,0,2,0,1,0,0,"","iron.ancestor.firstpack",0,0,0,2,0,1,0,0,0,0,0,0,1,4,0,1,1,3,11,5,9,5,9,5,1,2,4,4,21,15,0,0,0,0,0,0,0,0,0,0,4,3,1,1,14,10
game-612,612,"iron-hyena-pack-pressure","iron-hyena-pack-pressure",False,12,3,3,1,3,7,5,6,,1,0,1,0,0,0,1,0,1,0,0,0,2,2,2,2,0,0,0,0,0,4,0,3,0,0,"","iron.ancestor.firstpack",0,0,0,2,0,3,0,0,0,0,0,0,1,3,1,0,0,3,4,9,4,9,4,9,1,3,3,5,16,21,0,0,0,0,0,0,0,0,0,0,4,3,1,0,6,16
game-613,613,"iron-hyena-pack-pressure","iron-hyena-pack-pressure",False,13,4,3,2,3,7,5,6,,1,0,1,0,0,0,1,0,1,0,0,0,2,6,2,2,0,0,2,0,0,2,0,1,0,0,"","iron.ancestor.firstpack",0,0,0,2,0,4,0,0,0,0,0,0,19,1,2,1,7,0,8,11,8,10,8,10,4,2,5,6,20,24,0,0,0,0,1,1,0,0,0,0,4,3,0,1,9,23
game-614,614,"iron-hyena-pack-pressure","iron-hyena-pack-pressure",False,15,4,3,2,3,5,5,7,,1,0,1,0,0,0,1,0,1,0,0,0,4,2,4,2,0,0,0,0,0,1,0,1,0,0,"","iron.ancestor.smithpassedfang",0,0,0,2,0,5,0,0,0,0,2,0,15,4,5,1,1,3,9,14,9,13,9,13,4,3,5,7,23,29,0,0,0,0,1,4,0,0,0,1,4,3,0,1,10,15
game-615,615,"iron-hyena-pack-pressure","iron-hyena-pack-pressure",False,13,4,3,2,3,5,5,7,,1,0,1,0,0,0,1,0,1,0,0,0,2,2,2,2,0,0,1,0,0,2,0,2,0,0,"","iron.ancestor.firstpack",0,1,0,4,0,4,0,0,0,0,2,0,7,9,2,2,3,1,9,15,9,13,9,13,4,4,5,6,21,27,0,0,0,0,0,3,0,0,0,0,4,3,0,1,7,25
game-616,616,"iron-hyena-pack-pressure","iron-hyena-pack-pressure",False,14,4,2,3,3,7,10,6,,2,0,2,0,0,0,1,0,1,0,0,0,4,4,4,3,0,0,0,0,0,1,0,1,0,0,"","iron.ancestor.firstpack",0,0,0,2,0,2,0,0,0,0,0,0,16,4,1,1,4,1,15,9,13,9,13,9,6,3,6,5,27,23,0,0,0,0,1,0,0,0,0,0,5,3,0,0,11,20
game-617,617,"iron-hyena-pack-pressure","iron-hyena-pack-pressure",False,11,3,1,3,3,8,,6,,1,0,1,0,0,0,0,0,0,0,0,0,2,0,2,0,0,0,0,0,0,0,0,0,0,0,"","",0,0,0,0,0,0,0,0,0,0,0,0,2,4,0,0,2,1,9,6,8,5,8,5,4,3,5,2,20,15,0,0,0,0,0,0,0,0,0,0,4,3,1,1,11,3
game-618,618,"iron-hyena-pack-pressure","iron-hyena-pack-pressure",False,11,3,2,3,3,7,5,7,,1,0,1,0,0,0,1,0,1,0,0,0,2,2,2,2,0,0,0,0,0,1,0,1,0,0,"","iron.ancestor.smithpassedfang",0,0,0,2,0,2,0,0,0,0,0,0,6,6,0,1,3,1,8,5,8,5,8,5,3,2,3,2,20,15,0,0,0,0,0,0,0,0,0,0,4,3,1,1,12,9
game-619,619,"iron-hyena-pack-pressure","iron-hyena-pack-pressure",False,13,4,3,2,3,7,5,6,,1,0,1,0,0,0,1,0,1,0,0,0,2,2,2,2,0,0,0,0,0,1,0,1,0,0,"","iron.ancestor.smithpassedfang",0,0,0,2,0,4,0,0,0,0,3,0,13,5,3,1,3,1,10,10,10,10,10,10,6,5,4,4,22,24,0,0,0,0,1,0,0,0,0,0,4,3,0,1,5,19
game-620,620,"iron-hyena-pack-pressure","iron-hyena-pack-pressure",False,10,3,3,2,3,5,5,,,0,0,0,0,0,0,0,0,0,0,0,0,0,0,0,0,0,0,0,0,0,1,0,1,0,0,"","iron.ancestor.firstpack",0,0,0,2,0,2,0,0,0,0,0,0,0,0,0,0,0,0,8,7,8,7,8,7,1,0,4,4,18,17,0,0,0,0,0,0,0,0,0,0,4,3,1,0,15,13
game-621,621,"iron-hyena-pack-pressure","iron-hyena-pack-pressure",False,13,4,3,1,3,5,7,8,,2,0,2,0,0,0,0,0,0,0,0,0,4,0,4,0,0,0,0,0,0,5,0,3,0,0,"","iron.ancestor.firstpack",0,0,0,2,0,3,0,0,0,0,0,0,4,1,3,0,0,1,4,7,4,7,4,7,2,1,3,5,16,21,0,2,0,0,1,0,0,0,0,0,4,3,0,1,5,21
game-622,622,"iron-hyena-pack-pressure","iron-hyena-pack-pressure",False,12,3,3,1,3,5,5,9,,1,0,1,0,0,0,1,0,1,0,0,0,4,8,4,3,0,0,0,0,0,3,0,2,0,0,"","iron.ancestor.firstpack",0,0,0,2,0,3,0,0,0,0,0,0,0,20,0,0,0,4,10,14,8,12,8,12,2,3,3,5,20,24,0,0,0,0,0,0,0,0,0,0,4,3,1,0,7,24
