game_id,seed,winner,loser,timeout,turn_count,phase_count,final_red_shrines_broken,final_iron_shrines_broken,first_shrine_damage_turn,first_shrine_break_turn,first_ancestor_awakened_turn,first_l2_turn,first_l3_turn,red_l2_entered_battlefield,red_l2_hard_cast,red_l2_evolved,red_l3_entered_battlefield,red_l3_hard_cast,red_l3_evolved,iron_l2_entered_battlefield,iron_l2_hard_cast,iron_l2_evolved,iron_l3_entered_battlefield,iron_l3_hard_cast,iron_l3_evolved,legal_evolve_actions_generated_red,legal_evolve_actions_generated_iron,evolve_actions_chosen_red,evolve_actions_chosen_iron,hard_cast_chosen_while_legal_evolve_action_exists_red,hard_cast_chosen_while_legal_evolve_action_exists_iron,hard_cast_chosen_while_evolution_base_exists_red,hard_cast_chosen_while_evolution_base_exists_iron,legal_awaken_actions_generated_red,legal_awaken_actions_generated_iron,awaken_actions_chosen_red,awaken_actions_chosen_iron,awaken_actions_skipped_while_legal_red,awaken_actions_skipped_while_legal_iron,first_awakened_ancestor_red,first_awakened_ancestor_iron,ancestor_switches_red,ancestor_switches_iron,memory_spent_on_ancestors_red,memory_spent_on_ancestors_iron,turns_with_awakened_ancestor_red,turns_with_awakened_ancestor_iron,first_hunter_bonus_damage,grandmother_healing_done,child_draw_discard_triggers,iron_hyena_ancestor_bonus_damage,smith_offering_discount_saved,tooth_mother_bonus_damage,legal_block_options_red,legal_block_options_iron,blocks_chosen_red,blocks_chosen_iron,blocks_declined_red,blocks_declined_iron,pack_units_ready_at_combat_start_red,pack_units_ready_at_combat_start_iron,pack_assault_slots_generated_red,pack_assault_slots_generated_iron,pack_assault_slots_available_red,pack_assault_slots_available_iron,pack_assault_slots_skipped_red,pack_assault_slots_skipped_iron,turns_with_pack_bonus_red,turns_with_pack_bonus_iron,max_attacks_available_this_combat_red,max_attacks_available_this_combat_iron,attacks_prevented_by_assault_limit_red,attacks_prevented_by_assault_limit_iron,prepared_tactics_triggered_red,prepared_tactics_triggered_iron,wounded_events_red,wounded_events_iron,pierce_overflow_events_red,pierce_overflow_events_iron,deck_reshuffles_red,deck_reshuffles_iron,first_shrine_damage_turn_red,first_shrine_damage_turn_iron,wins_in_odd_phase,winner_was_first_player_in_final_phase,shrine_damage_dealt_during_double_turn_red,shrine_damage_dealt_during_double_turn_iron
game-123,123,"iron-hyena-pack-pressure","red-hunter-evolution",False,24,1,3,1,4,14,7,6,19,2,2,0,1,0,1,1,0,1,0,0,0,2,2,2,2,0,0,6,0,23,10,8,6,0,0,"red.ancestor.firsthunter","iron.ancestor.firstpack",0,0,2,2,8,6,3,0,0,0,0,0,8,1,6,1,0,0,0,12,0,12,0,12,0,3,0,8,24,36,0,0,0,0,4,0,0,0,1,1,4,17,1,0,0,0
game-124,124,"iron-hyena-pack-pressure","red-hunter-evolution",False,14,1,3,0,4,9,5,6,,1,1,0,0,0,0,2,0,2,0,0,0,0,4,0,4,0,0,0,1,10,5,4,3,0,0,"red.ancestor.firsthunter","iron.ancestor.firstpack",2,0,6,2,4,3,0,1,0,0,0,0,1,0,1,0,0,0,0,8,0,8,0,8,0,2,0,6,14,22,0,0,1,0,0,1,0,0,1,0,4,,1,0,0,0
game-125,125,"red-hunter-evolution","iron-hyena-pack-pressure",False,21,1,0,3,4,13,7,9,,2,1,1,0,0,0,2,2,0,0,0,0,2,0,2,0,0,0,5,2,8,2,5,1,0,0,"red.ancestor.firsthunter","iron.ancestor.firstpack",3,0,8,2,7,3,4,2,0,0,0,0,8,0,5,0,0,0,0,7,0,7,0,7,0,0,0,5,22,27,0,0,1,0,5,0,0,0,1,1,4,5,1,1,0,0
game-126,126,"red-hunter-evolution","iron-hyena-pack-pressure",False,25,1,0,3,4,17,6,13,21,3,2,1,1,0,1,1,1,0,0,0,0,6,0,4,0,0,0,3,2,15,2,7,1,0,0,"red.ancestor.firsthunter","iron.ancestor.firstpack",0,0,2,2,9,9,6,0,0,0,0,0,1,0,1,0,0,0,0,7,0,7,0,7,0,0,0,5,26,31,0,0,1,0,7,0,0,0,2,1,4,15,1,1,0,0
game-127,127,"red-hunter-evolution","iron-hyena-pack-pressure",False,37,1,0,3,4,27,7,10,27,4,0,4,1,0,1,3,1,2,0,0,0,14,4,14,4,1,0,1,3,38,2,14,1,0,0,"red.ancestor.firsthunter","iron.ancestor.firstpack",4,0,10,2,15,14,5,2,1,0,0,0,0,1,0,1,0,0,0,13,0,13,0,13,0,2,0,11,38,49,0,0,2,0,15,0,0,0,4,2,4,19,1,1,0,0
game-128,128,"iron-hyena-pack-pressure","red-hunter-evolution",False,22,1,3,2,4,12,7,9,,2,2,0,0,0,0,1,0,1,0,0,0,0,2,0,2,0,0,5,0,8,2,4,1,0,0,"red.ancestor.firsthunter","iron.ancestor.firstpack",0,0,2,2,7,4,5,0,0,0,0,0,6,1,6,1,0,0,0,12,0,12,0,12,0,1,0,7,22,34,0,0,1,0,3,3,0,0,1,1,4,11,1,0,0,0
game-129,129,"red-hunter-evolution","iron-hyena-pack-pressure",False,41,1,1,3,4,10,7,11,35,6,2,4,1,0,1,4,0,4,0,0,0,16,8,14,8,2,0,5,2,35,19,16,13,0,0,"red.ancestor.firsthunter","iron.ancestor.firstpack",5,0,12,2,17,15,7,4,0,0,0,0,7,2,7,2,0,0,0,21,0,21,0,21,0,4,0,16,42,61,0,0,3,0,14,1,2,0,4,3,4,5,1,1,0,0
game-130,130,"red-hunter-evolution","iron-hyena-pack-pressure",False,31,1,2,3,4,8,7,13,17,4,3,1,1,0,1,2,2,0,0,0,0,4,0,3,0,1,2,7,1,28,12,10,8,0,0,"red.ancestor.firsthunter","iron.ancestor.firstpack",2,2,6,6,12,11,5,3,0,0,1,0,9,0,9,0,0,0,0,12,0,12,0,12,0,0,0,8,32,42,0,1,2,0,8,0,0,0,3,2,4,15,1,1,0,0
game-131,131,"red-hunter-evolution","iron-hyena-pack-pressure",False,21,1,1,3,4,15,7,11,17,2,2,0,1,0,1,1,0,1,0,0,0,2,2,2,2,0,1,7,0,18,2,7,1,0,0,"red.ancestor.firsthunter","iron.ancestor.firstpack",1,0,4,2,7,3,4,0,0,0,0,0,4,0,3,0,0,0,0,5,0,5,0,5,0,1,0,5,22,25,0,0,2,0,1,1,0,0,1,1,4,13,1,1,0,0
game-132,132,"red-hunter-evolution","iron-hyena-pack-pressure",False,19,1,0,3,4,13,5,6,17,2,1,1,1,0,1,1,0,1,0,0,0,4,2,3,2,0,0,2,0,10,0,5,0,0,0,"red.ancestor.firsthunter","",2,0,6,0,7,0,3,1,0,0,0,0,6,0,4,0,0,0,0,4,0,4,0,4,0,1,0,4,20,22,0,0,1,0,2,0,0,0,1,1,4,11,1,1,0,0
game-133,133,"red-hunter-evolution","iron-hyena-pack-pressure",False,19,1,2,3,3,5,9,11,,1,1,0,0,0,0,0,0,0,0,0,0,0,0,0,0,0,0,3,0,3,2,2,1,0,0,"red.ancestor.firsthunter","iron.ancestor.firstpack",0,0,2,2,5,2,4,0,0,0,0,0,11,0,5,0,0,0,0,10,0,10,0,10,0,0,0,5,20,28,0,0,1,0,1,0,0,0,1,1,4,3,1,1,0,0
game-134,134,"red-hunter-evolution","iron-hyena-pack-pressure",False,21,1,0,3,4,15,5,11,19,2,2,0,1,0,1,2,1,1,0,0,0,4,2,4,2,0,1,7,4,10,1,5,1,0,0,"red.ancestor.grandmother","iron.ancestor.firstpack",1,0,4,2,8,4,6,3,0,0,0,0,5,1,4,1,0,0,0,5,0,5,0,5,0,1,0,4,22,25,0,0,0,0,2,0,0,0,1,1,4,13,1,1,0,0
game-135,135,"iron-hyena-pack-pressure","red-hunter-evolution",False,24,1,3,2,10,14,5,11,,2,2,0,0,0,0,0,0,0,0,0,0,0,0,0,0,0,0,6,0,13,7,8,5,0,0,"red.ancestor.firsthunter","iron.ancestor.firstpack",2,0,6,2,9,6,6,0,0,0,0,0,5,1,5,1,0,0,0,13,0,13,0,13,0,1,0,7,24,37,0,0,0,0,3,0,0,0,1,1,10,13,1,0,0,0
game-136,136,"red-hunter-evolution","iron-hyena-pack-pressure",False,19,1,1,3,4,13,5,9,13,2,2,0,1,0,1,1,0,1,0,0,0,2,2,2,2,0,0,5,1,9,4,5,3,0,0,"red.ancestor.firsthunter","iron.ancestor.firstpack",0,1,2,4,7,5,6,0,0,0,0,0,2,5,2,2,0,0,0,6,0,6,0,6,0,2,0,5,20,24,0,0,1,0,5,0,2,0,1,1,4,11,1,1,0,0
game-137,137,"red-hunter-evolution","iron-hyena-pack-pressure",False,23,1,1,3,6,13,5,9,17,2,1,1,1,0,1,1,1,0,0,0,0,4,0,4,0,1,0,3,1,12,0,7,0,0,0,"red.ancestor.firsthunter","",0,0,2,0,9,0,8,0,0,0,0,0,0,1,0,1,0,0,0,6,0,6,0,6,0,0,0,4,24,28,0,1,1,0,11,0,0,0,2,1,6,9,1,1,0,0
game-138,138,"red-hunter-evolution","iron-hyena-pack-pressure",False,31,1,1,3,4,6,5,13,25,4,3,1,1,0,1,2,2,0,0,0,0,4,0,4,0,1,0,6,2,23,5,10,4,0,0,"red.ancestor.firsthunter","iron.ancestor.firstpack",3,1,8,4,13,10,4,1,1,0,5,0,3,1,3,1,0,0,0,13,0,13,0,13,0,1,0,9,32,43,0,0,2,0,13,1,0,0,3,2,4,7,1,1,0,0
game-139,139,"red-hunter-evolution","iron-hyena-pack-pressure",False,35,1,2,3,4,10,9,12,29,4,3,1,1,0,1,3,0,3,0,0,0,4,10,4,10,1,1,6,2,32,12,14,7,0,0,"red.ancestor.firsthunter","iron.ancestor.firstpack",5,2,12,6,13,12,2,4,1,0,1,0,3,2,3,2,0,0,0,17,0,17,0,17,0,3,0,13,36,51,0,0,1,0,13,3,0,0,3,2,4,7,1,1,0,0
game-140,140,"red-hunter-evolution","iron-hyena-pack-pressure",False,23,1,0,3,4,13,7,10,21,2,2,0,1,0,1,2,1,1,0,0,0,2,4,2,4,0,0,3,1,16,0,7,0,0,0,"red.ancestor.firsthunter","",0,0,2,0,8,0,5,0,0,0,0,0,0,0,0,0,0,0,0,6,0,6,0,6,0,1,0,4,24,28,0,0,1,0,8,1,0,0,2,1,4,5,1,1,0,0
game-141,141,"red-hunter-evolution","iron-hyena-pack-pressure",False,27,1,1,3,4,10,9,11,19,3,2,1,1,0,1,2,1,1,0,0,0,4,4,4,4,0,0,7,3,17,7,8,4,0,0,"red.ancestor.grandmother","iron.ancestor.firstpack",1,0,4,2,9,8,6,1,0,0,0,0,3,1,3,1,0,0,0,9,0,9,0,9,0,1,0,6,28,35,0,1,1,0,10,0,1,0,2,1,4,17,1,1,0,0
game-142,142,"red-hunter-evolution","iron-hyena-pack-pressure",False,41,1,2,3,8,10,5,13,,4,2,2,0,0,0,5,1,4,0,0,0,4,8,4,8,1,0,5,2,23,7,11,5,0,0,"red.ancestor.firsthunter","iron.ancestor.firstpack",6,2,14,6,18,15,5,6,0,0,1,0,5,6,5,4,0,0,0,24,0,24,0,24,0,5,0,14,42,64,0,0,2,0,14,0,0,0,5,3,8,31,1,1,0,0
game-143,143,"iron-hyena-pack-pressure","red-hunter-evolution",False,24,1,3,0,6,6,7,11,,2,2,0,0,0,0,2,1,1,0,0,0,0,4,0,3,0,1,4,1,27,8,9,5,0,0,"red.ancestor.grandmother","iron.ancestor.smithpassedfang",3,1,8,4,8,8,1,1,0,0,2,0,6,1,5,1,0,0,0,10,0,10,0,10,0,2,0,7,24,34,0,0,1,0,1,0,0,0,2,1,6,,1,0,0,0
game-144,144,"red-hunter-evolution","iron-hyena-pack-pressure",False,19,1,2,3,6,14,5,9,,2,2,0,0,0,0,1,1,0,0,0,0,0,0,0,0,0,2,2,0,6,4,4,3,0,0,"red.ancestor.firsthunter","iron.ancestor.firstpack",2,0,6,2,7,4,3,2,0,0,0,0,3,0,3,0,0,0,0,5,0,5,0,5,0,0,0,4,20,23,0,0,3,0,1,0,0,0,1,1,6,11,1,1,0,0
game-145,145,"red-hunter-evolution","iron-hyena-pack-pressure",False,19,1,1,3,3,5,9,11,,1,1,0,0,0,0,0,0,0,0,0,0,0,0,0,0,0,0,4,1,6,0,3,0,0,0,"red.ancestor.firsthunter","",1,0,4,0,5,0,4,0,0,0,0,0,3,0,3,0,0,0,0,8,0,8,0,8,0,0,0,4,20,26,0,0,1,0,1,2,0,0,1,1,4,3,1,1,0,0
game-146,146,"red-hunter-evolution","iron-hyena-pack-pressure",False,21,1,2,3,4,11,7,7,17,2,1,1,1,0,1,1,0,1,0,0,0,4,2,4,2,1,1,0,1,2,8,1,5,0,0,"red.ancestor.firsthunter","iron.ancestor.firstpack",0,0,2,2,7,6,6,0,0,0,0,0,6,2,5,1,0,0,0,11,0,11,0,11,0,1,0,6,22,31,0,0,1,0,6,0,1,0,1,1,4,9,1,1,0,0
game-147,147,"iron-hyena-pack-pressure","red-hunter-evolution",False,24,1,3,1,4,12,5,11,19,2,2,0,1,0,1,2,1,1,0,0,0,2,2,2,2,0,1,3,0,20,9,9,6,0,0,"red.ancestor.firsthunter","iron.ancestor.firstpack",2,2,6,6,9,8,4,0,1,0,1,0,6,6,4,3,0,0,0,13,0,13,0,13,0,5,0,9,24,37,0,0,3,0,5,1,1,0,2,1,4,15,1,0,0,0
game-148,148,"red-hunter-evolution","iron-hyena-pack-pressure",False,23,1,1,3,3,11,9,9,21,2,1,1,1,0,1,1,1,0,0,0,0,6,0,6,0,2,0,1,2,5,6,4,5,0,0,"red.ancestor.firsthunter","iron.ancestor.firstpack",0,0,2,2,7,6,7,0,0,0,0,0,8,1,7,1,0,0,0,8,0,8,0,8,0,1,0,7,24,30,0,0,1,0,8,1,0,0,2,1,4,3,1,1,0,0
game-149,149,"iron-hyena-pack-pressure","red-hunter-evolution",False,20,1,3,2,4,8,7,11,,1,1,0,0,0,0,2,1,1,0,0,0,0,4,0,4,0,1,2,0,11,6,5,4,0,0,"red.ancestor.firsthunter","iron.ancestor.firstpack",2,0,6,2,6,6,1,2,0,0,0,0,3,3,2,1,0,0,0,11,0,10,0,10,0,3,0,6,20,30,0,0,2,0,1,1,1,0,1,1,4,13,1,0,0,0
game-150,150,"red-hunter-evolution","iron-hyena-pack-pressure",False,17,1,0,3,3,5,9,9,13,2,2,0,1,0,1,0,0,0,0,0,0,2,0,2,0,0,0,0,0,2,0,1,0,0,0,"red.ancestor.firsthunter","",0,0,2,0,4,0,3,0,0,0,0,0,5,0,5,0,0,0,0,4,0,4,0,4,0,0,0,4,18,20,0,0,1,0,3,1,0,0,1,1,4,3,1,1,0,0
game-151,151,"red-hunter-evolution","iron-hyena-pack-pressure",False,19,1,0,3,3,9,11,11,,1,1,0,0,0,0,0,0,0,0,0,0,0,0,0,0,0,0,3,0,2,0,2,0,0,0,"red.ancestor.firsthunter","",0,0,2,0,4,0,5,0,0,0,0,0,0,0,0,0,0,0,0,3,0,3,0,3,0,0,0,3,20,21,0,0,0,0,6,1,0,0,1,1,4,3,1,1,0,0
game-152,152,"red-hunter-evolution","iron-hyena-pack-pressure",False,29,1,0,3,4,15,9,11,27,4,2,2,1,0,1,2,2,0,0,0,0,8,0,8,0,1,0,4,4,18,0,9,0,0,0,"red.ancestor.firsthunter","",2,0,6,0,10,0,4,0,2,0,0,0,0,1,0,1,0,0,0,15,0,15,0,15,0,2,0,10,30,43,0,0,1,0,19,2,0,0,3,2,4,13,1,1,0,0
game-153,153,"iron-hyena-pack-pressure","red-hunter-evolution",False,26,1,3,0,4,20,7,13,,2,1,1,0,0,0,2,1,1,0,0,0,2,2,2,2,0,1,7,2,31,9,9,5,0,0,"red.ancestor.grandmother","iron.ancestor.firstpack",3,0,8,2,9,9,0,2,0,0,0,0,6,0,4,0,0,0,0,12,0,12,0,12,0,1,0,9,26,38,0,0,1,0,1,2,0,0,2,1,4,,1,0,0,0
game-154,154,"red-hunter-evolution","iron-hyena-pack-pressure",False,37,1,0,3,8,27,5,15,,5,4,1,0,0,0,3,1,2,0,0,0,4,4,4,4,1,0,10,1,41,2,15,1,0,0,"red.ancestor.firsthunter","iron.ancestor.firstpack",7,0,16,2,16,5,4,2,4,0,0,0,8,3,7,1,0,2,0,14,0,14,0,14,0,3,0,10,38,50,0,0,4,0,8,0,0,0,4,2,8,25,1,1,0,0
game-155,155,"red-hunter-evolution","iron-hyena-pack-pressure",False,27,1,0,3,4,19,7,13,19,3,1,2,1,0,1,2,2,0,0,0,0,6,0,6,0,1,0,7,2,22,0,9,0,0,0,"red.ancestor.firsthunter","",2,0,6,0,10,0,6,0,1,0,0,0,0,0,0,0,0,0,0,6,0,6,0,6,0,0,0,5,28,32,0,0,2,0,9,0,0,0,2,1,4,15,1,1,0,0
game-156,156,"red-hunter-evolution","iron-hyena-pack-pressure",False,19,1,0,3,4,13,9,11,17,2,2,0,1,0,1,1,1,0,0,0,0,4,0,4,0,0,0,6,1,6,1,3,1,0,0,"red.ancestor.firsthunter","iron.ancestor.firstpack",1,0,4,2,5,2,1,4,0,0,0,0,11,0,7,0,0,0,0,7,0,7,0,7,0,0,0,5,20,25,0,0,1,0,3,0,0,0,1,1,4,5,1,1,0,0
game-157,157,"iron-hyena-pack-pressure","red-hunter-evolution",False,26,1,3,2,4,10,9,10,19,3,2,1,1,0,1,3,0,3,0,0,0,4,8,4,8,1,1,8,1,12,8,5,5,0,0,"red.ancestor.firsthunter","iron.ancestor.firstpack",1,0,4,2,8,7,2,0,0,0,0,0,15,2,9,2,0,0,0,14,0,14,0,14,0,4,0,8,26,40,0,0,1,0,3,0,1,0,2,1,4,15,1,0,0,0
game-158,158,"iron-hyena-pack-pressure","red-hunter-evolution",False,28,1,3,0,6,14,5,8,,4,4,0,0,0,0,3,1,2,0,0,0,0,6,0,6,1,0,6,1,24,10,9,7,0,0,"red.ancestor.firsthunter","iron.ancestor.firstpack",5,0,12,2,11,10,1,6,0,0,0,0,6,0,5,0,0,0,0,15,0,15,0,15,0,2,0,8,28,43,0,0,3,0,1,0,0,0,2,2,6,27,1,0,0,0
game-159,159,"red-hunter-evolution","iron-hyena-pack-pressure",False,31,1,2,3,6,19,5,10,19,4,3,1,1,0,1,3,1,2,0,0,0,6,6,6,6,0,1,6,0,20,12,9,7,0,0,"red.ancestor.firsthunter","iron.ancestor.firstpack",5,1,12,4,13,8,3,8,0,0,0,0,6,3,6,2,0,0,0,14,0,13,0,13,0,3,0,8,32,43,0,0,3,0,7,0,2,0,3,2,6,17,1,1,0,0
game-160,160,"iron-hyena-pack-pressure","red-hunter-evolution",False,30,1,3,2,4,8,5,8,15,3,2,1,1,0,1,4,2,2,0,0,0,6,8,6,8,1,0,4,2,27,13,10,9,0,0,"red.ancestor.firsthunter","iron.ancestor.firstpack",1,0,4,2,12,12,3,3,0,0,0,0,6,0,4,0,0,0,0,20,0,19,0,19,0,5,0,13,30,49,0,0,3,0,8,1,0,0,2,2,4,13,1,0,0,0
game-161,161,"iron-hyena-pack-pressure","red-hunter-evolution",False,32,1,3,2,4,14,9,10,31,4,2,2,1,0,1,4,0,4,0,0,0,10,10,10,10,2,0,3,2,27,13,9,7,0,0,"red.ancestor.firsthunter","iron.ancestor.firstpack",3,0,8,2,11,11,2,5,0,0,0,0,10,2,8,2,0,0,0,14,0,14,0,14,0,4,0,11,32,46,0,0,2,0,6,2,0,0,2,2,4,25,1,0,0,0
game-162,162,"iron-hyena-pack-pressure","red-hunter-evolution",False,21,1,3,0,6,10,7,9,15,2,1,1,1,0,1,1,0,1,0,0,0,4,2,3,1,1,0,1,0,22,8,8,5,0,0,"red.ancestor.firsthunter","iron.ancestor.firstpack",0,0,2,2,7,6,2,0,0,0,0,0,3,2,3,1,0,0,0,7,0,7,0,7,0,1,0,7,22,27,0,0,2,0,2,0,0,0,1,1,6,13,1,0,0,0
game-163,163,"iron-hyena-pack-pressure","red-hunter-evolution",False,24,1,3,1,4,8,7,11,,3,2,1,0,0,0,2,1,1,0,0,0,2,4,2,4,0,0,6,0,24,6,8,5,0,0,"red.ancestor.firsthunter","iron.ancestor.smithpassedfang",0,1,2,4,8,8,3,0,0,0,1,0,9,1,6,1,0,0,0,10,0,10,0,10,0,1,0,7,24,34,0,0,3,0,4,1,0,0,2,1,4,21,1,0,0,0
game-164,164,"red-hunter-evolution","iron-hyena-pack-pressure",False,29,1,2,3,4,12,7,7,19,4,1,3,1,0,1,2,0,2,0,0,0,8,6,7,6,2,0,3,0,25,7,9,5,0,0,"red.ancestor.firsthunter","iron.ancestor.smithpassedfang",0,1,2,4,11,9,8,0,0,0,2,0,6,3,6,2,0,0,0,11,0,11,0,11,0,4,0,7,30,39,0,0,2,0,8,2,1,0,2,2,4,15,1,1,0,0
game-165,165,"red-hunter-evolution","iron-hyena-pack-pressure",False,23,1,2,3,4,17,5,8,15,2,2,0,1,0,1,2,0,2,0,0,0,2,6,2,6,0,0,6,2,9,8,4,5,0,0,"red.ancestor.firsthunter","iron.ancestor.firstpack",1,0,4,2,9,8,1,5,0,0,0,0,7,2,5,1,0,0,0,11,0,11,0,11,0,3,0,8,24,33,0,0,3,0,2,1,1,0,1,1,4,13,1,1,0,0
game-166,166,"iron-hyena-pack-pressure","red-hunter-evolution",False,28,1,3,1,4,10,7,13,21,2,2,0,1,0,1,2,0,2,0,0,0,2,8,2,8,0,1,5,1,28,10,9,7,0,0,"red.ancestor.firsthunter","iron.ancestor.firstpack",2,0,6,2,10,10,2,1,0,0,0,0,8,1,5,1,0,0,0,14,0,14,0,14,0,3,0,10,28,42,0,0,3,0,4,0,1,0,2,2,4,19,1,0,0,0
game-167,167,"iron-hyena-pack-pressure","red-hunter-evolution",False,22,1,3,1,4,14,7,12,19,2,2,0,1,0,1,2,0,2,0,0,0,2,6,2,6,0,0,5,0,19,5,6,4,0,0,"red.ancestor.firsthunter","iron.ancestor.smithpassedfang",1,1,4,4,7,4,3,1,0,0,0,0,4,2,4,1,0,0,0,12,0,12,0,12,0,3,0,7,22,34,0,0,1,0,2,0,0,0,1,1,4,17,1,0,0,0
game-168,168,"iron-hyena-pack-pressure","red-hunter-evolution",False,20,1,3,0,4,10,7,11,,3,3,0,0,0,0,1,0,1,0,0,0,0,4,0,4,0,0,9,0,12,7,6,5,0,0,"red.ancestor.grandmother","iron.ancestor.smithpassedfang",3,1,8,4,6,6,1,3,0,0,0,0,7,0,6,0,0,0,0,8,0,8,0,8,0,0,0,7,20,28,0,0,1,0,3,0,0,0,1,1,4,17,1,0,0,0
game-169,169,"red-hunter-evolution","iron-hyena-pack-pressure",False,35,1,1,3,4,23,7,13,19,5,3,2,1,0,1,2,0,2,0,0,0,8,6,8,6,0,0,12,0,39,8,14,6,0,0,"red.ancestor.firsthunter","iron.ancestor.firstpack",1,0,4,2,14,8,6,0,0,0,0,0,10,0,9,0,0,0,0,14,0,14,0,14,0,2,0,10,36,48,0,0,2,0,7,0,0,0,3,2,4,17,1,1,0,0
game-170,170,"iron-hyena-pack-pressure","red-hunter-evolution",False,18,1,3,0,4,6,5,13,17,1,1,0,1,0,1,0,0,0,0,0,0,2,0,2,0,0,0,6,0,16,5,6,3,0,0,"red.ancestor.firsthunter","iron.ancestor.firstpack",0,0,2,2,6,3,1,0,0,0,0,0,5,0,4,0,0,0,0,7,0,7,0,7,0,0,0,4,18,25,0,0,1,0,1,1,0,0,1,1,4,15,1,0,0,0
game-171,171,"iron-hyena-pack-pressure","red-hunter-evolution",False,32,1,3,2,4,14,5,15,19,4,2,2,1,0,1,3,2,1,0,0,0,8,2,8,2,1,2,6,1,32,14,14,9,0,0,"red.ancestor.firsthunter","iron.ancestor.firstpack",6,0,14,2,13,12,4,1,2,0,0,0,12,1,10,1,0,0,0,14,0,14,0,14,0,1,0,11,32,46,0,0,0,0,7,0,1,0,3,2,4,9,1,0,0,0
game-172,172,"iron-hyena-pack-pressure","red-hunter-evolution",False,23,1,3,0,6,17,9,13,,2,2,0,0,0,0,1,0,1,0,0,0,0,4,0,4,0,1,1,0,25,3,8,2,0,0,"red.ancestor.firsthunter","iron.ancestor.smithpassedfang",4,1,10,4,7,3,0,2,0,0,2,0,6,0,5,0,0,0,0,5,0,5,0,5,0,1,0,3,24,27,0,0,2,0,3,1,0,0,2,1,6,,1,0,0,0
game-173,173,"iron-hyena-pack-pressure","red-hunter-evolution",False,34,1,3,1,4,14,5,11,25,2,1,1,1,0,1,3,1,2,0,0,0,6,8,6,8,2,1,3,0,32,14,13,9,0,0,"red.ancestor.firsthunter","iron.ancestor.firstpack",3,0,8,2,14,14,4,3,0,0,0,0,8,1,7,1,0,0,0,16,0,16,0,16,0,2,0,10,34,50,0,0,3,0,4,2,0,0,3,2,4,13,1,0,0,0
game-174,174,"red-hunter-evolution","iron-hyena-pack-pressure",False,37,1,2,3,4,16,7,9,,5,3,2,0,0,0,4,0,4,0,0,0,6,8,6,8,0,0,7,0,26,9,11,6,0,0,"red.ancestor.firsthunter","iron.ancestor.firstpack",3,0,8,2,15,10,3,1,0,0,0,0,8,2,5,1,0,1,0,19,0,19,0,19,0,6,0,11,38,55,0,0,2,0,7,2,0,0,3,2,4,5,1,1,0,0
game-175,175,"red-hunter-evolution","iron-hyena-pack-pressure",False,31,1,1,3,4,21,9,15,25,3,1,2,1,0,1,3,1,2,0,0,0,8,4,8,4,0,0,8,7,23,1,11,1,0,0,"red.ancestor.firsthunter","iron.ancestor.firstpack",4,0,10,2,11,2,6,1,0,0,0,0,4,4,3,3,0,0,0,13,0,13,0,13,0,3,0,10,32,43,0,0,2,0,11,0,1,0,3,2,4,17,1,1,0,0
game-176,176,"red-hunter-evolution","iron-hyena-pack-pressure",False,27,1,1,3,4,13,5,9,19,3,2,1,1,0,1,2,1,1,0,0,0,6,2,4,2,0,1,8,1,23,2,10,1,0,0,"red.ancestor.firsthunter","iron.ancestor.firstpack",2,0,6,2,11,3,5,2,0,0,0,0,8,0,5,0,0,0,0,9,0,9,0,9,0,2,0,6,28,35,0,0,1,0,6,1,0,0,2,1,4,11,1,1,0,0
game-177,177,"red-hunter-evolution","iron-hyena-pack-pressure",False,19,1,2,3,4,12,7,9,,2,2,0,0,0,0,1,1,0,0,0,0,0,0,0,0,0,1,3,0,4,1,4,1,0,0,"red.ancestor.firsthunter","iron.ancestor.firstpack",0,0,2,2,6,2,5,0,0,0,0,0,5,1,4,1,0,0,0,7,0,7,0,7,0,0,0,5,20,25,0,0,0,0,2,0,0,0,1,1,4,5,1,1,0,0
game-178,178,"red-hunter-evolution","iron-hyena-pack-pressure",False,19,1,1,3,4,13,5,9,17,2,1,1,1,0,1,1,1,0,0,0,0,4,0,4,0,1,0,3,1,11,1,6,1,0,0,"red.ancestor.firsthunter","iron.ancestor.firstpack",3,0,8,2,7,6,4,1,0,0,0,0,7,0,5,0,0,0,0,5,0,5,0,5,0,0,0,4,20,23,0,0,2,0,4,1,0,0,1,1,4,11,1,1,0,0
game-179,179,"red-hunter-evolution","iron-hyena-pack-pressure",False,27,1,0,3,4,17,7,6,21,2,1,1,1,0,1,2,1,1,0,0,0,4,2,4,2,2,0,5,0,20,0,9,0,0,0,"red.ancestor.firsthunter","",1,0,4,0,10,0,4,3,0,0,0,0,1,0,1,0,0,0,0,10,0,10,0,10,0,1,0,8,28,36,0,0,1,0,10,2,0,0,2,1,4,15,1,1,0,0
game-180,180,"iron-hyena-pack-pressure","red-hunter-evolution",False,22,1,3,0,4,10,5,6,,2,1,1,0,0,0,4,0,4,0,0,0,2,14,2,10,0,1,5,2,14,4,6,3,0,0,"red.ancestor.firsthunter","iron.ancestor.firstpack",3,0,8,2,8,7,1,1,1,0,0,0,0,1,0,1,0,0,0,10,0,10,0,10,0,5,0,6,22,32,0,0,2,0,2,1,0,0,1,1,4,,1,0,0,0
game-181,181,"red-hunter-evolution","iron-hyena-pack-pressure",False,23,1,1,3,4,8,6,10,,2,2,0,0,0,0,1,0,1,0,0,0,0,4,0,4,1,0,7,0,12,1,6,1,0,0,"red.ancestor.grandmother","iron.ancestor.smithpassedfang",3,0,8,2,7,8,4,1,0,0,5,0,5,0,4,0,0,0,0,8,0,8,0,8,0,1,0,7,24,30,0,0,0,0,0,0,0,0,2,1,4,15,1,1,0,0
game-182,182,"red-hunter-evolution","iron-hyena-pack-pressure",False,27,1,0,3,8,17,5,7,19,4,2,2,1,0,1,1,1,0,0,0,0,6,0,5,0,0,0,4,1,21,0,8,0,0,0,"red.ancestor.firsthunter","",2,0,6,0,11,0,6,1,0,0,0,0,1,0,1,0,0,0,0,9,0,9,0,9,0,0,0,7,28,35,0,0,1,0,9,1,0,0,2,1,8,15,1,1,0,0
game-183,183,"iron-hyena-pack-pressure","red-hunter-evolution",False,34,1,3,1,8,22,7,16,,4,2,2,0,0,0,3,1,2,0,0,0,4,6,4,6,1,1,2,2,48,12,14,8,0,0,"red.ancestor.firsthunter","iron.ancestor.firstpack",4,0,10,2,13,8,2,3,0,0,0,0,6,0,6,0,0,0,0,15,0,15,0,15,0,2,0,9,34,49,0,0,3,0,3,0,0,0,3,2,8,31,1,0,0,0
game-184,184,"red-hunter-evolution","iron-hyena-pack-pressure",False,39,1,1,3,4,12,5,11,35,4,2,2,1,0,1,5,1,4,0,0,0,10,8,10,8,2,0,4,3,41,4,16,3,0,0,"red.ancestor.firsthunter","iron.ancestor.firstpack",5,1,12,4,17,16,8,2,0,0,3,0,2,3,2,3,0,0,0,18,0,18,0,18,0,4,0,15,40,56,0,0,3,0,8,3,0,0,4,2,4,31,1,1,0,0
game-185,185,"iron-hyena-pack-pressure","red-hunter-evolution",False,22,1,3,0,4,12,9,9,,3,3,0,0,0,0,1,0,1,0,0,0,0,6,0,2,0,0,2,0,21,7,6,5,0,0,"red.ancestor.grandmother","iron.ancestor.firstpack",3,0,8,2,6,5,0,3,1,0,0,0,8,0,7,0,0,0,0,14,0,13,0,13,0,0,0,8,22,35,0,0,1,0,2,0,0,0,1,1,4,5,1,0,0,0
game-186,186,"red-hunter-evolution","iron-hyena-pack-pressure",False,29,1,2,3,4,14,7,10,19,4,3,1,1,0,1,3,1,2,0,0,0,8,10,8,8,0,1,4,3,21,8,8,5,0,0,"red.ancestor.firsthunter","iron.ancestor.firstpack",2,0,6,2,11,9,8,1,0,0,0,0,10,2,8,2,0,0,0,13,0,12,0,12,0,2,0,7,30,40,0,0,3,0,6,1,0,0,2,2,4,17,1,1,0,0
game-187,187,"red-hunter-evolution","iron-hyena-pack-pressure",False,31,1,1,3,8,12,5,10,,3,1,2,0,0,0,2,0,2,0,0,0,6,6,6,5,1,1,0,1,10,1,5,1,0,0,"red.ancestor.firsthunter","iron.ancestor.firstpack",2,0,6,2,13,10,6,0,2,0,0,0,0,2,0,2,0,0,0,13,0,13,0,13,0,3,0,8,32,43,0,0,3,0,12,1,0,0,3,2,8,17,1,1,0,0
game-188,188,"red-hunter-evolution","iron-hyena-pack-pressure",False,23,1,2,3,4,12,7,9,17,3,2,1,1,0,1,1,1,0,0,0,0,4,0,4,0,1,0,2,1,9,5,4,4,0,0,"red.ancestor.firsthunter","iron.ancestor.firstpack",0,0,2,2,8,5,4,0,0,0,0,0,8,0,8,0,0,0,0,11,0,11,0,11,0,0,0,7,24,33,0,0,2,0,5,1,0,0,1,1,4,5,1,1,0,0
game-189,189,"iron-hyena-pack-pressure","red-hunter-evolution",False,22,1,3,2,4,13,7,11,,2,2,0,0,0,0,2,1,1,0,0,0,0,2,0,2,0,1,4,1,13,6,7,4,0,0,"red.ancestor.firsthunter","iron.ancestor.firstpack",2,0,6,2,7,5,3,2,0,0,0,0,7,4,7,2,0,0,0,14,0,14,0,14,0,4,0,6,22,36,0,0,0,0,3,2,1,0,1,1,4,5,1,0,0,0
game-190,190,"red-hunter-evolution","iron-hyena-pack-pressure",False,21,1,0,3,4,13,7,10,,2,1,1,0,0,0,2,1,1,0,0,0,2,2,2,2,0,0,3,1,13,0,5,0,0,0,"red.ancestor.firsthunter","",2,0,6,0,7,0,6,1,0,0,0,0,6,0,4,0,0,0,0,5,0,5,0,5,0,0,0,5,22,25,0,0,0,0,3,0,0,0,1,1,4,13,1,1,0,0
game-191,191,"red-hunter-evolution","iron-hyena-pack-pressure",False,15,1,0,3,4,11,7,7,,2,1,1,0,0,0,0,0,0,0,0,0,2,0,2,0,0,0,2,0,2,2,1,1,0,0,"red.ancestor.firsthunter","iron.ancestor.firstpack",0,0,2,2,4,3,6,0,0,0,0,0,2,0,1,0,0,0,0,2,0,2,0,2,0,0,0,2,16,16,0,0,1,0,3,1,0,0,1,0,4,9,1,1,0,0
game-192,192,"red-hunter-evolution","iron-hyena-pack-pressure",False,37,1,1,3,4,10,5,8,29,5,2,3,1,0,1,5,1,4,0,0,0,10,10,10,9,0,0,6,2,40,15,14,8,0,0,"red.ancestor.grandmother","iron.ancestor.firstpack",1,0,4,2,16,15,7,1,0,0,0,0,0,2,0,2,0,0,0,15,0,15,0,15,0,3,0,12,38,51,0,0,1,0,10,3,1,0,3,2,4,27,1,1,0,0
game-193,193,"iron-hyena-pack-pressure","red-hunter-evolution",False,20,1,3,2,4,10,7,9,,2,1,1,0,0,0,1,0,1,0,0,0,4,2,4,2,0,0,3,0,6,8,4,5,0,0,"red.ancestor.firsthunter","iron.ancestor.firstpack",0,0,2,2,6,6,5,0,0,0,0,0,2,2,2,1,0,0,0,12,0,11,0,11,0,1,0,8,20,31,0,0,2,0,2,0,0,0,1,1,4,13,1,0,0,0
game-194,194,"red-hunter-evolution","iron-hyena-pack-pressure",False,33,1,0,3,4,25,7,9,,4,1,3,0,0,0,1,0,1,0,0,0,8,2,8,2,0,1,3,2,31,0,12,0,0,0,"red.ancestor.firsthunter","",6,0,14,0,13,0,2,1,3,0,0,0,3,3,3,1,0,2,0,9,0,9,0,9,0,1,0,8,34,41,0,1,1,0,8,1,0,0,3,2,4,23,1,1,0,0
game-195,195,"iron-hyena-pack-pressure","red-hunter-evolution",False,24,1,3,2,4,8,9,13,19,2,2,0,1,0,1,2,0,2,0,0,0,2,4,2,3,0,0,3,2,15,8,7,5,0,0,"red.ancestor.firsthunter","iron.ancestor.firstpack",1,0,4,2,7,7,3,2,0,0,0,0,9,1,5,1,0,0,0,11,0,11,0,11,0,3,0,9,24,35,0,0,3,0,2,1,0,0,2,1,4,17,1,0,0,0
game-196,196,"red-hunter-evolution","iron-hyena-pack-pressure",False,19,1,2,3,4,13,9,11,,1,1,0,0,0,0,1,1,0,0,0,0,0,0,0,0,0,1,4,0,7,4,4,3,0,0,"red.ancestor.firsthunter","iron.ancestor.firstpack",2,0,6,2,5,3,3,1,0,0,0,0,6,0,4,0,0,0,0,8,0,8,0,8,0,0,0,5,20,26,0,0,1,0,1,0,0,0,1,1,4,5,1,1,0,0
game-197,197,"red-hunter-evolution","iron-hyena-pack-pressure",False,23,1,0,3,4,17,7,13,,2,1,1,0,0,0,1,1,0,0,0,0,2,0,2,0,0,0,7,2,13,0,5,0,0,0,"red.ancestor.firsthunter","",0,0,2,0,8,0,6,0,0,0,0,0,0,0,0,0,0,0,0,9,0,9,0,9,0,0,0,5,24,31,0,0,0,0,8,1,0,0,2,1,4,15,1,1,0,0
game-198,198,"red-hunter-evolution","iron-hyena-pack-pressure",False,21,1,0,3,8,13,7,11,17,2,2,0,1,0,1,0,0,0,0,0,0,2,0,2,0,0,0,3,0,16,2,7,1,0,0,"red.ancestor.firsthunter","iron.ancestor.firstpack",3,0,8,2,7,2,5,2,0,0,0,0,7,0,5,0,0,0,0,4,0,4,0,4,0,0,0,4,22,24,0,0,1,0,3,0,0,0,1,1,8,13,1,1,0,0
game-199,199,"red-hunter-evolution","iron-hyena-pack-pressure",False,17,1,1,3,4,13,7,9,,2,2,0,0,0,0,0,0,0,0,0,0,0,0,0,0,0,0,5,1,3,6,2,3,0,0,"red.ancestor.grandmother","iron.ancestor.firstpack",1,0,4,2,5,4,6,0,0,0,0,0,5,1,4,1,0,0,0,5,0,5,0,5,0,1,0,5,18,21,0,0,2,0,2,1,1,0,1,1,4,11,1,1,0,0
game-200,200,"red-hunter-evolution","iron-hyena-pack-pressure",False,15,1,0,3,8,9,5,7,,2,1,1,0,0,0,0,0,0,0,0,0,2,0,2,0,0,0,4,3,2,0,1,0,0,0,"red.ancestor.firsthunter","",0,0,2,0,5,0,5,0,0,0,0,0,7,0,4,0,0,0,0,2,0,2,0,2,0,0,0,2,16,16,0,0,0,0,4,0,0,0,1,0,8,9,1,1,0,0
game-201,201,"iron-hyena-pack-pressure","red-hunter-evolution",False,24,1,3,0,6,18,5,13,,2,2,0,0,0,0,2,0,2,0,0,0,0,4,0,4,0,0,9,0,25,8,9,5,0,0,"red.ancestor.firsthunter","iron.ancestor.firstpack",2,0,6,2,9,5,0,4,0,0,0,0,3,0,3,0,0,0,0,13,0,13,0,13,0,3,0,7,24,37,0,0,2,0,1,0,0,0,1,1,6,,1,0,0,0
game-202,202,"red-hunter-evolution","iron-hyena-pack-pressure",False,25,1,2,3,4,8,5,9,19,4,4,0,1,0,1,2,1,1,0,0,0,2,8,2,4,0,0,5,0,15,9,7,7,0,0,"red.ancestor.grandmother","iron.ancestor.firstpack",2,0,6,2,10,8,5,4,0,0,0,0,9,2,9,1,0,0,0,13,0,13,0,13,0,2,0,9,26,37,0,0,2,0,7,1,0,0,2,1,4,17,1,1,0,0
game-203,203,"iron-hyena-pack-pressure","red-hunter-evolution",False,28,1,3,0,5,14,5,12,,3,1,2,0,0,0,3,0,3,0,0,0,10,6,6,5,1,1,1,0,26,10,10,6,0,0,"red.ancestor.grandmother","iron.ancestor.firstpack",6,0,14,2,11,7,1,2,1,0,0,0,6,1,6,0,0,1,0,14,0,14,0,14,0,2,0,9,28,42,0,0,2,0,2,1,0,0,2,2,5,27,1,0,0,0
game-204,204,"red-hunter-evolution","iron-hyena-pack-pressure",False,21,1,1,3,4,7,9,11,21,2,1,1,1,0,1,2,1,1,0,0,0,4,2,3,2,0,1,6,1,4,2,3,1,0,0,"red.ancestor.firsthunter","iron.ancestor.firstpack",0,0,2,2,6,3,5,0,0,0,0,0,5,3,4,2,0,0,0,8,0,8,0,8,0,2,0,5,22,28,0,0,0,0,3,2,0,0,1,1,4,5,1,1,0,0
game-205,205,"red-hunter-evolution","iron-hyena-pack-pressure",False,37,1,0,3,4,31,7,7,35,5,2,3,1,0,1,3,2,1,0,0,0,12,2,12,2,0,0,5,3,24,11,9,8,0,0,"red.ancestor.firsthunter","iron.ancestor.firstpack",3,1,8,4,15,12,5,2,2,0,2,0,4,1,3,1,0,0,0,16,0,16,0,16,0,1,0,12,38,52,0,1,1,0,17,0,0,0,4,2,4,31,1,1,0,0
game-206,206,"red-hunter-evolution","iron-hyena-pack-pressure",False,25,1,2,3,4,16,8,13,17,2,1,1,1,0,1,1,0,1,0,0,0,4,8,4,4,0,0,6,1,12,2,6,2,0,0,"red.ancestor.firsthunter","iron.ancestor.smithpassedfang",0,1,2,4,7,8,5,0,0,0,1,0,6,1,5,1,0,0,0,8,0,8,0,8,0,1,0,4,26,32,0,0,3,0,3,1,1,0,2,1,4,15,1,1,0,0
game-207,207,"red-hunter-evolution","iron-hyena-pack-pressure",False,15,1,0,3,4,11,7,9,,2,2,0,0,0,0,0,0,0,0,0,0,0,0,0,0,0,1,3,1,7,0,3,0,0,0,"red.ancestor.firsthunter","",0,0,2,0,4,0,5,0,0,0,0,0,3,0,1,0,0,0,0,3,0,3,0,3,0,0,0,2,16,17,0,0,1,0,0,0,0,0,1,0,4,5,1,1,0,0
game-208,208,"red-hunter-evolution","iron-hyena-pack-pressure",False,31,1,0,3,10,23,5,19,25,3,1,2,1,0,1,2,2,0,0,0,0,10,0,8,0,1,0,2,2,31,0,11,0,0,0,"red.ancestor.firsthunter","",3,0,8,0,13,0,7,1,0,0,0,0,0,1,0,1,0,0,0,11,0,11,0,11,0,1,0,7,32,41,0,0,0,0,9,1,0,0,3,2,10,21,1,1,0,0
game-209,209,"iron-hyena-pack-pressure","red-hunter-evolution",False,18,1,3,0,4,14,7,9,,2,2,0,0,0,0,0,0,0,0,0,0,0,0,0,0,0,0,3,0,16,5,6,3,0,0,"red.ancestor.grandmother","iron.ancestor.firstpack",1,0,4,2,5,3,0,1,0,0,0,0,2,0,2,0,0,0,0,10,0,10,0,10,0,0,0,6,18,28,0,0,2,0,0,0,0,0,1,1,4,,1,0,0,0
game-210,210,"red-hunter-evolution","iron-hyena-pack-pressure",False,37,1,2,3,4,12,5,9,23,6,2,4,1,0,1,3,2,1,0,0,0,10,4,10,4,1,2,5,2,20,22,9,13,0,0,"red.ancestor.firsthunter","iron.ancestor.firstpack",6,0,14,2,16,14,5,5,0,0,0,0,14,2,13,1,0,0,0,20,0,20,0,20,0,3,0,16,38,56,0,0,2,0,13,3,1,0,3,2,4,21,1,1,0,0
game-211,211,"red-hunter-evolution","iron-hyena-pack-pressure",False,19,1,2,3,3,5,9,11,,2,2,0,0,0,0,0,0,0,0,0,0,0,0,0,0,0,0,4,0,7,2,4,1,0,0,"red.ancestor.firsthunter","iron.ancestor.firstpack",2,0,6,2,5,2,2,2,0,0,0,0,9,1,6,1,0,0,0,10,0,9,0,9,0,0,0,4,20,27,0,0,0,0,3,0,1,0,1,1,4,3,1,1,0,0
game-212,212,"iron-hyena-pack-pressure","red-hunter-evolution",False,22,1,3,0,6,14,5,11,,2,2,0,0,0,0,1,0,1,0,0,0,0,4,0,4,1,0,6,0,20,4,7,4,0,0,"red.ancestor.grandmother","iron.ancestor.firstpack",3,0,8,2,8,5,0,1,0,0,0,0,4,0,4,0,0,0,0,14,0,14,0,14,0,3,0,7,22,36,0,0,3,0,1,2,0,0,1,1,6,,1,0,0,0
game-213,213,"iron-hyena-pack-pressure","red-hunter-evolution",False,32,1,3,2,4,17,7,11,15,4,2,2,1,0,1,3,1,2,0,0,0,8,10,8,6,1,1,4,2,24,12,10,9,0,0,"red.ancestor.firsthunter","iron.ancestor.firstpack",5,0,12,2,12,11,5,3,0,0,0,0,5,1,5,0,0,1,0,25,0,22,0,22,0,5,0,11,32,54,0,0,2,0,6,2,0,0,2,2,4,13,1,0,0,0
game-214,214,"iron-hyena-pack-pressure","red-hunter-evolution",False,20,1,3,1,4,10,6,12,,1,1,0,0,0,0,2,0,2,0,0,0,0,4,0,4,0,0,6,2,11,6,6,4,0,0,"red.ancestor.grandmother","iron.ancestor.firstpack",1,0,4,2,6,7,3,2,0,0,0,0,2,1,2,1,0,0,0,11,0,11,0,11,0,4,0,7,20,31,0,0,2,0,1,2,0,0,1,1,4,17,1,0,0,0
game-215,215,"iron-hyena-pack-pressure","red-hunter-evolution",False,32,1,3,1,4,13,7,9,13,3,2,1,1,0,1,3,0,3,0,0,0,10,10,6,6,1,0,7,0,34,7,12,5,0,0,"red.ancestor.firsthunter","iron.ancestor.firstpack",2,0,6,2,12,7,1,2,0,0,0,0,7,0,7,0,0,0,0,20,0,19,0,19,0,5,0,9,32,51,0,0,1,0,4,0,0,0,2,2,4,5,1,0,0,0
game-216,216,"red-hunter-evolution","iron-hyena-pack-pressure",False,15,1,0,3,4,11,9,9,,1,0,1,0,0,0,1,1,0,0,0,0,2,0,2,0,1,1,1,1,3,0,2,0,0,0,"red.ancestor.firsthunter","",1,0,4,0,3,0,1,3,0,0,0,0,2,0,1,0,0,0,0,3,0,3,0,3,0,0,0,2,16,17,0,0,0,0,1,0,0,0,1,0,4,5,1,1,0,0
game-217,217,"iron-hyena-pack-pressure","red-hunter-evolution",False,24,1,3,0,9,10,5,12,21,2,1,1,1,0,1,3,1,2,0,0,0,6,4,6,4,1,0,6,4,24,5,9,3,0,0,"red.ancestor.firsthunter","iron.ancestor.firstpack",2,0,6,2,9,3,2,1,0,0,0,0,4,1,4,1,0,0,0,9,0,9,0,9,0,2,0,7,24,33,0,0,2,0,2,0,0,0,2,1,9,19,1,0,0,0
game-218,218,"iron-hyena-pack-pressure","red-hunter-evolution",False,30,1,3,1,6,14,8,9,29,3,3,0,1,0,1,3,0,3,0,0,0,2,10,2,10,0,0,2,0,32,10,10,6,0,0,"red.ancestor.grandmother","iron.ancestor.firstpack",3,0,8,2,10,11,2,3,0,0,0,0,5,0,5,0,0,0,0,13,0,13,0,13,0,4,0,10,30,43,0,1,4,0,2,2,0,1,2,2,6,25,1,0,0,0
game-219,219,"red-hunter-evolution","iron-hyena-pack-pressure",False,23,1,1,3,4,11,9,9,,3,3,0,0,0,0,1,1,0,0,0,0,0,0,0,0,0,1,7,1,7,6,5,5,0,0,"red.ancestor.firsthunter","iron.ancestor.firstpack",2,0,6,2,7,5,6,0,0,0,0,0,7,2,6,1,0,0,0,10,0,10,0,10,0,1,0,7,24,32,0,0,2,0,6,1,0,0,2,1,4,5,1,1,0,0
game-220,220,"red-hunter-evolution","iron-hyena-pack-pressure",False,23,1,0,3,4,13,7,11,17,1,1,0,1,0,1,0,0,0,0,0,0,2,0,2,0,0,0,4,2,16,0,7,0,0,0,"red.ancestor.firsthunter","",2,0,6,0,8,0,4,1,0,0,0,0,0,0,0,0,0,0,0,7,0,7,0,7,0,0,0,6,24,29,0,0,2,0,10,1,0,0,2,1,4,5,1,1,0,0
game-221,221,"red-hunter-evolution","iron-hyena-pack-pressure",False,31,1,2,3,6,13,7,9,31,4,1,3,1,0,1,4,0,4,0,0,0,12,12,12,10,0,0,1,1,27,1,9,1,0,0,"red.ancestor.firsthunter","iron.ancestor.firstpack",2,0,6,2,12,8,5,1,0,0,0,0,3,3,3,1,0,0,0,18,0,17,0,17,0,5,0,9,32,47,0,0,2,0,7,4,1,0,3,2,6,11,1,1,0,0
game-222,222,"red-hunter-evolution","iron-hyena-pack-pressure",False,37,1,0,3,6,27,5,13,29,4,3,1,1,0,1,2,2,0,0,0,0,4,0,4,0,1,1,5,1,35,16,12,12,0,0,"red.ancestor.grandmother","iron.ancestor.firstpack",3,0,8,2,16,13,8,5,0,0,0,0,6,2,5,1,0,1,0,22,0,22,0,22,0,3,0,12,38,58,0,0,2,0,15,0,0,0,3,2,6,23,1,1,0,0
game-223,223,"red-hunter-evolution","iron-hyena-pack-pressure",False,15,1,0,3,4,9,9,9,,2,2,0,0,0,0,0,0,0,0,0,0,0,0,0,0,0,0,8,0,4,0,2,0,0,0,"red.ancestor.grandmother","",1,0,4,0,3,0,3,1,0,0,0,0,3,0,2,0,0,0,0,2,0,2,0,2,0,0,0,2,16,16,0,0,0,0,0,0,0,0,1,0,4,5,1,1,0,0
game-224,224,"iron-hyena-pack-pressure","red-hunter-evolution",False,17,1,3,0,5,12,5,13,,1,1,0,0,0,0,1,0,1,0,0,0,0,4,0,4,0,0,4,0,17,3,7,2,0,0,"red.ancestor.grandmother","iron.ancestor.firstpack",1,0,4,2,6,2,0,2,0,0,0,0,2,0,2,0,0,0,0,7,0,7,0,7,0,0,0,4,18,23,0,0,2,0,1,0,0,0,1,1,5,,1,0,0,0
game-225,225,"red-hunter-evolution","iron-hyena-pack-pressure",False,23,1,0,3,4,17,7,9,19,3,2,1,1,0,1,1,0,1,0,0,0,4,2,4,2,1,0,6,0,15,2,8,1,0,0,"red.ancestor.firsthunter","iron.ancestor.firstpack",1,0,4,2,8,4,4,2,0,0,0,0,1,1,1,1,0,0,0,5,0,5,0,5,0,1,0,5,24,27,0,0,0,0,6,1,0,0,1,1,4,15,1,1,0,0
game-226,226,"iron-hyena-pack-pressure","red-hunter-evolution",False,28,1,3,1,4,18,5,13,17,3,2,1,1,0,1,3,1,2,0,0,0,4,8,4,4,0,1,5,0,28,8,9,6,0,0,"red.ancestor.firsthunter","iron.ancestor.firstpack",3,0,8,2,11,6,2,1,0,0,0,0,8,2,8,1,0,0,0,18,0,17,0,17,0,2,0,9,28,45,0,0,2,0,7,1,1,0,2,2,4,15,1,0,0,0
game-227,227,"red-hunter-evolution","iron-hyena-pack-pressure",False,31,1,0,3,4,21,5,13,23,4,3,1,1,0,1,0,0,0,0,0,0,4,0,4,0,1,0,4,1,21,14,8,9,0,0,"red.ancestor.firsthunter","iron.ancestor.smithpassedfang",2,1,6,4,13,12,6,3,0,0,1,0,2,0,2,0,0,0,0,10,0,10,0,10,0,0,0,8,32,40,0,0,2,0,7,0,0,0,3,2,4,19,1,1,0,0
game-228,228,"red-hunter-evolution","iron-hyena-pack-pressure",False,21,1,0,3,4,15,7,13,19,2,1,1,1,0,1,0,0,0,0,0,0,4,0,4,0,1,0,3,2,20,0,7,0,0,0,"red.ancestor.firsthunter","",1,0,4,0,7,0,5,1,0,0,0,0,0,0,0,0,0,0,0,5,0,5,0,5,0,0,0,5,22,25,0,0,1,0,7,0,0,0,1,1,4,5,1,1,0,0
game-229,229,"red-hunter-evolution","iron-hyena-pack-pressure",False,27,1,1,3,6,13,5,9,17,3,1,2,1,0,1,2,1,1,0,0,0,12,4,7,3,1,1,2,1,14,5,8,4,0,0,"red.ancestor.grandmother","iron.ancestor.firstpack",2,1,6,4,11,6,6,2,0,0,0,0,2,2,1,1,0,0,0,11,0,11,0,11,0,1,0,7,28,37,0,0,2,0,8,2,1,0,2,1,6,11,1,1,0,0
game-230,230,"red-hunter-evolution","iron-hyena-pack-pressure",False,15,1,0,3,4,7,9,9,,2,1,1,0,0,0,1,1,0,0,0,0,2,0,2,0,0,0,5,2,1,0,1,0,0,0,"red.ancestor.firsthunter","",0,0,2,0,3,0,4,0,0,0,0,0,12,0,5,0,0,0,0,3,0,3,0,3,0,0,0,3,16,17,0,0,0,0,4,0,0,0,1,0,4,5,1,1,0,0
game-231,231,"red-hunter-evolution","iron-hyena-pack-pressure",False,17,1,0,3,3,11,9,9,13,2,2,0,1,0,1,0,0,0,0,0,0,2,0,2,0,0,0,5,0,4,1,2,1,0,0,"red.ancestor.firsthunter","iron.ancestor.firstpack",0,0,2,2,4,1,5,0,0,0,0,0,10,0,7,0,0,0,0,5,0,5,0,5,0,0,0,4,18,21,0,0,0,0,6,1,0,0,1,1,4,3,1,1,0,0
game-232,232,"iron-hyena-pack-pressure","red-hunter-evolution",False,26,1,3,0,4,16,7,10,,3,2,1,0,0,0,3,1,2,0,0,0,4,4,4,4,1,1,6,2,24,5,9,4,0,0,"red.ancestor.firsthunter","iron.ancestor.firstpack",2,2,6,6,9,8,2,1,0,0,0,0,6,2,5,2,0,0,0,11,0,11,0,11,0,2,0,8,26,37,0,0,1,0,1,0,0,0,2,2,4,15,1,0,0,0
game-233,233,"red-hunter-evolution","iron-hyena-pack-pressure",False,23,1,2,3,4,15,7,11,,2,1,1,0,0,0,2,1,1,0,0,0,2,4,2,4,0,2,7,0,7,8,4,4,0,0,"red.ancestor.firsthunter","iron.ancestor.firstpack",2,0,6,2,8,4,5,1,0,0,0,0,3,6,3,2,0,0,0,12,0,10,0,10,0,4,0,5,24,32,0,0,0,0,3,3,2,0,2,1,4,13,1,1,0,0
game-234,234,"iron-hyena-pack-pressure","red-hunter-evolution",False,18,1,3,2,4,10,7,7,15,3,2,1,1,0,1,2,0,2,0,0,0,4,6,4,6,0,0,3,0,3,4,2,2,0,0,"red.ancestor.firsthunter","iron.ancestor.firstpack",0,0,2,2,5,4,3,0,0,0,0,0,4,0,4,0,0,0,0,11,0,11,0,11,0,3,0,5,18,29,0,0,1,0,3,1,0,0,1,1,4,9,1,0,0,0
game-235,235,"iron-hyena-pack-pressure","red-hunter-evolution",False,28,1,3,0,4,14,7,12,,3,1,2,0,0,0,4,1,3,0,0,0,6,8,6,7,0,1,8,0,28,11,10,7,0,0,"red.ancestor.grandmother","iron.ancestor.firstpack",1,0,4,2,10,9,1,1,0,0,0,0,5,1,5,1,0,0,0,15,0,14,0,14,0,3,0,10,28,42,0,0,1,0,1,0,0,0,2,2,4,,1,0,0,0
game-236,236,"iron-hyena-pack-pressure","red-hunter-evolution",False,22,1,3,1,6,12,5,11,19,2,1,1,1,0,1,1,0,1,0,0,0,4,2,4,2,0,0,2,1,9,7,4,5,0,0,"red.ancestor.firsthunter","iron.ancestor.firstpack",0,0,2,2,8,4,4,0,0,0,0,0,4,3,4,2,0,0,0,11,0,11,0,11,0,2,0,7,22,33,0,0,3,0,4,0,0,0,1,1,6,15,1,0,0,0
game-237,237,"iron-hyena-pack-pressure","red-hunter-evolution",False,32,1,3,1,6,17,7,8,19,4,2,2,1,0,1,4,1,3,0,0,0,8,6,8,6,1,0,5,1,31,7,11,5,0,0,"red.ancestor.grandmother","iron.ancestor.firstpack",7,0,16,2,12,7,1,6,1,0,0,0,8,1,8,1,0,0,0,16,0,16,0,16,0,3,0,8,32,48,0,0,3,0,5,1,0,0,2,2,6,15,1,0,0,0
game-238,238,"iron-hyena-pack-pressure","red-hunter-evolution",False,20,1,3,0,6,14,5,11,,2,1,1,0,0,0,2,1,1,0,0,0,2,2,2,2,1,2,4,0,10,6,5,3,0,0,"red.ancestor.grandmother","iron.ancestor.firstpack",2,0,6,2,7,3,0,1,0,0,0,0,3,0,3,0,0,0,0,11,0,10,0,10,0,2,0,6,20,30,0,0,2,0,1,0,0,0,1,1,6,,1,0,0,0
game-239,239,"red-hunter-evolution","iron-hyena-pack-pressure",False,45,1,2,3,8,12,5,10,,6,3,3,0,0,0,5,0,5,0,0,0,10,10,8,10,2,0,8,1,37,19,16,12,0,0,"red.ancestor.firsthunter","iron.ancestor.firstpack",5,0,12,2,20,17,6,5,0,0,0,0,2,8,2,4,0,2,0,27,0,26,0,26,0,8,0,17,46,70,0,0,2,0,14,1,0,0,4,3,8,15,1,1,0,0
game-240,240,"red-hunter-evolution","iron-hyena-pack-pressure",False,23,1,1,3,4,13,9,11,19,2,1,1,1,0,1,2,1,1,0,0,0,4,2,4,2,0,0,5,1,8,6,4,4,0,0,"red.ancestor.grandmother","iron.ancestor.firstpack",3,1,8,4,7,5,4,2,0,0,0,0,7,0,5,0,0,0,0,6,0,6,0,6,0,1,0,6,24,28,0,0,1,0,4,0,0,0,2,1,4,5,1,1,0,0
game-241,241,"iron-hyena-pack-pressure","red-hunter-evolution",False,16,1,3,0,4,10,7,11,,1,0,1,0,0,0,0,0,0,0,0,0,2,0,2,0,1,0,2,0,9,4,4,3,0,0,"red.ancestor.firsthunter","iron.ancestor.firstpack",0,0,2,2,4,3,0,0,0,0,0,0,2,0,2,0,0,0,0,9,0,9,0,9,0,1,0,5,16,25,0,0,1,0,2,0,0,0,1,1,4,5,1,0,0,0
game-242,242,"red-hunter-evolution","iron-hyena-pack-pressure",False,19,1,1,3,4,11,7,7,,2,1,1,0,0,0,0,0,0,0,0,0,4,0,4,0,0,0,0,0,3,7,2,4,0,0,"red.ancestor.firsthunter","iron.ancestor.firstpack",0,0,2,2,6,4,6,0,0,0,0,0,7,0,5,0,0,0,0,8,0,8,0,8,0,1,0,5,20,26,0,0,2,0,6,1,0,0,1,1,4,9,1,1,0,0
game-243,243,"red-hunter-evolution","iron-hyena-pack-pressure",False,15,1,0,3,4,9,11,7,,2,1,1,0,0,0,0,0,0,0,0,0,2,0,2,0,0,0,3,1,2,0,1,0,0,0,"red.ancestor.firsthunter","",0,0,2,0,2,0,2,0,0,0,0,0,4,0,2,0,0,0,0,3,0,3,0,3,0,0,0,3,16,17,0,0,1,0,3,0,0,0,1,0,4,7,1,1,0,0
game-244,244,"red-hunter-evolution","iron-hyena-pack-pressure",False,37,1,2,3,4,10,6,8,15,5,2,3,1,0,1,4,1,3,0,0,0,12,8,11,7,0,0,4,2,34,5,13,4,0,0,"red.ancestor.grandmother","iron.ancestor.firstpack",6,2,14,6,14,15,5,3,2,0,1,0,5,0,4,0,0,0,0,20,0,20,0,20,0,5,0,13,38,56,0,0,2,0,10,5,0,0,4,2,4,13,1,1,0,0
game-245,245,"red-hunter-evolution","iron-hyena-pack-pressure",False,29,1,2,3,4,19,7,11,25,3,2,1,1,0,1,2,0,2,0,0,0,4,6,4,6,1,1,7,0,25,2,10,1,0,0,"red.ancestor.firsthunter","iron.ancestor.firstpack",0,0,2,2,11,3,6,0,0,0,0,0,4,3,4,2,0,0,0,10,0,10,0,10,0,2,0,8,30,38,0,0,2,0,4,1,1,0,2,2,4,5,1,1,0,0
game-246,246,"red-hunter-evolution","iron-hyena-pack-pressure",False,27,1,1,3,4,17,9,9,25,3,1,2,1,0,1,2,1,1,0,0,0,6,2,6,2,1,0,3,1,6,7,3,4,0,0,"red.ancestor.firsthunter","iron.ancestor.firstpack",2,0,6,2,9,5,6,2,0,0,0,0,7,1,5,1,0,0,0,11,0,11,0,11,0,1,0,8,28,37,0,0,1,0,6,1,0,0,2,1,4,5,1,1,0,0
game-247,247,"red-hunter-evolution","iron-hyena-pack-pressure",False,29,1,2,3,6,12,7,11,,2,0,2,0,0,0,3,1,2,0,0,0,4,4,4,4,3,1,2,0,20,14,10,9,0,0,"red.ancestor.firsthunter","iron.ancestor.firstpack",2,0,6,2,11,10,8,0,2,0,0,0,1,3,1,2,0,0,0,15,0,15,0,15,0,3,0,12,30,43,0,0,0,0,9,2,1,0,2,2,6,13,1,1,0,0
game-248,248,"iron-hyena-pack-pressure","red-hunter-evolution",False,18,1,3,0,4,10,5,7,,1,0,1,0,0,0,2,1,1,0,0,0,2,2,2,2,0,0,0,1,9,7,4,4,0,0,"red.ancestor.firsthunter","iron.ancestor.firstpack",3,0,8,2,6,5,0,3,0,0,0,0,2,0,2,0,0,0,0,11,0,11,0,11,0,2,0,6,18,29,0,0,2,0,1,1,0,0,1,1,4,,1,0,0,0
game-249,249,"iron-hyena-pack-pressure","red-hunter-evolution",False,22,1,3,0,4,16,7,13,,1,1,0,0,0,0,1,0,1,0,0,0,0,4,0,2,0,0,6,1,20,5,8,3,0,0,"red.ancestor.firsthunter","iron.ancestor.firstpack",3,0,8,2,7,3,0,2,0,0,0,0,3,0,3,0,0,0,0,12,0,11,0,11,0,1,0,6,22,33,0,0,1,0,1,0,0,0,1,1,4,,1,0,0,0
game-250,250,"red-hunter-evolution","iron-hyena-pack-pressure",False,19,1,1,3,4,12,7,9,17,2,2,0,1,0,1,1,1,0,0,0,0,2,0,2,0,0,2,3,0,4,4,3,3,0,0,"red.ancestor.grandmother","iron.ancestor.firstpack",1,0,4,2,6,3,6,1,0,0,0,0,8,2,6,1,0,0,0,6,0,6,0,6,0,0,0,5,20,24,0,0,1,0,5,0,1,0,1,1,4,11,1,1,0,0
game-251,251,"red-hunter-evolution","iron-hyena-pack-pressure",False,29,1,1,3,4,18,7,13,17,4,2,2,1,0,1,1,1,0,0,0,0,6,0,6,0,2,0,7,2,21,10,8,6,0,0,"red.ancestor.firsthunter","iron.ancestor.firstpack",3,0,8,2,11,9,2,2,0,0,0,0,10,1,8,1,0,0,0,10,0,10,0,10,0,1,0,7,30,38,0,0,2,0,7,0,1,0,2,2,4,15,1,1,0,0
game-252,252,"red-hunter-evolution","iron-hyena-pack-pressure",False,25,1,2,3,4,15,7,11,17,2,2,0,1,0,1,2,1,1,0,0,0,2,2,2,2,0,0,7,2,18,1,8,1,0,0,"red.ancestor.firsthunter","iron.ancestor.firstpack",2,0,6,2,9,3,5,1,0,0,0,0,9,1,8,1,0,0,0,12,0,11,0,11,0,1,0,5,26,35,0,0,2,0,6,0,1,0,2,1,4,5,1,1,0,0
game-253,253,"red-hunter-evolution","iron-hyena-pack-pressure",False,19,1,1,3,4,13,5,9,15,2,2,0,1,0,1,2,1,1,0,0,0,2,2,2,2,0,1,3,1,6,1,3,1,0,0,"red.ancestor.firsthunter","iron.ancestor.firstpack",0,0,2,2,7,3,7,0,0,0,0,0,6,2,4,1,0,0,0,7,0,7,0,7,0,2,0,5,20,25,0,0,1,0,3,0,0,0,1,1,4,11,1,1,0,0
game-254,254,"iron-hyena-pack-pressure","red-hunter-evolution",False,18,1,3,1,4,12,7,9,,2,2,0,0,0,0,1,0,1,0,0,0,0,2,0,2,0,0,2,0,9,5,5,3,0,0,"red.ancestor.firsthunter","iron.ancestor.firstpack",2,0,6,2,5,3,1,2,0,0,0,0,3,1,3,1,0,0,0,11,0,11,0,11,0,1,0,5,18,29,0,0,2,0,1,1,0,0,1,1,4,5,1,0,0,0
game-255,255,"iron-hyena-pack-pressure","red-hunter-evolution",False,25,1,3,0,4,17,9,13,,3,2,1,0,0,0,2,1,1,0,0,0,4,2,2,2,0,0,8,2,23,8,8,5,0,0,"red.ancestor.firsthunter","iron.ancestor.firstpack",2,0,6,2,8,5,1,1,0,0,0,0,6,1,6,1,0,0,0,14,0,14,0,14,0,1,0,9,26,38,0,0,2,0,3,1,0,0,2,1,4,7,1,0,0,0
game-256,256,"iron-hyena-pack-pressure","red-hunter-evolution",False,22,1,3,1,3,14,7,13,21,2,2,0,1,0,1,1,0,1,0,0,0,2,2,2,2,1,0,4,0,13,7,6,5,0,0,"red.ancestor.firsthunter","iron.ancestor.firstpack",0,0,2,2,7,5,3,0,0,0,0,0,6,4,6,2,0,0,0,14,0,14,0,14,0,4,0,7,22,36,0,0,0,0,5,1,1,0,1,1,8,3,1,0,0,0
game-257,257,"iron-hyena-pack-pressure","red-hunter-evolution",False,26,1,3,1,6,16,5,13,17,3,2,1,1,0,1,2,1,1,0,0,0,4,4,4,4,0,0,6,2,18,9,7,7,0,0,"red.ancestor.grandmother","iron.ancestor.firstpack",3,0,8,2,10,8,2,3,0,0,0,0,11,0,9,0,0,0,0,15,0,14,0,14,0,1,0,9,26,40,0,0,3,0,4,0,0,0,2,1,6,15,1,0,0,0
game-258,258,"red-hunter-evolution","iron-hyena-pack-pressure",False,31,1,2,3,4,23,5,10,25,2,2,0,1,0,1,3,1,2,0,0,0,2,4,2,4,0,0,3,5,25,10,11,6,0,0,"red.ancestor.firsthunter","iron.ancestor.firstpack",2,0,6,2,13,11,5,2,0,0,0,0,7,1,5,1,0,0,0,18,0,18,0,18,0,3,0,11,32,48,0,0,0,0,8,1,1,0,2,2,4,21,1,1,0,0
game-259,259,"iron-hyena-pack-pressure","red-hunter-evolution",False,26,1,3,0,4,12,11,13,,2,2,0,0,0,0,2,0,2,0,0,0,0,4,0,4,0,0,5,0,27,8,8,5,0,0,"red.ancestor.firsthunter","iron.ancestor.firstpack",0,0,2,2,7,7,1,0,0,0,0,0,4,1,4,1,0,0,0,10,0,10,0,10,0,2,0,8,26,36,0,0,1,0,5,2,0,0,2,1,4,7,1,0,0,0
game-260,260,"red-hunter-evolution","iron-hyena-pack-pressure",False,35,1,1,3,8,20,5,7,,5,3,2,0,0,0,3,0,3,0,0,0,6,6,6,6,1,0,2,2,20,14,8,9,0,0,"red.ancestor.firsthunter","iron.ancestor.firstpack",4,0,10,2,15,10,8,1,0,0,0,0,4,2,4,1,0,1,0,16,0,16,0,16,0,3,0,12,36,50,0,0,1,0,13,2,0,0,3,2,8,21,1,1,0,0
game-261,261,"iron-hyena-pack-pressure","red-hunter-evolution",False,24,1,3,1,4,16,9,9,,4,2,2,0,0,0,2,1,1,0,0,0,6,2,6,2,1,1,4,0,20,6,8,5,0,0,"red.ancestor.firsthunter","iron.ancestor.firstpack",3,0,8,2,7,5,1,1,0,0,0,0,8,0,7,0,0,0,0,16,0,14,0,14,0,1,0,8,24,38,0,0,3,0,4,0,0,0,1,1,4,7,1,0,0,0
game-262,262,"red-hunter-evolution","iron-hyena-pack-pressure",False,35,1,1,3,4,12,7,11,25,4,2,2,1,0,1,3,2,1,0,0,0,8,2,8,2,0,1,6,2,32,2,14,1,0,0,"red.ancestor.firsthunter","iron.ancestor.firstpack",6,0,14,2,14,11,4,0,1,0,0,0,3,1,3,1,0,0,0,14,0,14,0,14,0,1,0,11,36,48,0,0,2,0,12,0,0,0,3,2,4,5,1,1,0,0
game-263,263,"iron-hyena-pack-pressure","red-hunter-evolution",False,24,1,3,2,4,9,9,11,,2,2,0,0,0,0,2,1,1,0,0,0,0,4,0,2,0,0,6,1,14,11,7,7,0,0,"red.ancestor.firsthunter","iron.ancestor.firstpack",2,0,6,2,7,7,3,1,0,0,0,0,7,1,5,1,0,0,0,12,0,12,0,12,0,3,0,8,24,36,0,0,2,0,3,1,1,0,1,1,4,7,1,0,0,0
game-264,264,"red-hunter-evolution","iron-hyena-pack-pressure",False,31,1,2,3,4,11,7,9,19,4,2,2,1,0,1,3,1,2,0,0,0,6,6,6,6,0,2,5,1,27,1,10,1,0,0,"red.ancestor.firsthunter","iron.ancestor.firstpack",3,0,8,2,12,8,6,2,0,0,0,0,8,1,8,1,0,0,0,14,0,14,0,14,0,2,0,9,32,44,0,0,2,0,7,2,0,1,2,2,4,5,1,1,0,0
game-265,265,"red-hunter-evolution","iron-hyena-pack-pressure",False,25,1,2,3,4,7,11,9,21,3,2,1,1,0,1,1,0,1,0,0,0,6,2,6,2,0,1,4,1,17,2,7,1,0,0,"red.ancestor.firsthunter","iron.ancestor.firstpack",1,0,4,2,7,4,4,1,0,0,0,0,7,1,5,1,0,0,0,7,0,7,0,7,0,1,0,6,26,31,0,0,3,0,4,0,0,0,2,1,4,5,1,1,0,0
game-266,266,"iron-hyena-pack-pressure","red-hunter-evolution",False,20,1,3,0,6,16,5,13,,2,1,1,0,0,0,1,0,1,0,0,0,2,12,2,2,0,0,7,0,20,5,7,3,0,0,"red.ancestor.firsthunter","iron.ancestor.firstpack",2,0,6,2,7,3,0,1,0,0,0,0,7,0,5,0,0,0,0,12,0,11,0,11,0,1,0,5,20,31,0,0,1,0,2,0,0,0,1,1,6,,1,0,0,0
game-267,267,"red-hunter-evolution","iron-hyena-pack-pressure",False,17,1,1,3,4,9,12,7,,1,0,1,0,0,0,1,0,1,0,0,0,2,2,2,2,0,0,0,1,1,2,1,1,0,0,"red.ancestor.firsthunter","iron.ancestor.firstpack",0,0,2,2,1,2,1,0,0,0,0,0,2,3,2,1,0,0,0,4,0,4,0,4,0,2,0,3,18,20,0,0,2,0,2,0,1,0,1,1,4,7,1,1,0,0
game-268,268,"red-hunter-evolution","iron-hyena-pack-pressure",False,35,1,0,3,4,27,7,9,,4,1,3,0,0,0,3,2,1,0,0,0,6,2,6,2,1,1,4,3,26,2,10,2,0,0,"red.ancestor.grandmother","iron.ancestor.firstpack",5,1,12,4,14,12,5,5,0,0,4,0,5,1,5,1,0,0,0,12,0,12,0,12,0,1,0,10,36,46,0,0,2,0,14,1,0,0,3,2,4,23,1,1,0,0
game-269,269,"red-hunter-evolution","iron-hyena-pack-pressure",False,21,1,2,3,4,13,9,11,21,2,2,0,1,0,1,0,0,0,0,0,0,2,0,2,0,0,0,5,0,11,2,6,1,0,0,"red.ancestor.firsthunter","iron.ancestor.firstpack",2,0,6,2,6,2,3,1,0,0,0,0,5,1,4,1,0,0,0,8,0,8,0,8,0,2,0,5,22,28,0,0,1,0,2,0,1,0,1,1,4,5,1,1,0,0
game-270,270,"iron-hyena-pack-pressure","red-hunter-evolution",False,30,1,3,0,4,13,7,14,,4,4,0,0,0,0,1,0,1,0,0,0,0,2,0,2,1,0,6,1,31,13,11,9,0,0,"red.ancestor.grandmother","iron.ancestor.firstpack",5,0,12,2,11,10,0,5,0,0,0,0,7,0,7,0,0,0,0,19,0,19,0,19,0,2,0,11,30,49,0,0,1,0,4,2,0,0,2,2,4,,1,0,0,0
game-271,271,"red-hunter-evolution","iron-hyena-pack-pressure",False,25,1,1,3,4,13,9,11,15,2,2,0,1,0,1,3,2,1,0,0,0,2,4,2,4,0,2,4,0,9,6,4,3,0,0,"red.ancestor.firsthunter","iron.ancestor.firstpack",2,0,6,2,8,5,6,1,0,0,0,0,8,7,6,2,0,0,0,11,0,10,0,10,0,3,0,6,26,34,0,0,1,0,7,2,1,0,2,1,4,5,1,1,0,0
game-272,272,"red-hunter-evolution","iron-hyena-pack-pressure",False,17,1,0,3,3,5,9,9,13,1,1,0,1,0,1,0,0,0,0,0,0,2,0,2,0,0,0,2,0,11,0,4,0,0,0,"red.ancestor.firsthunter","",1,0,4,0,4,0,3,0,0,0,0,0,8,0,3,0,0,0,0,2,0,2,0,2,0,0,0,2,18,18,0,0,0,0,0,0,0,0,1,1,4,3,1,1,0,0
game-273,273,"red-hunter-evolution","iron-hyena-pack-pressure",False,19,1,1,3,4,12,6,6,,3,1,2,0,0,0,1,0,1,0,0,0,4,2,4,2,1,0,2,0,5,7,3,5,0,0,"red.ancestor.firsthunter","iron.ancestor.firstpack",1,2,4,6,6,6,5,0,0,0,0,0,5,0,4,0,0,0,0,8,0,8,0,8,0,1,0,6,20,26,0,0,1,0,2,0,0,0,1,1,4,11,1,1,0,0
game-274,274,"red-hunter-evolution","iron-hyena-pack-pressure",False,27,1,0,3,4,17,5,13,19,3,2,1,1,0,1,1,1,0,0,0,0,4,0,3,0,1,1,8,2,23,1,8,1,0,0,"red.ancestor.grandmother","iron.ancestor.smithpassedfang",1,0,4,2,11,8,6,2,0,0,2,0,2,0,1,0,0,0,0,7,0,7,0,7,0,0,0,5,28,33,0,0,1,0,6,0,0,0,2,1,4,15,1,1,0,0
game-275,275,"red-hunter-evolution","iron-hyena-pack-pressure",False,41,1,1,3,3,12,8,9,,6,3,3,0,0,0,4,1,3,0,0,0,6,10,6,9,2,1,5,1,32,18,12,13,0,0,"red.ancestor.grandmother","iron.ancestor.firstpack",7,0,16,2,15,16,3,4,0,0,0,0,6,1,6,1,0,0,0,23,0,23,0,23,0,3,0,14,42,63,0,0,3,0,11,1,0,0,4,3,6,3,1,1,0,0
game-276,276,"red-hunter-evolution","iron-hyena-pack-pressure",False,27,1,2,3,4,17,7,13,21,3,3,0,1,0,1,1,1,0,0,0,0,2,0,2,0,1,1,2,2,27,9,11,6,0,0,"red.ancestor.firsthunter","iron.ancestor.firstpack",0,0,2,2,10,9,6,0,0,0,0,0,9,1,7,1,0,0,0,11,0,11,0,11,0,1,0,8,28,37,0,0,4,0,7,1,1,0,2,1,4,15,1,1,0,0
game-277,277,"iron-hyena-pack-pressure","red-hunter-evolution",False,28,1,3,2,4,8,5,11,19,4,1,3,1,0,1,1,1,0,0,0,0,8,0,8,0,3,1,3,0,30,9,12,6,0,0,"red.ancestor.firsthunter","iron.ancestor.smithpassedfang",4,1,10,4,11,11,3,2,0,0,2,0,9,0,8,0,0,0,0,12,0,12,0,12,0,1,0,9,28,40,0,0,1,0,7,0,0,0,2,2,4,17,1,0,0,0
game-278,278,"iron-hyena-pack-pressure","red-hunter-evolution",False,26,1,3,0,4,10,5,6,,3,2,1,0,0,0,3,0,3,0,0,0,2,10,2,10,1,0,5,1,29,6,10,5,0,0,"red.ancestor.firsthunter","iron.ancestor.firstpack",3,2,8,6,10,10,0,3,0,0,1,0,5,0,5,0,0,0,0,12,0,12,0,12,0,4,0,8,26,38,0,0,3,0,1,3,0,0,2,1,4,,1,0,0,0
game-279,279,"iron-hyena-pack-pressure","red-hunter-evolution",False,22,1,3,2,4,12,7,7,,3,1,2,0,0,0,2,0,2,0,0,0,4,8,4,6,0,0,3,0,11,6,4,4,0,0,"red.ancestor.firsthunter","iron.ancestor.firstpack",1,0,4,2,7,3,1,4,0,0,0,0,4,1,4,1,0,0,0,12,0,12,0,12,0,4,0,6,22,34,0,0,3,0,3,1,1,0,1,1,4,15,1,0,0,0
game-280,280,"red-hunter-evolution","iron-hyena-pack-pressure",False,21,1,1,3,4,13,5,9,15,2,2,0,1,0,1,2,0,2,0,0,0,2,4,2,4,0,0,4,3,6,1,4,1,0,0,"red.ancestor.grandmother","iron.ancestor.firstpack",1,0,4,2,8,4,6,2,0,0,0,0,4,2,2,2,0,0,0,8,0,8,0,8,0,2,0,6,22,28,0,0,0,0,3,0,1,0,1,1,4,11,1,1,0,0
game-281,281,"iron-hyena-pack-pressure","red-hunter-evolution",False,21,1,3,0,6,8,8,8,21,2,1,1,1,0,1,2,1,1,0,0,0,6,4,5,4,0,0,0,3,14,5,5,3,0,0,"red.ancestor.firsthunter","iron.ancestor.firstpack",0,0,2,2,5,6,1,0,0,0,0,0,2,0,2,0,0,0,0,8,0,8,0,8,0,0,0,5,22,28,0,0,2,0,2,1,0,0,2,1,6,19,1,0,0,0
game-282,282,"red-hunter-evolution","iron-hyena-pack-pressure",False,23,1,1,3,6,17,9,13,,2,2,0,0,0,0,1,1,0,0,0,0,0,0,0,0,0,0,5,2,7,4,4,3,0,0,"red.ancestor.grandmother","iron.ancestor.firstpack",1,0,4,2,7,3,6,2,0,0,0,0,16,3,9,2,0,0,0,12,0,12,0,12,0,2,0,7,24,34,0,0,4,0,5,1,1,0,2,1,6,9,1,1,0,0
game-283,283,"red-hunter-evolution","iron-hyena-pack-pressure",False,21,1,0,3,4,13,9,11,17,2,2,0,1,0,1,1,0,1,0,0,0,4,2,4,2,0,0,6,3,10,0,4,0,0,0,"red.ancestor.firsthunter","",2,0,6,0,6,0,2,3,0,0,0,0,6,1,4,1,0,0,0,3,0,3,0,3,0,1,0,2,22,23,0,0,0,0,2,0,0,0,1,1,4,5,1,1,0,0
game-284,284,"iron-hyena-pack-pressure","red-hunter-evolution",False,22,1,3,0,4,12,7,12,19,2,2,0,1,0,1,2,0,2,0,0,0,2,6,2,4,0,0,7,2,17,5,6,4,0,0,"red.ancestor.firsthunter","iron.ancestor.firstpack",1,0,4,2,7,6,1,1,0,0,0,0,5,0,5,0,0,0,0,16,0,15,0,15,0,2,0,7,22,37,0,0,2,0,5,0,0,0,1,1,4,17,1,0,0,0
game-285,285,"red-hunter-evolution","iron-hyena-pack-pressure",False,23,1,2,3,6,14,5,11,17,2,2,0,1,0,1,3,2,1,0,0,0,2,2,2,1,0,1,5,2,22,3,9,2,0,0,"red.ancestor.firsthunter","iron.ancestor.smithpassedfang",2,1,6,4,9,6,4,0,0,0,1,0,3,4,2,2,0,0,0,9,0,8,0,8,0,3,0,4,24,30,0,0,0,0,1,1,1,0,1,1,6,15,1,1,0,0
game-286,286,"red-hunter-evolution","iron-hyena-pack-pressure",False,21,1,2,3,4,12,5,8,19,2,2,0,1,0,1,2,1,1,0,0,0,2,2,2,2,0,1,6,1,15,10,7,5,0,0,"red.ancestor.firsthunter","iron.ancestor.firstpack",0,0,2,2,8,7,5,0,0,0,0,0,5,1,4,1,0,0,0,6,0,6,0,6,0,1,0,6,22,26,0,0,2,0,3,2,1,0,1,1,4,11,1,1,0,0
game-287,287,"iron-hyena-pack-pressure","red-hunter-evolution",False,24,1,3,1,4,16,5,11,19,2,2,0,1,0,1,3,2,1,0,0,0,2,2,2,2,0,1,5,3,20,6,9,5,0,0,"red.ancestor.firsthunter","iron.ancestor.firstpack",1,0,4,2,9,7,5,0,1,0,0,0,6,2,6,2,0,0,0,12,0,10,0,10,0,1,0,6,24,34,0,0,2,0,6,1,0,0,1,1,4,15,1,0,0,0
game-288,288,"red-hunter-evolution","iron-hyena-pack-pressure",False,27,1,1,3,4,13,7,9,15,3,2,1,1,0,1,3,0,3,0,0,0,4,8,4,8,1,0,4,0,21,6,10,4,0,0,"red.ancestor.firsthunter","iron.ancestor.firstpack",1,0,4,2,10,6,7,0,0,0,0,0,9,2,7,2,0,0,0,10,0,10,0,10,0,2,0,7,28,36,0,0,2,0,10,0,0,0,2,1,4,5,1,1,0,0
game-289,289,"iron-hyena-pack-pressure","red-hunter-evolution",False,22,1,3,2,6,14,7,10,17,2,1,1,1,0,1,2,0,2,0,0,0,4,6,4,4,1,0,2,0,16,8,7,5,0,0,"red.ancestor.firsthunter","iron.ancestor.firstpack",1,0,4,2,7,6,3,2,0,0,0,0,5,1,4,1,0,0,0,12,0,12,0,12,0,4,0,7,22,34,0,0,2,0,2,1,0,0,1,1,6,13,1,0,0,0
game-290,290,"iron-hyena-pack-pressure","red-hunter-evolution",False,26,1,3,1,4,18,7,13,17,4,3,1,1,0,1,1,0,1,0,0,0,4,2,4,1,1,0,10,1,22,8,9,6,0,0,"red.ancestor.firsthunter","iron.ancestor.firstpack",3,0,8,2,9,8,2,1,2,0,0,0,9,0,9,0,0,0,0,16,0,15,0,15,0,3,0,7,26,41,0,0,3,0,5,1,0,0,2,1,4,15,1,0,0,0
game-291,291,"iron-hyena-pack-pressure","red-hunter-evolution",False,22,1,3,1,3,7,11,9,,2,1,1,0,0,0,1,0,1,0,0,0,2,4,2,4,0,0,3,0,5,5,2,3,0,0,"red.ancestor.grandmother","iron.ancestor.firstpack",1,0,4,2,5,4,0,2,0,0,0,0,7,0,4,0,0,0,0,16,0,15,0,15,0,1,0,6,22,37,0,0,1,0,2,2,0,0,1,1,4,3,1,0,0,0
game-292,292,"red-hunter-evolution","iron-hyena-pack-pressure",False,19,1,1,3,6,10,5,8,,1,1,0,0,0,0,1,0,1,0,0,0,0,2,0,2,0,0,2,0,10,7,5,4,0,0,"red.ancestor.firsthunter","iron.ancestor.firstpack",2,0,6,2,7,5,4,0,0,0,0,0,0,0,0,0,0,0,0,9,0,9,0,9,0,1,0,5,20,27,0,0,1,0,0,1,0,0,1,1,6,13,1,1,0,0
game-293,293,"red-hunter-evolution","iron-hyena-pack-pressure",False,19,1,0,3,4,11,7,9,19,2,2,0,1,0,1,1,0,1,0,0,0,2,2,1,2,0,0,5,1,6,0,3,0,0,0,"red.ancestor.firsthunter","",0,0,2,0,6,0,6,0,0,0,0,0,6,1,3,1,0,0,0,4,0,4,0,4,0,1,0,3,20,22,0,0,2,0,1,0,0,0,1,1,4,5,1,1,0,0
game-294,294,"iron-hyena-pack-pressure","red-hunter-evolution",False,24,1,3,0,8,14,5,11,,2,2,0,0,0,0,3,1,2,0,0,0,0,6,0,6,0,2,2,1,23,8,8,5,0,0,"red.ancestor.firsthunter","iron.ancestor.firstpack",2,2,6,6,9,7,1,3,0,0,1,0,2,1,2,1,0,0,0,11,0,11,0,11,0,2,0,8,24,35,0,0,3,0,3,0,0,0,2,1,8,23,1,0,0,0
game-295,295,"red-hunter-evolution","iron-hyena-pack-pressure",False,17,1,0,3,4,11,9,9,,2,2,0,0,0,0,0,0,0,0,0,0,0,0,0,0,0,0,3,1,5,0,2,0,0,0,"red.ancestor.firsthunter","",1,0,4,0,4,0,1,4,0,0,0,0,6,0,5,0,0,0,0,4,0,4,0,4,0,0,0,3,18,20,0,0,0,0,4,0,0,0,1,1,4,5,1,1,0,0
game-296,296,"iron-hyena-pack-pressure","red-hunter-evolution",False,24,1,3,0,4,16,7,7,,4,2,2,0,0,0,2,1,1,0,0,0,4,2,4,2,0,1,5,0,25,12,8,7,0,0,"red.ancestor.firsthunter","iron.ancestor.firstpack",2,0,6,2,8,8,0,1,0,0,0,0,9,0,9,0,0,0,0,14,0,14,0,14,0,1,0,8,24,38,0,0,2,0,8,3,0,0,1,1,4,,1,0,0,0
game-297,297,"iron-hyena-pack-pressure","red-hunter-evolution",False,22,1,3,2,7,14,7,11,15,2,2,0,1,0,1,1,1,0,0,0,0,2,0,2,0,0,0,5,0,15,9,6,5,0,0,"red.ancestor.firsthunter","iron.ancestor.firstpack",0,0,2,2,7,6,5,0,0,0,0,0,7,2,6,2,0,0,0,13,0,12,0,12,0,2,0,8,22,34,0,0,1,0,5,1,1,0,1,1,7,13,1,0,0,0
game-298,298,"iron-hyena-pack-pressure","red-hunter-evolution",False,28,1,3,1,3,5,9,13,,4,2,2,0,0,0,2,0,2,0,0,0,8,6,8,6,1,0,6,0,28,11,10,7,0,0,"red.ancestor.firsthunter","iron.ancestor.firstpack",3,0,8,2,9,7,0,3,0,0,0,0,8,0,8,0,0,0,0,18,0,18,0,18,0,3,0,9,28,46,0,0,0,0,4,0,0,0,2,2,4,3,1,0,0,0
game-299,299,"red-hunter-evolution","iron-hyena-pack-pressure",False,29,1,1,3,4,8,7,6,,2,2,0,0,0,0,3,1,2,0,0,0,0,6,0,6,0,1,6,0,24,9,11,6,0,0,"red.ancestor.firsthunter","iron.ancestor.firstpack",5,0,12,2,11,8,8,2,0,0,0,0,6,1,5,1,0,0,0,12,0,12,0,12,0,1,0,9,30,40,0,0,1,0,6,1,0,0,2,2,4,9,1,1,0,0
game-300,300,"iron-hyena-pack-pressure","red-hunter-evolution",False,28,1,3,0,4,20,9,9,,4,1,3,0,0,0,4,1,3,0,0,0,6,8,6,7,1,1,4,0,33,5,10,5,0,0,"red.ancestor.firsthunter","iron.ancestor.smithpassedfang",4,1,10,4,9,7,0,3,0,0,1,0,6,0,6,0,0,0,0,15,0,14,0,14,0,3,0,8,28,42,0,0,3,0,3,1,0,0,2,2,4,5,1,0,0,0
game-301,301,"red-hunter-evolution","iron-hyena-pack-pressure",False,41,1,2,3,4,10,7,11,29,6,3,3,1,0,1,5,2,3,0,0,0,12,8,12,7,0,1,5,3,23,17,10,12,0,0,"red.ancestor.grandmother","iron.ancestor.firstpack",5,0,12,2,17,15,5,7,0,0,0,0,7,3,5,3,0,0,0,24,0,24,0,24,0,2,0,15,42,64,0,0,3,0,15,1,0,0,4,3,4,27,1,1,0,0
game-302,302,"red-hunter-evolution","iron-hyena-pack-pressure",False,17,1,1,3,3,5,9,9,13,1,1,0,1,0,1,0,0,0,0,0,0,2,0,2,0,0,0,2,0,10,2,5,1,0,0,"red.ancestor.firsthunter","iron.ancestor.firstpack",1,0,4,2,4,1,3,0,0,0,0,0,5,0,4,0,0,0,0,3,0,3,0,3,0,0,0,3,18,19,0,0,1,0,2,0,0,0,1,1,4,3,1,1,0,0
game-303,303,"red-hunter-evolution","iron-hyena-pack-pressure",False,25,1,2,3,4,15,7,9,13,2,2,0,1,0,1,2,2,0,0,0,0,2,0,2,0,1,3,6,1,19,9,8,6,0,0,"red.ancestor.firsthunter","iron.ancestor.firstpack",1,0,4,2,9,6,4,0,1,0,0,0,7,1,7,1,0,0,0,12,0,10,0,10,0,0,0,7,26,34,0,0,3,0,7,2,1,0,2,1,4,11,1,1,0,0
game-304,304,"iron-hyena-pack-pressure","red-hunter-evolution",False,27,1,3,1,4,10,10,7,,3,1,2,0,0,0,3,0,3,0,0,0,4,8,4,8,3,0,0,0,6,9,4,6,0,0,"red.ancestor.firsthunter","iron.ancestor.firstpack",2,0,6,2,8,8,2,1,0,0,0,0,8,2,5,2,0,0,0,15,0,15,0,15,0,4,0,9,28,41,0,0,3,0,3,1,0,0,2,1,4,9,1,0,0,0
game-305,305,"iron-hyena-pack-pressure","red-hunter-evolution",False,20,1,3,1,4,12,5,9,,3,3,0,0,0,0,2,2,0,0,0,0,0,0,0,0,1,1,3,2,11,9,5,6,0,0,"red.ancestor.firsthunter","iron.ancestor.firstpack",2,2,6,6,7,7,3,1,0,0,1,0,4,1,4,1,0,0,0,10,0,10,0,10,0,1,0,6,20,30,0,0,1,0,2,0,0,0,1,1,4,15,1,0,0,0
game-306,306,"iron-hyena-pack-pressure","red-hunter-evolution",False,24,1,3,1,4,18,7,11,,3,2,1,0,0,0,2,0,2,0,0,0,2,6,2,4,0,0,7,0,9,6,5,4,0,0,"red.ancestor.firsthunter","iron.ancestor.firstpack",4,0,10,2,8,4,2,2,0,0,0,0,11,0,8,0,0,0,0,14,0,13,0,13,0,1,0,8,24,37,0,0,1,0,2,0,0,0,1,1,4,5,1,0,0,0
game-307,307,"red-hunter-evolution","iron-hyena-pack-pressure",False,23,1,0,3,4,15,9,9,17,4,4,0,1,0,1,0,0,0,0,0,0,2,0,2,0,0,0,6,0,16,7,7,5,0,0,"red.ancestor.grandmother","iron.ancestor.firstpack",2,0,6,2,7,5,2,4,0,0,0,0,11,0,10,0,0,0,0,11,0,11,0,11,0,0,0,8,24,33,0,0,1,0,9,0,0,0,1,1,4,5,1,1,0,0
game-308,308,"iron-hyena-pack-pressure","red-hunter-evolution",False,22,1,3,0,4,14,7,11,,3,3,0,0,0,0,1,0,1,0,0,0,0,4,0,4,0,0,8,0,13,9,5,5,0,0,"red.ancestor.firsthunter","iron.ancestor.firstpack",2,0,6,2,7,5,0,1,0,0,0,0,7,0,6,0,0,0,0,12,0,12,0,12,0,1,0,7,22,34,0,0,3,0,2,0,0,0,1,1,4,,1,0,0,0
game-309,309,"red-hunter-evolution","iron-hyena-pack-pressure",False,19,1,1,3,4,8,9,9,13,2,2,0,1,0,1,2,2,0,0,0,0,2,0,2,0,0,1,3,3,7,0,4,0,0,0,"red.ancestor.firsthunter","",1,0,4,0,5,0,5,0,0,0,0,0,4,0,4,0,0,0,0,5,0,5,0,5,0,0,0,4,20,23,0,0,2,0,4,1,0,0,1,1,4,5,1,1,0,0
game-310,310,"red-hunter-evolution","iron-hyena-pack-pressure",False,33,1,2,3,6,12,7,8,,4,3,1,0,0,0,4,0,4,0,0,0,4,8,4,8,0,0,7,0,6,2,3,1,0,0,"red.ancestor.firsthunter","iron.ancestor.firstpack",2,0,6,2,13,10,10,2,0,0,0,0,2,3,2,3,0,0,0,14,0,14,0,14,0,4,0,11,34,46,0,0,1,0,7,2,0,0,3,2,6,17,1,1,0,0
game-311,311,"iron-hyena-pack-pressure","red-hunter-evolution",False,20,1,3,2,6,12,5,9,13,2,2,0,1,0,1,1,1,0,0,0,0,2,0,2,0,0,1,2,0,16,7,6,4,0,0,"red.ancestor.firsthunter","iron.ancestor.firstpack",0,0,2,2,7,4,4,0,0,0,0,0,5,0,5,0,0,0,0,12,0,12,0,12,0,0,0,6,20,32,0,0,1,0,5,1,0,0,1,1,6,11,1,0,0,0
game-312,312,"iron-hyena-pack-pressure","red-hunter-evolution",False,28,1,3,2,4,8,7,14,21,4,2,2,1,0,1,3,1,2,0,0,0,6,4,6,4,1,1,5,1,26,7,10,5,0,0,"red.ancestor.firsthunter","iron.ancestor.firstpack",5,2,12,6,10,10,2,3,2,0,0,0,14,0,10,0,0,0,0,15,0,15,0,15,0,4,0,9,28,43,0,0,2,0,4,0,0,0,2,2,4,17,1,0,0,0
game-313,313,"red-hunter-evolution","iron-hyena-pack-pressure",False,21,1,1,3,4,13,7,9,15,2,2,0,1,0,1,1,1,0,0,0,0,2,0,2,0,0,1,4,3,8,1,5,1,0,0,"red.ancestor.firsthunter","iron.ancestor.firstpack",2,0,6,2,7,3,4,0,2,0,0,0,8,0,6,0,0,0,0,7,0,7,0,7,0,1,0,5,22,27,0,0,1,0,2,0,0,0,2,1,4,11,1,1,0,0
game-314,314,"iron-hyena-pack-pressure","red-hunter-evolution",False,36,1,3,2,4,18,9,12,19,6,2,4,1,0,1,4,0,4,0,0,0,12,12,12,12,1,0,6,1,22,13,11,8,0,0,"red.ancestor.grandmother","iron.ancestor.firstpack",5,0,12,2,13,11,4,4,1,0,0,0,10,2,8,2,0,0,0,17,0,17,0,17,0,4,0,12,36,53,0,0,3,0,6,0,1,0,3,2,4,5,1,0,0,0
game-315,315,"red-hunter-evolution","iron-hyena-pack-pressure",False,19,1,0,3,4,13,7,9,13,2,2,0,1,0,1,1,1,0,0,0,0,2,0,2,0,0,0,4,0,8,0,4,0,0,0,"red.ancestor.firsthunter","",0,0,2,0,6,0,6,0,0,0,0,0,9,0,6,0,0,0,0,5,0,5,0,5,0,0,0,4,20,23,0,0,2,0,5,1,0,0,1,1,4,11,1,1,0,0
game-316,316,"iron-hyena-pack-pressure","red-hunter-evolution",False,44,1,3,1,4,10,5,11,,7,4,3,0,0,0,6,3,3,0,0,0,12,8,12,6,1,1,11,3,60,9,20,8,0,0,"red.ancestor.firsthunter","iron.ancestor.smithpassedfang",6,1,14,4,19,18,2,3,0,0,4,0,13,0,12,0,0,0,0,23,0,23,0,23,0,2,0,17,44,67,0,0,3,0,12,1,0,0,4,3,4,15,1,0,0,0
game-317,317,"iron-hyena-pack-pressure","red-hunter-evolution",False,20,1,3,1,4,8,5,8,17,1,1,0,1,0,1,1,0,1,0,0,0,2,2,2,2,0,0,6,1,21,7,7,4,0,0,"red.ancestor.firsthunter","iron.ancestor.firstpack",0,0,2,2,7,7,1,0,0,0,0,0,5,0,4,0,0,0,0,9,0,9,0,9,0,1,0,6,20,29,0,0,1,0,3,1,0,0,1,1,4,15,1,0,0,0
game-318,318,"iron-hyena-pack-pressure","red-hunter-evolution",False,18,1,3,0,4,10,5,10,,1,1,0,0,0,0,2,1,1,0,0,0,0,2,0,2,0,1,1,0,7,4,3,4,0,0,"red.ancestor.firsthunter","iron.ancestor.smithpassedfang",0,1,2,4,6,6,0,0,0,0,0,0,2,0,2,0,0,0,0,11,0,11,0,11,0,3,0,6,18,29,0,0,3,0,3,0,0,0,1,1,4,,1,0,0,0
game-319,319,"red-hunter-evolution","iron-hyena-pack-pressure",False,19,1,1,3,4,11,9,9,,2,2,0,0,0,0,0,0,0,0,0,0,0,0,0,0,0,0,3,2,6,2,3,1,0,0,"red.ancestor.firsthunter","iron.ancestor.firstpack",2,0,6,2,5,3,4,0,0,0,0,0,5,0,3,0,0,0,0,7,0,7,0,7,0,0,0,4,20,25,0,0,0,0,0,0,0,0,1,1,4,5,1,1,0,0
game-320,320,"red-hunter-evolution","iron-hyena-pack-pressure",False,25,1,1,3,4,10,7,10,19,3,2,1,1,0,1,2,0,2,0,0,0,4,4,3,4,0,0,7,0,11,2,5,1,0,0,"red.ancestor.firsthunter","iron.ancestor.firstpack",1,0,4,2,9,8,4,0,1,0,0,0,1,1,1,1,0,0,0,11,0,11,0,11,0,3,0,6,26,35,0,0,0,0,6,0,0,0,2,1,4,15,1,1,0,0
game-321,321,"red-hunter-evolution","iron-hyena-pack-pressure",False,15,1,0,3,4,11,9,9,,2,1,1,0,0,0,0,0,0,0,0,0,2,0,2,0,1,0,2,1,2,0,1,0,0,0,"red.ancestor.firsthunter","",0,0,2,0,3,0,4,0,0,0,0,0,3,0,3,0,0,0,0,2,0,2,0,2,0,0,0,2,16,16,0,0,1,0,4,0,0,0,1,0,4,5,1,1,0,0
game-322,322,"red-hunter-evolution","iron-hyena-pack-pressure",False,37,1,2,3,4,17,5,13,19,4,3,1,1,0,1,3,2,1,0,0,0,4,4,4,4,0,1,10,2,36,12,14,8,0,0,"red.ancestor.firsthunter","iron.ancestor.smithpassedfang",6,1,14,4,16,12,6,3,0,0,1,0,12,1,12,1,0,0,0,16,0,16,0,16,0,2,0,10,38,52,0,0,3,0,7,0,0,0,4,2,4,15,1,1,0,0
game-323,323,"iron-hyena-pack-pressure","red-hunter-evolution",False,24,1,3,2,4,8,5,6,15,2,2,0,1,0,1,2,1,1,0,0,0,2,2,2,2,1,0,4,2,24,11,9,7,0,0,"red.ancestor.firsthunter","iron.ancestor.firstpack",3,0,8,2,9,9,3,0,2,0,0,0,6,0,5,0,0,0,0,12,0,12,0,12,0,0,0,8,24,36,0,0,3,0,3,1,0,0,2,1,4,13,1,0,0,0
game-324,324,"red-hunter-evolution","iron-hyena-pack-pressure",False,31,1,1,3,4,11,9,9,,3,1,2,0,0,0,2,0,2,0,0,0,4,6,4,6,1,0,3,0,17,1,8,1,0,0,"red.ancestor.firsthunter","iron.ancestor.firstpack",4,0,10,2,11,10,7,2,1,0,0,0,6,2,5,2,0,0,0,14,0,14,0,14,0,2,0,10,32,44,0,0,1,0,7,0,0,0,3,2,4,5,1,1,0,0
game-325,325,"iron-hyena-pack-pressure","red-hunter-evolution",False,22,1,3,0,4,14,7,11,,3,2,1,0,0,0,0,0,0,0,0,0,4,0,4,0,0,0,4,0,21,6,7,4,0,0,"red.ancestor.firsthunter","iron.ancestor.smithpassedfang",0,1,2,4,7,6,0,0,0,0,1,0,9,0,7,0,0,0,0,10,0,10,0,10,0,1,0,6,22,32,0,0,3,0,4,2,0,0,1,1,4,,1,0,0,0
game-326,326,"iron-hyena-pack-pressure","red-hunter-evolution",False,24,1,3,2,4,13,7,9,17,2,1,1,1,0,1,1,1,0,0,0,0,4,0,4,0,0,1,2,0,18,11,7,7,0,0,"red.ancestor.grandmother","iron.ancestor.firstpack",1,0,4,2,8,8,3,1,0,0,0,0,7,1,7,1,0,0,0,15,0,15,0,15,0,1,0,9,24,39,0,0,2,0,5,1,1,0,2,1,4,11,1,0,0,0
game-327,327,"iron-hyena-pack-pressure","red-hunter-evolution",False,18,1,3,0,4,10,5,6,,2,2,0,0,0,0,2,0,2,0,0,0,0,4,0,4,0,0,2,0,11,9,5,6,0,0,"red.ancestor.firsthunter","iron.ancestor.firstpack",2,0,6,2,6,6,1,2,0,0,0,0,3,1,3,1,0,0,0,8,0,8,0,8,0,0,0,7,18,26,0,0,2,0,1,2,0,0,1,1,4,,1,0,0,0
game-328,328,"iron-hyena-pack-pressure","red-hunter-evolution",False,22,1,3,0,4,8,6,6,,1,0,1,0,0,0,1,0,1,0,0,0,4,2,4,2,0,3,0,0,23,9,7,5,0,0,"red.ancestor.grandmother","iron.ancestor.firstpack",3,0,8,2,7,8,0,2,0,0,0,0,2,0,2,0,0,0,0,9,0,9,0,9,0,1,0,6,22,31,0,0,1,0,0,1,0,0,1,1,4,,1,0,0,0
game-329,329,"red-hunter-evolution","iron-hyena-pack-pressure",False,17,1,2,3,4,10,7,9,,2,1,1,0,0,0,1,0,1,0,0,0,2,2,2,2,0,0,3,0,7,1,4,1,0,0,"red.ancestor.firsthunter","iron.ancestor.firstpack",0,0,2,2,5,3,4,0,0,0,0,0,3,1,2,1,0,0,0,6,0,6,0,6,0,1,0,4,18,22,0,0,1,0,2,0,0,0,1,1,4,5,1,1,0,0
game-330,330,"red-hunter-evolution","iron-hyena-pack-pressure",False,25,1,2,3,4,13,5,9,19,2,1,1,1,0,1,3,0,3,0,0,0,4,6,4,6,1,0,3,0,5,6,3,4,0,0,"red.ancestor.grandmother","iron.ancestor.smithpassedfang",1,1,4,4,10,8,9,1,0,0,2,0,5,6,4,3,0,0,0,10,0,10,0,10,0,4,0,7,26,34,0,0,1,0,4,0,1,0,2,1,4,11,1,1,0,0
game-331,331,"red-hunter-evolution","iron-hyena-pack-pressure",False,31,1,0,3,6,19,5,13,17,3,2,1,1,0,1,1,1,0,0,0,0,4,0,4,0,0,0,2,3,15,0,7,0,0,0,"red.ancestor.grandmother","",3,0,8,0,13,0,4,5,0,0,0,0,0,0,0,0,0,0,0,11,0,11,0,11,0,0,0,9,32,41,0,0,2,0,12,0,0,0,3,2,6,15,1,1,0,0
game-332,332,"iron-hyena-pack-pressure","red-hunter-evolution",False,26,1,3,1,4,12,7,7,17,3,1,2,1,0,1,2,1,1,0,0,0,6,4,6,4,0,1,2,1,21,9,9,5,0,0,"red.ancestor.firsthunter","iron.ancestor.firstpack",6,0,14,2,9,8,2,4,0,0,0,0,11,0,7,0,0,0,0,13,0,13,0,13,0,3,0,8,26,39,0,0,1,0,4,1,0,0,2,1,4,15,1,0,0,0
game-333,333,"red-hunter-evolution","iron-hyena-pack-pressure",False,15,1,1,3,4,11,9,7,,2,1,1,0,0,0,0,0,0,0,0,0,2,0,2,0,0,0,2,1,1,2,1,1,0,0,"red.ancestor.firsthunter","iron.ancestor.firstpack",0,0,2,2,3,2,5,0,0,0,0,0,4,1,2,1,0,0,0,3,0,3,0,3,0,0,0,3,16,17,0,0,1,0,3,0,1,0,1,0,4,7,1,1,0,0
game-334,334,"red-hunter-evolution","iron-hyena-pack-pressure",False,33,1,2,3,4,15,5,9,21,5,3,2,1,0,1,3,1,2,0,0,0,10,8,8,6,0,0,7,1,12,2,6,2,0,0,"red.ancestor.grandmother","iron.ancestor.firstpack",2,1,6,4,14,9,4,8,0,0,3,0,12,2,11,1,0,1,0,20,0,20,0,20,0,3,0,10,34,52,0,0,3,0,7,2,0,0,3,2,4,13,1,1,0,0
game-335,335,"iron-hyena-pack-pressure","red-hunter-evolution",False,14,1,3,0,4,10,5,9,,1,1,0,0,0,0,1,0,1,0,0,0,0,4,0,4,0,0,0,0,3,2,1,2,0,0,"red.ancestor.grandmother","iron.ancestor.smithpassedfang",0,1,2,4,4,3,0,3,0,0,0,0,2,0,2,0,0,0,0,6,0,6,0,6,0,0,0,4,14,20,0,0,2,0,0,1,0,1,1,0,4,,1,0,0,0
game-336,336,"iron-hyena-pack-pressure","red-hunter-evolution",False,42,1,3,2,4,21,7,13,17,7,2,5,1,0,1,2,0,2,0,0,0,12,4,12,4,3,1,9,4,44,18,18,12,0,0,"red.ancestor.firsthunter","iron.ancestor.firstpack",6,2,14,6,17,16,4,5,0,0,0,0,15,6,14,3,0,0,0,21,0,21,0,21,0,5,0,14,42,63,0,0,3,0,10,2,1,0,4,3,4,15,1,0,0,0
game-337,337,"red-hunter-evolution","iron-hyena-pack-pressure",False,35,1,1,3,6,13,5,9,,4,1,3,0,0,0,4,1,3,0,0,0,6,6,6,6,1,0,4,3,27,1,12,1,0,0,"red.ancestor.grandmother","iron.ancestor.firstpack",1,0,4,2,15,10,9,3,0,0,0,0,3,2,2,2,0,0,0,17,0,17,0,17,0,3,0,12,36,51,0,0,1,0,11,1,0,0,3,2,6,7,1,1,0,0
game-338,338,"iron-hyena-pack-pressure","red-hunter-evolution",False,22,1,3,1,4,14,7,11,,2,1,1,0,0,0,2,0,2,0,0,0,2,4,2,4,0,1,5,3,18,8,7,6,0,0,"red.ancestor.firsthunter","iron.ancestor.firstpack",2,0,6,2,7,6,2,1,0,0,0,0,2,1,2,1,0,0,0,12,0,12,0,12,0,2,0,7,22,34,0,0,0,0,2,0,0,0,1,1,4,13,1,0,0,0
game-339,339,"red-hunter-evolution","iron-hyena-pack-pressure",False,33,1,1,3,4,15,7,11,29,3,2,1,1,0,1,2,1,1,0,0,0,4,2,4,2,0,1,3,3,29,1,11,1,0,0,"red.ancestor.firsthunter","iron.ancestor.firstpack",4,0,10,2,13,9,6,0,2,0,0,0,4,0,3,0,0,0,0,13,0,13,0,13,0,2,0,11,34,45,0,0,2,0,12,0,0,0,3,2,4,13,1,1,0,0
game-340,340,"iron-hyena-pack-pressure","red-hunter-evolution",False,22,1,3,0,4,16,9,13,,2,2,0,0,0,0,1,0,1,0,0,0,0,2,0,2,0,0,8,1,15,5,6,3,0,0,"red.ancestor.firsthunter","iron.ancestor.firstpack",2,0,6,2,6,3,1,1,0,0,0,0,7,1,6,1,0,0,0,11,0,11,0,11,0,4,0,6,22,33,0,0,2,0,1,2,0,0,1,1,4,7,1,0,0,0
game-341,341,"iron-hyena-pack-pressure","red-hunter-evolution",False,32,1,3,2,4,17,7,11,27,4,3,1,1,0,1,3,1,2,0,0,0,4,6,4,6,0,1,10,1,29,11,11,6,0,0,"red.ancestor.firsthunter","iron.ancestor.firstpack",2,0,6,2,12,8,7,1,0,0,0,0,12,2,9,2,0,0,0,14,0,14,0,14,0,2,0,10,32,46,0,0,1,0,6,1,1,0,2,2,4,9,1,0,0,0
game-342,342,"red-hunter-evolution","iron-hyena-pack-pressure",False,37,1,2,3,4,8,7,12,35,5,2,3,1,0,1,3,2,1,0,0,0,8,2,7,2,1,0,10,2,43,2,13,2,0,0,"red.ancestor.firsthunter","iron.ancestor.smithpassedfang",3,1,8,4,15,13,3,3,0,0,1,0,2,0,2,0,0,0,0,18,0,18,0,18,0,0,0,12,38,54,0,0,2,0,14,2,0,0,4,2,4,5,1,1,0,0
game-343,343,"red-hunter-evolution","iron-hyena-pack-pressure",False,19,1,1,3,6,15,5,11,,2,2,0,0,0,0,1,1,0,0,0,0,0,0,0,0,1,0,3,2,10,1,5,1,0,0,"red.ancestor.firsthunter","iron.ancestor.firstpack",2,0,6,2,7,1,6,0,0,0,0,0,10,0,6,0,0,0,0,7,0,7,0,7,0,0,0,5,20,25,0,0,0,0,3,0,0,0,1,1,6,13,1,1,0,0
game-344,344,"iron-hyena-pack-pressure","red-hunter-evolution",False,24,1,3,2,4,18,7,9,,4,2,2,0,0,0,2,1,1,0,0,0,4,4,4,4,2,1,3,0,14,5,6,4,0,0,"red.ancestor.firsthunter","iron.ancestor.firstpack",2,0,6,2,8,4,3,0,1,0,0,0,8,1,6,1,0,0,0,13,0,11,0,11,0,1,0,7,24,35,0,0,0,0,4,1,0,0,2,1,4,17,1,0,0,0
game-345,345,"red-hunter-evolution","iron-hyena-pack-pressure",False,23,1,1,3,4,12,7,12,17,2,2,0,1,0,1,3,1,2,0,0,0,2,4,2,4,1,0,5,2,14,4,6,3,0,0,"red.ancestor.firsthunter","iron.ancestor.firstpack",2,0,6,2,8,5,5,2,0,0,0,0,4,1,3,1,0,0,0,7,0,7,0,7,0,2,0,6,24,29,0,0,1,0,3,0,1,0,2,1,4,5,1,1,0,0
game-346,346,"red-hunter-evolution","iron-hyena-pack-pressure",False,15,1,0,3,4,11,9,9,,1,0,1,0,0,0,0,0,0,0,0,0,2,0,2,0,0,0,1,1,4,2,3,1,0,0,"red.ancestor.firsthunter","iron.ancestor.firstpack",0,0,2,2,3,2,3,0,0,0,0,0,6,0,2,0,0,0,0,2,0,2,0,2,0,0,0,2,16,16,0,0,1,0,2,0,0,0,1,0,4,7,1,1,0,0
game-347,347,"red-hunter-evolution","iron-hyena-pack-pressure",False,29,1,0,3,4,17,5,11,21,4,3,1,1,0,1,2,1,1,0,0,0,4,2,4,2,0,0,10,2,23,0,12,0,0,0,"red.ancestor.firsthunter","",4,0,10,0,12,0,5,1,2,0,0,0,3,1,3,1,0,0,0,8,0,8,0,8,0,1,0,7,30,36,0,0,1,0,8,0,0,0,2,2,4,15,1,1,0,0
game-348,348,"red-hunter-evolution","iron-hyena-pack-pressure",False,15,1,1,3,4,8,5,8,,2,1,1,0,0,0,1,0,1,0,0,0,2,8,1,3,1,0,1,0,5,2,2,1,0,0,"red.ancestor.firsthunter","iron.ancestor.firstpack",0,0,2,2,5,4,3,0,0,0,0,0,0,0,0,0,0,0,0,6,0,6,0,6,0,2,0,4,16,20,0,0,0,0,0,1,0,0,1,0,4,11,1,1,0,0
game-349,349,"red-hunter-evolution","iron-hyena-pack-pressure",False,23,1,2,3,4,16,7,11,,2,2,0,0,0,0,0,0,0,0,0,0,0,0,0,0,0,0,1,4,7,5,4,3,0,0,"red.ancestor.firsthunter","iron.ancestor.firstpack",2,0,6,2,8,4,4,2,0,0,0,0,4,1,4,1,0,0,0,8,0,8,0,8,0,0,0,5,24,30,0,0,2,0,4,0,1,0,1,1,4,13,1,1,0,0
game-350,350,"iron-hyena-pack-pressure","red-hunter-evolution",False,38,1,3,1,4,18,5,13,19,5,1,4,1,0,1,2,2,0,0,0,0,18,0,14,0,1,1,6,3,31,18,12,12,0,0,"red.ancestor.firsthunter","iron.ancestor.firstpack",6,0,14,2,16,12,3,3,0,0,0,0,8,0,7,0,0,0,0,25,0,24,0,24,0,1,0,12,38,62,0,0,3,0,10,0,0,0,3,3,4,15,1,0,0,0
game-351,351,"iron-hyena-pack-pressure","red-hunter-evolution",False,30,1,3,1,6,8,7,9,,3,2,1,0,0,0,3,1,2,0,0,0,4,4,4,3,0,1,3,3,24,11,9,7,0,0,"red.ancestor.firsthunter","iron.ancestor.firstpack",3,2,8,6,11,11,3,1,2,0,0,0,7,2,5,1,0,0,0,11,0,11,0,11,0,4,0,8,30,41,0,0,2,0,4,2,0,0,2,2,6,27,1,0,0,0
game-352,352,"iron-hyena-pack-pressure","red-hunter-evolution",False,22,1,3,0,6,14,8,8,,2,1,1,0,0,0,3,1,2,0,0,0,2,4,2,4,0,2,3,1,26,9,7,6,0,0,"red.ancestor.firsthunter","iron.ancestor.firstpack",2,0,6,2,6,7,0,1,0,0,0,0,4,0,4,0,0,0,0,12,0,12,0,12,0,3,0,7,22,34,0,0,3,0,1,0,0,0,1,1,6,,1,0,0,0
game-353,353,"iron-hyena-pack-pressure","red-hunter-evolution",False,34,1,3,2,3,13,7,9,,5,4,1,0,0,0,3,0,3,0,0,0,4,10,4,8,0,1,6,1,28,1,12,1,0,0,"red.ancestor.grandmother","iron.ancestor.firstpack",5,0,12,2,13,9,5,4,1,0,0,0,15,1,12,1,0,0,0,22,0,20,0,20,0,5,0,11,34,54,0,0,4,0,5,1,0,1,3,2,6,3,1,0,0,0
game-354,354,"red-hunter-evolution","iron-hyena-pack-pressure",False,27,1,2,3,8,19,7,15,,3,2,1,0,0,0,1,0,1,0,0,0,4,4,4,4,0,0,9,0,16,7,8,4,0,0,"red.ancestor.grandmother","iron.ancestor.firstpack",1,0,4,2,10,6,6,0,0,0,0,0,6,4,5,2,0,0,0,8,0,7,0,7,0,2,0,5,28,33,0,0,3,0,5,0,2,0,2,1,8,17,1,1,0,0
game-355,355,"red-hunter-evolution","iron-hyena-pack-pressure",False,29,1,0,3,4,17,7,10,15,2,2,0,1,0,1,2,1,1,0,0,0,2,2,2,2,0,0,5,2,21,9,10,7,0,0,"red.ancestor.firsthunter","iron.ancestor.firstpack",1,0,4,2,11,9,7,1,0,0,0,0,2,0,2,0,0,0,0,11,0,11,0,11,0,1,0,9,30,39,0,0,1,0,11,1,0,0,2,2,4,13,1,1,0,0
game-356,356,"iron-hyena-pack-pressure","red-hunter-evolution",False,22,1,3,0,4,12,6,10,,3,2,1,0,0,0,1,0,1,0,0,0,4,2,4,2,0,0,6,0,16,11,7,7,0,0,"red.ancestor.firsthunter","iron.ancestor.firstpack",2,0,6,2,7,8,0,3,0,0,0,0,6,0,6,0,0,0,0,12,0,12,0,12,0,1,0,9,22,34,0,0,1,0,2,0,0,0,1,1,4,,1,0,0,0
game-357,357,"red-hunter-evolution","iron-hyena-pack-pressure",False,27,1,1,3,4,8,8,17,25,3,1,2,1,0,1,1,1,0,0,0,0,8,0,8,0,0,0,2,2,12,2,5,1,0,0,"red.ancestor.firsthunter","iron.ancestor.firstpack",2,0,6,2,9,9,6,1,0,0,0,0,2,0,1,0,0,0,0,11,0,11,0,11,0,0,0,8,28,37,0,0,2,0,9,0,0,0,2,1,4,19,1,1,0,0
game-358,358,"red-hunter-evolution","iron-hyena-pack-pressure",False,21,1,1,3,8,13,5,11,,2,2,0,0,0,0,0,0,0,0,0,0,0,0,0,0,0,0,5,1,17,2,7,1,0,0,"red.ancestor.firsthunter","iron.ancestor.firstpack",3,0,8,2,8,2,4,1,1,0,0,0,5,0,5,0,0,0,0,7,0,7,0,7,0,0,0,5,22,27,0,0,0,0,4,0,0,0,1,1,8,13,1,1,0,0
game-359,359,"red-hunter-evolution","iron-hyena-pack-pressure",False,23,1,0,3,6,15,5,9,13,3,3,0,1,0,1,1,1,0,0,0,0,2,0,2,0,0,0,3,2,8,0,4,0,0,0,"red.ancestor.firsthunter","",2,0,6,0,9,0,5,1,0,0,0,0,2,0,2,0,0,0,0,6,0,6,0,6,0,0,0,6,24,28,0,0,1,0,7,1,0,0,1,1,6,11,1,1,0,0
game-360,360,"iron-hyena-pack-pressure","red-hunter-evolution",False,26,1,3,1,4,16,7,13,25,2,1,1,1,0,1,2,1,1,0,0,0,6,4,6,4,0,2,5,0,18,11,8,7,0,0,"red.ancestor.firsthunter","iron.ancestor.firstpack",2,0,6,2,9,7,4,0,0,0,0,0,8,2,6,2,0,0,0,15,0,15,0,15,0,4,0,8,26,41,0,0,0,0,5,1,0,0,2,1,4,15,1,0,0,0
game-361,361,"iron-hyena-pack-pressure","red-hunter-evolution",False,24,1,3,2,6,10,7,8,,2,1,1,0,0,0,4,1,3,0,0,0,4,12,4,7,1,1,2,0,16,8,7,6,0,0,"red.ancestor.firsthunter","iron.ancestor.firstpack",4,0,10,2,8,8,2,2,0,0,0,0,3,0,3,0,0,0,0,13,0,12,0,12,0,2,0,8,24,36,0,0,3,0,2,1,0,0,2,1,6,19,1,0,0,0
game-362,362,"red-hunter-evolution","iron-hyena-pack-pressure",False,25,1,2,3,4,12,5,11,19,4,2,2,1,0,1,1,0,1,0,0,0,6,4,5,4,2,0,5,0,23,5,10,4,0,0,"red.ancestor.firsthunter","iron.ancestor.smithpassedfang",2,2,6,6,10,9,5,1,0,0,2,0,6,3,4,2,0,0,0,6,0,6,0,6,0,2,0,5,26,30,0,1,2,0,4,0,2,0,2,1,4,17,1,1,0,0
game-363,363,"red-hunter-evolution","iron-hyena-pack-pressure",False,21,1,0,3,4,13,5,9,21,2,2,0,1,0,1,0,0,0,0,0,0,2,0,2,0,0,0,3,1,12,2,7,1,0,0,"red.ancestor.firsthunter","iron.ancestor.firstpack",2,0,6,2,8,7,6,1,0,0,0,0,2,0,1,0,0,0,0,5,0,5,0,5,0,0,0,5,22,25,0,0,1,0,4,1,0,0,1,1,4,11,1,1,0,0
game-364,364,"red-hunter-evolution","iron-hyena-pack-pressure",False,31,1,2,3,4,10,5,12,23,2,1,1,1,0,1,3,1,2,0,0,0,6,4,6,4,0,1,1,1,31,10,12,7,0,0,"red.ancestor.firsthunter","iron.ancestor.firstpack",5,0,12,2,13,10,7,2,0,0,0,0,2,1,1,1,0,0,0,13,0,13,0,13,0,2,0,10,32,43,0,0,2,0,8,0,0,0,3,2,4,21,1,1,0,0
game-365,365,"red-hunter-evolution","iron-hyena-pack-pressure",False,15,1,0,3,8,11,5,9,,2,1,1,0,0,0,0,0,0,0,0,0,2,0,2,0,0,0,3,0,6,0,3,0,0,0,"red.ancestor.firsthunter","",1,0,4,0,5,0,2,3,0,0,0,0,2,0,2,0,0,0,0,3,0,3,0,3,0,0,0,2,16,17,0,0,1,0,3,0,0,0,1,0,8,11,1,1,0,0
game-366,366,"iron-hyena-pack-pressure","red-hunter-evolution",False,28,1,3,1,4,14,7,13,21,2,2,0,1,0,1,2,1,1,0,0,0,2,6,2,4,0,1,4,3,18,9,7,7,0,0,"red.ancestor.firsthunter","iron.ancestor.firstpack",2,0,6,2,10,10,2,1,0,0,0,0,7,2,7,1,0,0,0,18,0,17,0,17,0,4,0,10,28,45,0,0,3,0,4,1,0,0,2,2,4,17,1,0,0,0
game-367,367,"iron-hyena-pack-pressure","red-hunter-evolution",False,28,1,3,1,4,14,7,11,,3,2,1,0,0,0,2,0,2,0,0,0,2,6,2,5,1,1,2,0,20,12,8,8,0,0,"red.ancestor.grandmother","iron.ancestor.firstpack",1,0,4,2,10,8,5,1,0,0,0,0,10,1,6,1,0,0,0,16,0,16,0,16,0,3,0,10,28,44,0,0,2,0,4,0,0,0,2,2,4,13,1,0,0,0
game-368,368,"red-hunter-evolution","iron-hyena-pack-pressure",False,29,1,1,3,4,17,5,13,,3,2,1,0,0,0,2,1,1,0,0,0,2,2,2,2,1,0,4,1,20,3,10,2,0,0,"red.ancestor.grandmother","iron.ancestor.smithpassedfang",2,1,6,4,12,9,7,4,0,0,2,0,5,2,4,2,0,0,0,10,0,10,0,10,0,2,0,7,30,38,0,0,2,0,7,0,1,0,3,2,4,15,1,1,0,0
game-369,369,"red-hunter-evolution","iron-hyena-pack-pressure",False,21,1,2,3,4,12,9,9,15,2,2,0,1,0,1,1,1,0,0,0,0,2,0,2,0,0,1,7,1,10,5,5,3,0,0,"red.ancestor.firsthunter","iron.ancestor.firstpack",0,0,2,2,6,4,6,0,0,0,0,0,13,0,7,0,0,0,0,7,0,7,0,7,0,0,0,5,22,27,0,0,1,0,5,1,0,0,1,1,4,11,1,1,0,0
game-370,370,"red-hunter-evolution","iron-hyena-pack-pressure",False,27,1,1,3,6,11,7,7,,4,1,3,0,0,0,2,1,1,0,0,0,8,4,7,3,1,1,2,0,10,2,6,1,0,0,"red.ancestor.firsthunter","iron.ancestor.firstpack",3,0,8,2,10,8,5,1,0,0,0,0,0,5,0,2,0,0,0,13,0,13,0,13,0,4,0,8,28,39,0,0,3,0,14,1,1,0,3,1,6,9,1,1,0,0
game-371,371,"iron-hyena-pack-pressure","red-hunter-evolution",False,26,1,3,2,4,17,7,11,21,3,2,1,1,0,1,3,0,3,0,0,0,4,10,4,6,1,0,4,1,18,7,8,4,0,0,"red.ancestor.grandmother","iron.ancestor.firstpack",1,0,4,2,9,8,5,1,0,0,0,0,8,4,8,2,0,0,0,15,0,14,0,14,0,4,0,7,26,40,0,0,2,0,6,1,1,0,2,1,4,15,1,0,0,0
game-372,372,"red-hunter-evolution","iron-hyena-pack-pressure",False,25,1,2,3,4,12,9,12,21,3,2,1,1,0,1,2,0,2,0,0,0,4,4,4,4,1,1,5,1,15,2,7,2,0,0,"red.ancestor.firsthunter","iron.ancestor.smithpassedfang",1,1,4,4,8,7,4,2,0,0,0,0,5,0,5,0,0,0,0,8,0,8,0,8,0,2,0,6,26,32,0,0,2,0,2,0,0,0,2,1,4,15,1,1,0,0
game-373,373,"iron-hyena-pack-pressure","red-hunter-evolution",False,20,1,3,1,4,12,5,12,,2,1,1,0,0,0,3,1,2,0,0,0,2,10,2,6,0,0,4,1,7,5,3,4,0,0,"red.ancestor.grandmother","iron.ancestor.firstpack",1,2,4,6,7,6,3,3,0,0,0,0,2,2,1,1,0,0,0,14,0,13,0,13,0,7,0,8,20,33,0,0,2,0,1,1,1,0,1,1,4,15,1,0,0,0
game-374,374,"red-hunter-evolution","iron-hyena-pack-pressure",False,27,1,2,3,8,10,5,9,15,3,3,0,1,0,1,2,1,1,0,0,0,2,2,2,2,0,2,2,3,15,8,8,5,0,0,"red.ancestor.grandmother","iron.ancestor.smithpassedfang",1,1,4,4,11,7,8,1,0,0,1,0,5,9,4,3,0,0,0,9,0,9,0,9,0,2,0,8,28,35,0,0,3,0,6,1,1,0,2,1,8,13,1,1,0,0
game-375,375,"red-hunter-evolution","iron-hyena-pack-pressure",False,15,1,0,3,8,11,5,7,,3,2,1,0,0,0,0,0,0,0,0,0,2,0,2,0,0,0,0,0,6,0,3,0,0,0,"red.ancestor.firsthunter","",1,0,4,0,5,0,1,4,0,0,0,0,3,0,2,0,0,0,0,2,0,2,0,2,0,0,0,2,16,16,0,0,0,0,1,2,0,0,1,0,8,9,1,1,0,0
game-376,376,"iron-hyena-pack-pressure","red-hunter-evolution",False,22,1,3,0,4,10,9,11,,3,3,0,0,0,0,2,0,2,0,0,0,0,4,0,4,0,0,10,0,8,8,4,5,0,0,"red.ancestor.firsthunter","iron.ancestor.firstpack",2,0,6,2,6,6,4,1,0,0,0,0,11,5,8,2,0,0,0,14,0,14,0,14,0,3,0,8,22,36,0,0,1,0,3,1,0,0,1,1,4,17,1,0,0,0
game-377,377,"red-hunter-evolution","iron-hyena-pack-pressure",False,29,1,1,3,4,12,7,11,19,1,1,0,1,0,1,2,1,1,0,0,0,2,2,2,2,0,0,4,3,15,1,7,1,0,0,"red.ancestor.firsthunter","iron.ancestor.firstpack",0,0,2,2,11,8,7,0,0,0,0,0,2,2,2,2,0,0,0,11,0,11,0,11,0,2,0,9,30,39,0,0,2,0,14,1,1,0,3,2,4,5,1,1,0,0
game-378,378,"iron-hyena-pack-pressure","red-hunter-evolution",False,22,1,3,0,4,18,7,11,,3,2,1,0,0,0,1,0,1,0,0,0,2,4,2,2,0,0,6,0,27,3,8,2,0,0,"red.ancestor.firsthunter","iron.ancestor.firstpack",2,0,6,2,7,2,0,1,0,0,0,0,5,0,5,0,0,0,0,10,0,9,0,9,0,0,0,6,22,31,0,0,2,0,3,0,0,0,1,1,4,5,1,0,0,0
game-379,379,"red-hunter-evolution","iron-hyena-pack-pressure",False,23,1,1,3,4,12,7,9,19,3,2,1,1,0,1,2,1,1,0,0,0,4,4,4,4,0,0,5,2,14,3,7,2,0,0,"red.ancestor.firsthunter","iron.ancestor.smithpassedfang",1,1,4,4,8,7,6,0,0,0,1,0,4,1,4,1,0,0,0,6,0,6,0,6,0,1,0,5,24,28,0,0,1,0,3,0,0,0,2,1,4,13,1,1,0,0
game-380,380,"iron-hyena-pack-pressure","red-hunter-evolution",False,16,1,3,0,4,10,5,10,,1,0,1,0,0,0,1,0,1,0,0,0,2,4,2,3,0,0,1,0,12,4,5,3,0,0,"red.ancestor.grandmother","iron.ancestor.firstpack",1,2,4,6,5,4,0,2,0,0,0,0,2,0,2,0,0,0,0,6,0,6,0,6,0,0,0,5,16,22,0,0,1,0,2,2,0,0,1,1,4,,1,0,0,0
game-381,381,"red-hunter-evolution","iron-hyena-pack-pressure",False,23,1,1,3,3,13,7,9,19,2,2,0,1,0,1,1,0,1,0,0,0,2,2,2,2,1,0,7,1,14,2,8,2,0,0,"red.ancestor.grandmother","iron.ancestor.firstpack",1,1,4,4,8,4,7,1,0,0,1,0,6,1,4,1,0,0,0,6,0,6,0,6,0,1,0,5,24,28,0,0,0,0,2,0,0,0,1,1,6,3,1,1,0,0
game-382,382,"iron-hyena-pack-pressure","red-hunter-evolution",False,38,1,3,2,6,8,7,13,,5,3,2,0,0,0,3,1,2,0,0,0,4,6,4,5,0,1,11,1,48,9,16,7,0,0,"red.ancestor.firsthunter","iron.ancestor.firstpack",4,2,10,6,15,14,5,1,2,0,0,0,11,1,10,1,0,0,0,21,0,21,0,21,0,3,0,13,38,59,0,0,2,0,11,4,0,0,3,2,6,15,1,0,0,0
game-383,383,"red-hunter-evolution","iron-hyena-pack-pressure",False,15,1,0,3,3,5,9,9,,2,1,1,0,0,0,0,0,0,0,0,0,2,0,2,0,0,0,5,0,3,2,1,1,0,0,"red.ancestor.firsthunter","iron.ancestor.firstpack",0,0,2,2,3,1,4,0,0,0,0,0,12,0,4,0,0,0,0,2,0,2,0,2,0,0,0,2,16,16,0,0,2,0,3,0,0,0,1,0,4,3,1,1,0,0
game-384,384,"iron-hyena-pack-pressure","red-hunter-evolution",False,18,1,3,0,4,12,7,13,,2,2,0,0,0,0,0,0,0,0,0,0,0,0,0,0,0,0,8,0,17,6,6,3,0,0,"red.ancestor.firsthunter","iron.ancestor.firstpack",1,0,4,2,5,2,0,1,0,0,0,0,4,0,4,0,0,0,0,7,0,7,0,7,0,1,0,5,18,25,0,1,1,0,2,1,0,0,1,1,4,5,1,0,0,0
game-385,385,"red-hunter-evolution","iron-hyena-pack-pressure",False,25,1,0,3,3,19,11,15,,2,1,1,0,0,0,1,1,0,0,0,0,2,0,2,0,0,0,2,1,3,0,2,0,0,0,"red.ancestor.firsthunter","",1,0,4,0,7,0,3,1,0,0,0,0,1,0,1,0,0,0,0,9,0,9,0,9,0,0,0,7,26,33,0,0,2,0,13,2,0,0,2,1,8,3,1,1,0,0
game-386,386,"red-hunter-evolution","iron-hyena-pack-pressure",False,25,1,2,3,4,13,7,7,19,3,1,2,1,0,1,0,0,0,0,0,0,8,0,8,0,0,0,2,0,3,11,2,7,0,0,"red.ancestor.firsthunter","iron.ancestor.firstpack",0,0,2,2,9,8,6,0,0,0,0,0,7,1,7,1,0,0,0,13,0,13,0,13,0,2,0,8,26,37,0,0,2,0,9,0,1,0,2,1,4,11,1,1,0,0
game-387,387,"red-hunter-evolution","iron-hyena-pack-pressure",False,21,1,0,3,4,15,7,9,17,3,2,1,1,0,1,0,0,0,0,0,0,4,0,4,0,0,0,4,4,10,0,5,0,0,0,"red.ancestor.firsthunter","",2,0,6,0,7,0,4,0,0,0,0,0,1,0,1,0,0,0,0,5,0,5,0,5,0,0,0,4,22,25,0,0,0,0,5,0,0,0,1,1,4,5,1,1,0,0
game-388,388,"iron-hyena-pack-pressure","red-hunter-evolution",False,20,1,3,1,4,11,7,7,,2,1,1,0,0,0,2,1,1,0,0,0,2,2,2,2,0,1,0,0,9,6,4,3,0,0,"red.ancestor.firsthunter","iron.ancestor.smithpassedfang",0,1,2,4,6,6,4,0,0,0,2,0,3,1,3,1,0,0,0,11,0,10,0,10,0,0,0,6,20,30,0,0,3,0,4,1,0,0,1,1,4,9,1,0,0,0
game-389,389,"iron-hyena-pack-pressure","red-hunter-evolution",False,28,1,3,2,4,17,7,13,21,3,2,1,1,0,1,2,1,1,0,0,0,4,2,4,2,0,0,7,1,23,1,8,1,0,0,"red.ancestor.firsthunter","iron.ancestor.firstpack",0,0,2,2,10,4,4,0,0,0,0,0,18,2,12,1,0,0,0,15,0,14,0,14,0,2,0,8,28,42,0,0,2,0,9,2,0,0,2,2,4,15,1,0,0,0
game-390,390,"iron-hyena-pack-pressure","red-hunter-evolution",False,24,1,3,0,5,15,5,11,,3,3,0,0,0,0,3,0,3,0,0,0,0,10,0,10,1,2,4,0,20,6,8,3,0,0,"red.ancestor.grandmother","iron.ancestor.firstpack",3,0,8,2,9,4,1,2,0,0,0,0,6,1,5,1,0,0,0,13,0,12,0,12,0,2,0,7,24,36,0,0,1,0,3,1,0,1,2,1,5,,1,0,0,0
game-391,391,"red-hunter-evolution","iron-hyena-pack-pressure",False,43,1,2,3,4,20,5,19,41,5,2,3,1,0,1,3,0,3,0,0,0,12,10,12,10,1,0,7,0,35,16,13,10,0,0,"red.ancestor.firsthunter","iron.ancestor.firstpack",2,0,6,2,19,17,8,2,0,0,0,0,9,1,7,1,0,0,0,23,0,23,0,23,0,3,0,15,44,65,0,0,0,0,16,6,0,0,4,3,4,33,1,1,0,0
game-392,392,"iron-hyena-pack-pressure","red-hunter-evolution",False,18,1,3,1,4,10,8,7,,2,1,1,0,0,0,1,0,1,0,0,0,2,4,2,3,0,0,5,0,1,6,1,4,0,0,"red.ancestor.firsthunter","iron.ancestor.firstpack",0,0,2,2,3,5,4,0,0,0,0,0,8,1,5,1,0,0,0,9,0,9,0,9,0,0,0,6,18,27,0,0,2,0,4,0,0,0,1,1,4,9,1,0,0,0
game-393,393,"red-hunter-evolution","iron-hyena-pack-pressure",False,25,1,2,3,4,10,5,8,,2,2,0,0,0,0,3,1,2,0,0,0,0,4,0,4,0,1,4,1,13,9,7,7,0,0,"red.ancestor.grandmother","iron.ancestor.firstpack",4,0,10,2,10,8,8,0,1,0,0,0,4,4,3,3,0,0,0,14,0,14,0,14,0,5,0,8,26,38,0,0,1,0,5,0,0,0,2,1,4,13,1,1,0,0
game-394,394,"red-hunter-evolution","iron-hyena-pack-pressure",False,41,1,0,3,4,27,7,14,,5,2,3,0,0,0,4,2,2,0,0,0,6,4,6,4,2,0,5,3,37,0,14,0,0,0,"red.ancestor.firsthunter","",6,0,14,0,17,0,7,5,0,0,0,0,0,1,0,1,0,0,0,18,0,18,0,18,0,2,0,13,42,58,0,0,1,0,14,0,0,0,4,3,4,23,1,1,0,0
game-395,395,"red-hunter-evolution","iron-hyena-pack-pressure",False,19,1,1,3,3,11,7,9,15,2,1,1,1,0,1,1,0,1,0,0,0,6,2,6,2,0,0,2,1,10,0,5,0,0,0,"red.ancestor.firsthunter","",1,0,4,0,6,0,6,0,0,0,0,0,8,1,5,1,0,0,0,4,0,4,0,4,0,0,0,2,20,22,0,0,0,0,4,2,0,0,1,1,6,3,1,1,0,0
game-396,396,"iron-hyena-pack-pressure","red-hunter-evolution",False,24,1,3,2,3,12,7,11,17,3,2,1,1,0,1,2,0,2,0,0,0,4,6,4,5,1,2,7,2,16,9,8,5,0,0,"red.ancestor.firsthunter","iron.ancestor.firstpack",0,0,2,2,8,7,5,0,0,0,0,0,5,4,4,2,0,0,0,11,0,11,0,11,0,3,0,8,24,35,0,0,3,0,6,2,1,0,2,1,8,3,1,0,0,0
game-397,397,"red-hunter-evolution","iron-hyena-pack-pressure",False,33,1,0,3,10,25,5,11,25,4,2,2,1,0,1,2,2,0,0,0,0,6,0,6,0,0,0,6,3,32,0,11,0,0,0,"red.ancestor.firsthunter","",2,0,6,0,14,0,6,1,0,0,0,0,1,0,1,0,0,0,0,13,0,13,0,13,0,0,0,10,34,45,0,0,1,0,17,1,0,0,3,2,10,17,1,1,0,0
game-398,398,"iron-hyena-pack-pressure","red-hunter-evolution",False,25,1,3,1,6,12,7,12,21,3,3,0,1,0,1,2,0,2,0,0,0,2,4,2,4,0,0,9,1,23,9,10,6,0,0,"red.ancestor.firsthunter","iron.ancestor.firstpack",2,0,6,2,9,8,4,1,0,0,0,0,4,1,4,1,0,0,0,11,0,11,0,11,0,3,0,8,26,35,0,0,1,0,2,1,0,0,2,1,6,15,1,0,0,0
game-399,399,"red-hunter-evolution","iron-hyena-pack-pressure",False,25,1,1,3,6,12,7,9,19,2,1,1,1,0,1,1,1,0,0,0,0,4,0,4,0,0,1,4,0,15,9,7,6,0,0,"red.ancestor.firsthunter","iron.ancestor.firstpack",3,0,8,2,9,8,3,4,0,0,0,0,5,0,3,0,0,0,0,10,0,10,0,10,0,0,0,7,26,34,0,0,1,0,8,1,0,0,2,1,6,11,1,1,0,0
game-400,400,"red-hunter-evolution","iron-hyena-pack-pressure",False,19,1,0,3,8,13,5,9,13,2,1,1,1,0,1,0,0,0,0,0,0,6,0,4,0,0,0,1,0,15,0,6,0,0,0,"red.ancestor.firsthunter","",0,0,2,0,7,0,4,0,0,0,0,0,8,0,5,0,0,0,0,3,0,3,0,3,0,0,0,2,20,21,0,0,1,0,5,1,0,0,1,1,8,11,1,1,0,0
game-401,401,"iron-hyena-pack-pressure","red-hunter-evolution",False,27,1,3,1,4,16,9,11,25,3,2,1,1,0,1,2,0,2,0,0,0,6,6,6,6,1,0,4,0,21,7,8,5,0,0,"red.ancestor.firsthunter","iron.ancestor.firstpack",2,0,6,2,9,6,3,2,0,0,0,0,9,1,7,1,0,0,0,16,0,15,0,15,0,2,0,9,28,41,0,0,2,0,4,1,0,0,2,1,4,5,1,0,0,0
game-402,402,"red-hunter-evolution","iron-hyena-pack-pressure",False,21,1,2,3,8,13,5,11,21,2,2,0,1,0,1,2,0,2,0,0,0,2,6,2,6,0,0,7,1,7,1,4,1,0,0,"red.ancestor.firsthunter","iron.ancestor.firstpack",2,0,6,2,8,3,8,1,0,0,0,0,5,6,3,3,0,0,0,9,0,9,0,9,0,4,0,5,22,29,0,0,1,0,3,1,1,0,1,1,8,9,1,1,0,0
game-403,403,"red-hunter-evolution","iron-hyena-pack-pressure",False,17,1,1,3,4,11,7,7,,2,0,2,0,0,0,0,0,0,0,0,0,6,0,6,0,1,0,0,0,4,2,2,1,0,0,"red.ancestor.firsthunter","iron.ancestor.firstpack",0,0,2,2,5,3,5,0,0,0,0,0,1,2,1,1,0,0,0,8,0,8,0,8,0,2,0,4,18,24,0,0,2,0,3,0,1,0,1,1,4,9,1,1,0,0
game-404,404,"iron-hyena-pack-pressure","red-hunter-evolution",False,30,1,3,0,4,14,9,11,,3,3,0,0,0,0,2,0,2,0,0,0,0,6,0,6,0,0,5,1,32,13,11,8,0,0,"red.ancestor.firsthunter","iron.ancestor.firstpack",2,0,6,2,10,9,1,1,0,0,0,0,5,1,5,1,0,0,0,17,0,17,0,17,0,6,0,11,30,47,0,0,2,0,4,1,0,0,2,2,4,5,1,0,0,0
game-405,405,"red-hunter-evolution","iron-hyena-pack-pressure",False,31,1,2,3,4,10,5,8,29,3,3,0,1,0,1,3,1,2,0,0,0,2,6,2,5,0,0,5,1,24,10,8,7,0,0,"red.ancestor.grandmother","iron.ancestor.firstpack",2,2,6,6,13,11,7,3,0,0,2,0,3,1,3,1,0,0,0,14,0,14,0,14,0,3,0,10,32,44,0,0,3,0,6,0,0,0,2,2,4,23,1,1,0,0
game-406,406,"red-hunter-evolution","iron-hyena-pack-pressure",False,35,1,2,3,4,7,9,11,21,5,2,3,1,0,1,4,1,3,0,0,0,14,6,10,6,0,1,7,3,35,2,13,1,0,0,"red.ancestor.firsthunter","iron.ancestor.firstpack",3,0,8,2,13,8,5,1,0,0,0,0,13,1,10,1,0,0,0,15,0,15,0,15,0,3,0,10,36,49,0,0,3,0,7,0,0,0,3,2,4,5,1,1,0,0
game-407,407,"iron-hyena-pack-pressure","red-hunter-evolution",False,20,1,3,0,4,12,7,13,,2,2,0,0,0,0,2,1,1,0,0,0,0,2,0,1,0,2,8,2,18,3,7,2,0,0,"red.ancestor.firsthunter","iron.ancestor.smithpassedfang",2,1,6,4,6,4,0,1,0,0,2,0,3,0,3,0,0,0,0,9,0,9,0,9,0,3,0,6,20,29,0,0,2,0,1,1,0,0,1,1,4,5,1,0,0,0
game-408,408,"red-hunter-evolution","iron-hyena-pack-pressure",False,17,1,0,3,4,11,7,7,13,2,1,1,1,0,1,1,1,0,0,0,0,4,0,4,0,0,1,2,3,8,1,4,1,0,0,"red.ancestor.firsthunter","iron.ancestor.firstpack",0,0,2,2,5,3,4,0,0,0,0,0,2,0,2,0,0,0,0,3,0,3,0,3,0,0,0,3,18,19,0,0,2,0,2,0,0,0,1,1,4,9,1,1,0,0
game-409,409,"red-hunter-evolution","iron-hyena-pack-pressure",False,41,1,2,3,3,16,7,13,31,5,2,3,1,0,1,4,1,3,0,0,0,12,8,12,8,0,1,8,0,44,13,14,9,0,0,"red.ancestor.firsthunter","iron.ancestor.firstpack",4,0,10,2,17,13,5,3,0,0,0,0,4,0,4,0,0,0,0,24,0,23,0,23,0,3,0,13,42,63,0,0,0,0,13,1,0,0,3,3,7,3,1,1,0,0
game-410,410,"iron-hyena-pack-pressure","red-hunter-evolution",False,24,1,3,0,4,8,5,10,,2,2,0,0,0,0,2,0,2,0,0,0,0,6,0,6,0,0,4,0,19,5,9,4,0,0,"red.ancestor.grandmother","iron.ancestor.smithpassedfang",3,1,8,4,9,9,3,4,0,0,2,0,1,1,1,1,0,0,0,8,0,8,0,8,0,4,0,6,24,32,0,0,3,0,1,0,0,0,2,1,4,19,1,0,0,0
game-411,411,"red-hunter-evolution","iron-hyena-pack-pressure",False,17,1,1,3,4,7,9,9,,2,2,0,0,0,0,1,1,0,0,0,0,0,0,0,0,0,0,4,3,2,1,2,1,0,0,"red.ancestor.firsthunter","iron.ancestor.firstpack",0,0,2,2,4,2,4,0,0,0,0,0,8,0,4,0,0,0,0,5,0,5,0,5,0,0,0,4,18,21,0,0,1,0,2,0,0,0,1,1,4,5,1,1,0,0
game-412,412,"red-hunter-evolution","iron-hyena-pack-pressure",False,33,1,2,3,4,17,9,13,31,5,2,3,1,0,1,3,1,2,0,0,0,8,4,7,4,0,1,11,2,29,2,13,1,0,0,"red.ancestor.firsthunter","iron.ancestor.firstpack",2,0,6,2,12,8,7,0,2,0,0,0,9,3,8,3,0,0,0,17,0,17,0,17,0,3,0,10,34,49,0,0,3,0,13,2,1,0,3,2,4,5,1,1,0,0
game-413,413,"iron-hyena-pack-pressure","red-hunter-evolution",False,20,1,3,0,4,8,5,6,15,2,2,0,1,0,1,1,0,1,0,0,0,2,2,2,2,0,0,3,0,8,5,4,4,0,0,"red.ancestor.grandmother","iron.ancestor.firstpack",2,0,6,2,7,6,1,3,0,0,0,0,4,0,4,0,0,0,0,10,0,10,0,10,0,1,0,6,20,30,0,0,1,0,2,3,0,0,1,1,4,13,1,0,0,0
game-414,414,"iron-hyena-pack-pressure","red-hunter-evolution",False,34,1,3,2,4,10,7,10,27,5,4,1,1,0,1,3,1,2,0,0,0,6,4,6,4,2,0,4,0,34,14,12,10,0,0,"red.ancestor.grandmother","iron.ancestor.firstpack",4,0,10,2,13,12,3,3,0,0,0,0,10,0,7,0,0,0,0,20,0,20,0,20,0,3,0,13,34,54,0,0,3,0,8,0,0,0,3,2,4,25,1,0,0,0
game-415,415,"red-hunter-evolution","iron-hyena-pack-pressure",False,31,1,0,3,6,21,5,13,29,4,2,2,1,0,1,2,1,1,0,0,0,8,2,7,2,0,0,8,3,33,2,13,1,0,0,"red.ancestor.firsthunter","iron.ancestor.firstpack",7,0,16,2,13,5,6,2,3,0,0,0,2,1,1,1,0,0,0,11,0,11,0,11,0,1,0,7,32,41,0,0,1,0,9,2,0,0,3,2,6,7,1,1,0,0
game-416,416,"red-hunter-evolution","iron-hyena-pack-pressure",False,21,1,1,3,4,9,10,7,,3,2,1,0,0,0,2,1,1,0,0,0,2,2,2,2,0,0,3,1,10,2,5,1,0,0,"red.ancestor.firsthunter","iron.ancestor.firstpack",0,0,2,2,5,5,5,0,0,0,0,0,0,1,0,1,0,0,0,10,0,10,0,10,0,0,0,6,22,30,0,0,1,0,7,0,0,0,1,1,4,9,1,1,0,0
game-417,417,"red-hunter-evolution","iron-hyena-pack-pressure",False,19,1,0,3,4,13,7,7,11,3,2,1,1,0,1,1,1,0,0,0,0,6,0,6,0,1,0,5,1,9,2,4,1,0,0,"red.ancestor.firsthunter","iron.ancestor.firstpack",1,0,4,2,6,3,3,3,0,0,0,0,8,0,6,0,0,0,0,4,0,4,0,4,0,0,0,3,20,22,0,0,1,0,5,0,0,0,1,1,4,9,1,1,0,0
game-418,418,"red-hunter-evolution","iron-hyena-pack-pressure",False,35,1,1,3,4,16,7,13,31,4,2,2,1,0,1,2,2,0,0,0,0,8,0,8,0,1,1,7,1,31,1,13,1,0,0,"red.ancestor.grandmother","iron.ancestor.firstpack",3,0,8,2,14,10,3,2,2,0,0,0,1,0,1,0,0,0,0,15,0,15,0,15,0,0,0,10,36,49,0,0,2,0,14,1,0,0,3,2,4,15,1,1,0,0
game-419,419,"red-hunter-evolution","iron-hyena-pack-pressure",False,21,1,2,3,6,11,5,7,,2,1,1,0,0,0,2,0,2,0,0,0,2,4,2,4,0,0,0,1,4,6,3,5,0,0,"red.ancestor.firsthunter","iron.ancestor.firstpack",1,0,4,2,8,6,9,0,0,0,0,0,1,7,1,3,0,0,0,11,0,11,0,11,0,4,0,7,22,31,0,0,1,0,8,2,1,0,1,1,6,9,1,1,0,0
game-420,420,"iron-hyena-pack-pressure","red-hunter-evolution",False,36,1,3,1,8,26,5,15,19,4,2,2,1,0,1,4,0,4,0,0,0,10,10,8,10,2,0,5,2,36,12,13,7,0,0,"red.ancestor.grandmother","iron.ancestor.firstpack",3,1,8,4,15,10,5,3,0,0,0,0,10,4,8,4,0,0,0,16,0,16,0,16,0,5,0,11,36,52,0,0,4,0,3,1,0,1,3,2,8,17,1,0,0,0
game-421,421,"iron-hyena-pack-pressure","red-hunter-evolution",False,20,1,3,2,4,14,5,9,,2,2,0,0,0,0,2,0,2,0,0,0,0,12,0,8,0,0,6,0,4,8,2,5,0,0,"red.ancestor.grandmother","iron.ancestor.firstpack",1,0,4,2,7,7,5,2,0,0,0,0,0,2,0,2,0,0,0,12,0,12,0,12,0,1,0,8,20,32,0,0,2,0,0,0,0,0,1,1,4,13,1,0,0,0
game-422,422,"red-hunter-evolution","iron-hyena-pack-pressure",False,21,1,1,3,4,12,8,9,17,3,1,2,1,0,1,1,1,0,0,0,0,6,0,6,0,0,0,3,2,11,6,6,4,0,0,"red.ancestor.firsthunter","iron.ancestor.firstpack",1,2,4,6,6,6,3,2,0,0,1,0,2,1,2,1,0,0,0,7,0,7,0,7,0,1,0,6,22,27,0,0,1,0,7,0,1,0,1,1,4,13,1,1,0,0
game-423,423,"red-hunter-evolution","iron-hyena-pack-pressure",False,27,1,0,3,4,19,6,7,21,4,2,2,1,0,1,0,0,0,0,0,0,8,0,6,0,0,0,3,3,12,1,6,1,0,0,"red.ancestor.firsthunter","iron.ancestor.firstpack",2,0,6,2,10,10,6,1,0,0,0,0,3,0,2,0,0,0,0,10,0,10,0,10,0,0,0,8,28,36,0,0,1,0,8,0,0,0,2,1,4,15,1,1,0,0
game-424,424,"iron-hyena-pack-pressure","red-hunter-evolution",False,18,1,3,0,4,13,5,9,,2,2,0,0,0,0,0,0,0,0,0,0,0,0,0,0,0,0,3,0,14,3,5,2,0,0,"red.ancestor.grandmother","iron.ancestor.smithpassedfang",2,1,6,4,6,3,0,2,0,0,2,0,4,0,4,0,0,0,0,6,0,6,0,6,0,0,0,5,18,24,0,0,2,0,2,4,0,0,1,1,4,,1,0,0,0
game-425,425,"iron-hyena-pack-pressure","red-hunter-evolution",False,24,1,3,1,4,12,5,6,13,2,2,0,1,0,1,2,0,2,0,0,0,2,6,2,5,1,0,2,0,26,6,10,4,0,0,"red.ancestor.firsthunter","iron.ancestor.smithpassedfang",1,1,4,4,9,6,1,5,0,0,3,0,9,0,8,0,0,0,0,15,0,14,0,14,0,2,0,8,24,38,0,0,2,0,4,0,0,0,2,1,4,11,1,0,0,0
game-426,426,"iron-hyena-pack-pressure","red-hunter-evolution",False,20,1,3,1,4,8,5,11,,2,2,0,0,0,0,0,0,0,0,0,0,0,0,0,0,0,0,4,0,6,8,4,6,0,0,"red.ancestor.grandmother","iron.ancestor.firstpack",1,0,4,2,7,6,3,2,0,0,0,0,8,0,7,0,0,0,0,12,0,12,0,12,0,0,0,8,20,32,0,0,2,0,2,0,0,0,1,1,4,15,1,0,0,0
game-427,427,"red-hunter-evolution","iron-hyena-pack-pressure",False,29,1,0,3,8,19,7,15,25,3,2,1,1,0,1,1,1,0,0,0,0,4,0,4,0,0,0,3,1,21,2,10,1,0,0,"red.ancestor.grandmother","iron.ancestor.firstpack",4,0,10,2,11,7,5,2,2,0,0,0,0,0,0,0,0,0,0,10,0,10,0,10,0,0,0,7,30,38,0,0,3,0,10,0,0,0,3,2,8,17,1,1,0,0
game-428,428,"red-hunter-evolution","iron-hyena-pack-pressure",False,27,1,2,3,4,10,5,6,21,2,2,0,1,0,1,3,1,2,0,0,0,2,4,2,4,0,0,7,1,27,7,11,5,0,0,"red.ancestor.firsthunter","iron.ancestor.firstpack",3,0,8,2,11,10,5,2,0,0,0,0,6,1,5,1,0,0,0,8,0,8,0,8,0,1,0,6,28,34,0,0,2,0,4,1,1,0,2,1,4,13,1,1,0,0
game-429,429,"red-hunter-evolution","iron-hyena-pack-pressure",False,29,1,1,3,4,10,5,12,25,2,1,1,1,0,1,3,1,2,0,0,0,4,4,4,4,0,0,2,1,11,2,5,2,0,0,"red.ancestor.grandmother","iron.ancestor.smithpassedfang",3,1,8,4,12,10,6,4,0,0,1,0,0,0,0,0,0,0,0,14,0,14,0,14,0,1,0,10,30,42,0,0,2,0,11,1,0,0,2,2,4,21,1,1,0,0
game-430,430,"iron-hyena-pack-pressure","red-hunter-evolution",False,20,1,3,2,4,12,5,10,,2,2,0,0,0,0,3,2,1,0,0,0,0,2,0,2,0,1,4,1,19,4,7,2,0,0,"red.ancestor.firsthunter","iron.ancestor.smithpassedfang",0,1,2,4,7,6,4,0,0,0,1,0,4,0,3,0,0,0,0,7,0,7,0,7,0,2,0,4,20,27,0,0,1,0,1,2,0,1,1,1,4,13,1,0,0,0
game-431,431,"iron-hyena-pack-pressure","red-hunter-evolution",False,27,1,3,0,4,10,7,12,,2,1,1,0,0,0,3,0,3,0,0,0,2,8,2,8,2,0,2,1,33,10,11,7,0,0,"red.ancestor.grandmother","iron.ancestor.firstpack",5,0,12,2,10,8,1,4,0,0,0,0,6,1,6,1,0,0,0,14,0,14,0,14,0,4,0,9,28,40,0,0,1,0,2,1,0,0,2,1,4,23,1,0,0,0
game-432,432,"iron-hyena-pack-pressure","red-hunter-evolution",False,30,1,3,1,5,20,5,13,17,3,0,3,1,0,1,1,0,1,0,0,0,10,4,10,4,3,0,1,0,24,9,11,7,0,0,"red.ancestor.grandmother","iron.ancestor.firstpack",4,0,10,2,12,8,1,5,0,0,0,0,11,0,10,0,0,0,0,15,0,15,0,15,0,2,0,8,30,45,0,0,1,0,7,1,0,0,2,2,5,15,1,0,0,0
game-433,433,"red-hunter-evolution","iron-hyena-pack-pressure",False,17,1,0,3,6,13,9,11,,2,2,0,0,0,0,0,0,0,0,0,0,0,0,0,0,0,0,5,1,6,0,3,0,0,0,"red.ancestor.firsthunter","",0,0,2,0,4,0,5,0,0,0,0,0,4,0,3,0,0,0,0,3,0,3,0,3,0,0,0,3,18,19,0,0,1,0,1,0,0,0,1,1,6,7,1,1,0,0
game-434,434,"red-hunter-evolution","iron-hyena-pack-pressure",False,23,1,1,3,8,14,7,11,21,2,2,0,1,0,1,2,1,1,0,0,0,4,2,4,2,0,1,7,1,5,5,4,3,0,0,"red.ancestor.grandmother","iron.ancestor.firstpack",1,0,4,2,8,4,7,1,0,0,0,0,16,1,9,1,0,0,0,9,0,9,0,9,0,1,0,6,24,31,0,0,3,0,3,0,0,0,2,1,8,13,1,1,0,0
game-435,435,"red-hunter-evolution","iron-hyena-pack-pressure",False,19,1,0,3,4,13,7,9,13,2,1,1,1,0,1,0,0,0,0,0,0,6,0,6,0,0,0,1,1,6,0,3,0,0,0,"red.ancestor.firsthunter","",0,0,2,0,6,0,5,0,0,0,0,0,0,0,0,0,0,0,0,3,0,3,0,3,0,0,0,2,20,21,0,0,1,0,7,0,0,0,1,1,4,5,1,1,0,0
game-436,436,"iron-hyena-pack-pressure","red-hunter-evolution",False,28,1,3,1,4,21,7,10,19,3,1,2,1,0,1,3,0,3,0,0,0,6,20,6,10,1,0,4,0,25,4,10,4,0,0,"red.ancestor.firsthunter","iron.ancestor.smithpassedfang",2,1,6,4,10,10,1,3,0,0,2,0,13,0,6,0,0,0,0,19,0,17,0,17,0,4,0,9,28,45,0,0,2,0,5,2,0,0,2,2,4,17,1,0,0,0
game-437,437,"iron-hyena-pack-pressure","red-hunter-evolution",False,20,1,3,0,4,12,7,10,,2,2,0,0,0,0,2,0,2,0,0,0,0,4,0,4,0,0,3,1,17,7,6,4,0,0,"red.ancestor.grandmother","iron.ancestor.firstpack",2,0,6,2,6,5,0,3,1,0,0,0,3,0,3,0,0,0,0,9,0,9,0,9,0,3,0,5,20,29,0,0,2,0,2,0,0,0,1,1,4,,1,0,0,0
game-438,438,"iron-hyena-pack-pressure","red-hunter-evolution",False,18,1,3,0,4,12,5,10,,0,0,0,0,0,0,2,0,2,0,0,0,0,6,0,6,0,0,0,0,17,4,6,3,0,0,"red.ancestor.grandmother","iron.ancestor.smithpassedfang",1,2,4,6,6,5,0,5,0,0,2,0,0,0,0,0,0,0,0,6,0,6,0,6,0,1,0,5,18,24,0,0,1,0,1,2,0,0,1,1,4,,1,0,0,0
game-439,439,"red-hunter-evolution","iron-hyena-pack-pressure",False,33,1,2,3,6,8,5,12,19,3,2,1,1,0,1,3,1,2,0,0,0,6,6,6,6,0,0,7,1,28,13,10,10,0,0,"red.ancestor.grandmother","iron.ancestor.firstpack",1,0,4,2,14,12,7,0,0,0,0,0,3,0,3,0,0,0,0,19,0,19,0,19,0,2,0,13,34,51,0,0,2,0,18,1,0,0,3,2,6,15,1,1,0,0
game-440,440,"iron-hyena-pack-pressure","red-hunter-evolution",False,24,1,3,0,4,15,7,11,,3,1,2,0,0,0,2,0,2,0,0,0,6,6,6,6,1,0,5,0,26,4,9,3,0,0,"red.ancestor.firsthunter","iron.ancestor.firstpack",4,0,10,2,8,5,0,2,0,0,0,0,3,0,3,0,0,0,0,10,0,10,0,10,0,4,0,8,24,34,0,0,0,0,3,3,0,0,1,1,4,5,1,0,0,0
game-441,441,"red-hunter-evolution","iron-hyena-pack-pressure",False,21,1,2,3,4,12,9,9,17,2,1,1,1,0,1,1,1,0,0,0,0,4,0,4,0,2,1,1,3,10,6,4,4,0,0,"red.ancestor.firsthunter","iron.ancestor.firstpack",1,0,4,2,6,4,5,0,0,0,0,0,8,0,6,0,0,0,0,10,0,10,0,10,0,1,0,6,22,30,0,0,1,0,6,0,0,0,1,1,4,11,1,1,0,0
game-442,442,"red-hunter-evolution","iron-hyena-pack-pressure",False,17,1,0,3,3,5,9,11,,2,2,0,0,0,0,0,0,0,0,0,0,0,0,0,0,0,0,5,1,5,2,2,1,0,0,"red.ancestor.firsthunter","iron.ancestor.firstpack",0,0,2,2,4,3,4,0,0,0,0,0,7,0,5,0,0,0,0,3,0,3,0,3,0,0,0,3,18,19,0,0,1,0,2,1,0,0,1,1,4,3,1,1,0,0
game-443,443,"red-hunter-evolution","iron-hyena-pack-pressure",False,35,1,1,3,4,14,7,9,29,4,3,1,1,0,1,3,1,2,0,0,0,6,6,6,6,0,0,1,2,32,1,13,1,0,0,"red.ancestor.firsthunter","iron.ancestor.smithpassedfang",3,0,8,2,14,10,6,1,0,0,5,0,3,2,2,2,0,0,0,14,0,14,0,14,0,2,0,12,36,48,0,0,1,0,11,0,0,0,3,2,4,5,1,1,0,0
game-444,444,"red-hunter-evolution","iron-hyena-pack-pressure",False,19,1,0,3,4,13,7,9,19,2,2,0,1,0,1,0,0,0,0,0,0,2,0,1,0,0,0,2,2,6,0,3,0,0,0,"red.ancestor.firsthunter","",0,0,2,0,6,0,6,0,0,0,0,0,0,0,0,0,0,0,0,6,0,6,0,6,0,0,0,5,20,24,0,0,0,0,6,0,0,0,1,1,4,11,1,1,0,0
game-445,445,"red-hunter-evolution","iron-hyena-pack-pressure",False,19,1,1,3,4,13,9,11,,2,2,0,0,0,0,1,0,1,0,0,0,0,4,0,4,0,0,7,0,7,5,3,3,0,0,"red.ancestor.firsthunter","iron.ancestor.firstpack",0,0,2,2,5,3,6,0,0,0,0,0,9,0,7,0,0,0,0,8,0,8,0,8,0,0,0,5,20,26,0,0,2,0,4,1,0,0,1,1,4,5,1,1,0,0
game-446,446,"red-hunter-evolution","iron-hyena-pack-pressure",False,21,1,1,3,4,13,7,11,17,2,2,0,1,0,1,1,1,0,0,0,0,2,0,2,0,0,0,5,1,4,1,2,1,0,0,"red.ancestor.firsthunter","iron.ancestor.firstpack",0,0,2,2,7,2,5,0,0,0,0,0,7,1,5,1,0,0,0,7,0,7,0,7,0,1,0,5,22,27,0,0,1,0,4,1,1,0,1,1,4,9,1,1,0,0
game-447,447,"red-hunter-evolution","iron-hyena-pack-pressure",False,21,1,1,3,4,7,9,13,19,2,2,0,1,0,1,0,0,0,0,0,0,4,0,4,0,1,0,6,0,6,9,3,5,0,0,"red.ancestor.firsthunter","iron.ancestor.firstpack",0,0,2,2,6,5,5,0,0,0,0,0,11,1,8,1,0,0,0,7,0,7,0,7,0,1,0,5,22,27,0,0,2,0,4,1,0,0,1,1,4,7,1,1,0,0
game-448,448,"red-hunter-evolution","iron-hyena-pack-pressure",False,37,1,1,3,5,23,5,9,23,4,2,2,1,0,1,4,1,3,0,0,0,10,6,10,6,1,1,4,0,38,4,14,3,0,0,"red.ancestor.firsthunter","iron.ancestor.firstpack",4,2,10,6,16,13,6,1,1,0,2,0,11,2,8,2,0,0,0,11,0,11,0,11,0,3,0,9,38,47,0,0,4,0,9,0,1,0,4,2,5,11,1,1,0,0
game-449,449,"iron-hyena-pack-pressure","red-hunter-evolution",False,47,1,3,1,4,17,7,9,17,7,4,3,1,0,1,5,2,3,0,0,0,10,6,10,6,4,0,7,4,55,20,21,12,0,0,"red.ancestor.firsthunter","iron.ancestor.firstpack",8,0,18,2,20,16,2,6,0,0,0,0,18,1,16,1,0,0,0,21,0,21,0,21,0,3,0,16,48,67,0,0,2,0,7,0,0,0,4,3,4,15,1,0,0,0
game-450,450,"red-hunter-evolution","iron-hyena-pack-pressure",False,21,1,2,3,3,13,7,11,15,2,2,0,1,0,1,1,1,0,0,0,0,2,0,2,0,0,0,6,1,10,2,5,1,0,0,"red.ancestor.firsthunter","iron.ancestor.firstpack",1,0,4,2,7,3,5,0,0,0,0,0,6,0,5,0,0,0,0,8,0,8,0,8,0,0,0,5,22,28,0,0,1,0,4,0,0,0,1,1,4,3,1,1,0,0
game-451,451,"red-hunter-evolution","iron-hyena-pack-pressure",False,19,1,1,3,4,11,9,9,,2,2,0,0,0,0,0,0,0,0,0,0,0,0,0,0,0,0,4,0,9,2,5,1,0,0,"red.ancestor.firsthunter","iron.ancestor.firstpack",0,0,2,2,5,2,6,0,0,0,0,0,5,3,3,2,0,0,0,6,0,6,0,6,0,1,0,4,20,24,0,0,3,0,4,0,1,0,1,1,4,5,1,1,0,0
game-452,452,"red-hunter-evolution","iron-hyena-pack-pressure",False,25,1,0,3,5,15,5,11,21,2,2,0,1,0,1,0,0,0,0,0,0,2,0,2,0,1,0,3,0,13,2,6,1,0,0,"red.ancestor.firsthunter","iron.ancestor.firstpack",2,0,6,2,10,7,6,1,0,0,0,0,4,0,2,0,0,0,0,9,0,9,0,9,0,0,0,7,26,33,0,0,1,0,7,1,0,0,2,1,5,13,1,1,0,0
game-453,453,"iron-hyena-pack-pressure","red-hunter-evolution",False,28,1,3,0,4,22,7,11,,5,3,2,0,0,0,2,1,1,0,0,0,6,2,6,2,1,1,6,2,21,7,8,5,0,0,"red.ancestor.grandmother","iron.ancestor.smithpassedfang",2,1,6,4,10,6,0,4,0,0,1,0,9,0,9,0,0,0,0,17,0,16,0,16,0,1,0,10,28,44,0,0,3,0,4,1,0,0,2,2,4,,1,0,0,0
game-454,454,"red-hunter-evolution","iron-hyena-pack-pressure",False,27,1,1,3,4,9,6,7,17,5,1,4,1,0,1,2,2,0,0,0,0,10,0,9,0,1,0,2,2,11,1,6,1,0,0,"red.ancestor.firsthunter","iron.ancestor.firstpack",1,0,4,2,7,10,5,0,0,0,0,0,0,1,0,1,0,0,0,10,0,10,0,10,0,1,0,9,28,36,0,0,1,0,8,0,0,0,2,1,4,9,1,1,0,0
game-455,455,"red-hunter-evolution","iron-hyena-pack-pressure",False,45,1,2,3,6,17,5,7,39,8,2,6,1,0,1,4,0,4,0,0,0,20,10,20,10,1,0,4,3,40,13,14,9,0,0,"red.ancestor.firsthunter","iron.ancestor.firstpack",6,0,14,2,20,13,4,5,0,0,0,0,18,2,13,2,0,0,0,20,0,20,0,20,0,4,0,14,46,64,0,0,3,0,8,1,1,0,5,3,6,15,1,1,0,0
game-456,456,"iron-hyena-pack-pressure","red-hunter-evolution",False,30,1,3,0,4,12,9,12,,4,3,1,0,0,0,5,2,3,0,0,0,4,8,4,7,0,3,3,1,31,9,10,5,0,0,"red.ancestor.firsthunter","iron.ancestor.firstpack",1,2,4,6,10,10,0,3,0,0,0,0,7,0,7,0,0,0,0,15,0,15,0,15,0,2,0,11,30,45,0,0,3,0,10,4,0,0,2,2,4,,1,0,0,0
game-457,457,"iron-hyena-pack-pressure","red-hunter-evolution",False,18,1,3,1,4,8,6,9,17,1,1,0,1,0,1,2,1,1,0,0,0,2,4,2,3,0,1,2,0,8,5,4,4,0,0,"red.ancestor.firsthunter","iron.ancestor.smithpassedfang",0,1,2,4,5,6,3,0,0,0,0,0,6,4,3,1,0,0,0,9,0,9,0,9,0,3,0,7,18,27,0,0,1,0,2,2,1,0,1,1,4,11,1,0,0,0
game-458,458,"red-hunter-evolution","iron-hyena-pack-pressure",False,25,1,2,3,4,12,9,11,17,2,2,0,1,0,1,1,0,1,0,0,0,2,4,2,4,0,0,4,0,17,10,7,6,0,0,"red.ancestor.firsthunter","iron.ancestor.firstpack",0,0,2,2,8,7,6,0,0,0,0,0,7,4,6,1,0,0,0,9,0,9,0,9,0,2,0,8,26,33,0,0,3,0,5,1,0,0,2,1,4,15,1,1,0,0
game-459,459,"red-hunter-evolution","iron-hyena-pack-pressure",False,21,1,1,3,4,9,6,11,19,3,3,0,1,0,1,2,2,0,0,0,0,2,0,2,0,0,2,8,1,15,5,6,3,0,0,"red.ancestor.firsthunter","iron.ancestor.firstpack",1,0,4,2,7,7,5,1,0,0,0,0,8,0,7,0,0,0,0,6,0,6,0,6,0,0,0,4,22,26,0,0,2,0,4,0,0,0,1,1,4,9,1,1,0,0
game-460,460,"red-hunter-evolution","iron-hyena-pack-pressure",False,21,1,1,3,4,14,5,11,17,2,2,0,1,0,1,1,1,0,0,0,0,2,0,2,0,0,0,6,1,18,7,7,4,0,0,"red.ancestor.firsthunter","iron.ancestor.firstpack",0,0,2,2,8,5,4,0,0,0,0,0,8,0,6,0,0,0,0,6,0,6,0,6,0,0,0,6,22,26,0,0,0,0,4,0,0,0,1,1,4,13,1,1,0,0
game-461,461,"iron-hyena-pack-pressure","red-hunter-evolution",False,26,1,3,1,4,14,5,11,21,2,2,0,1,0,1,2,0,2,0,0,0,2,4,2,3,0,0,3,0,18,11,9,7,0,0,"red.ancestor.firsthunter","iron.ancestor.smithpassedfang",3,1,8,4,10,9,3,3,0,0,2,0,11,1,9,1,0,0,0,13,0,13,0,13,0,3,0,9,26,39,0,0,3,0,6,2,0,0,2,1,4,13,1,0,0,0
game-462,462,"red-hunter-evolution","iron-hyena-pack-pressure",False,21,1,0,3,6,13,9,9,15,2,2,0,1,0,1,1,1,0,0,0,0,2,0,2,0,0,0,2,1,4,2,2,1,0,0,"red.ancestor.firsthunter","iron.ancestor.firstpack",0,0,2,2,6,5,5,0,0,0,0,0,6,0,3,0,0,0,0,4,0,4,0,4,0,0,0,4,22,24,0,0,3,0,5,0,0,0,1,1,6,11,1,1,0,0
game-463,463,"red-hunter-evolution","iron-hyena-pack-pressure",False,31,1,1,3,4,14,6,13,27,3,3,0,1,0,1,2,0,2,0,0,0,2,4,2,4,1,0,7,1,25,13,10,9,0,0,"red.ancestor.grandmother","iron.ancestor.firstpack",4,0,10,2,12,12,6,3,0,0,0,0,7,1,5,1,0,0,0,15,0,15,0,15,0,2,0,11,32,45,0,0,2,0,6,1,0,0,3,2,4,7,1,1,0,0
game-464,464,"iron-hyena-pack-pressure","red-hunter-evolution",False,16,1,3,0,4,9,9,11,,2,2,0,0,0,0,2,0,2,0,0,0,0,8,0,8,0,0,7,0,9,3,4,2,0,0,"red.ancestor.firsthunter","iron.ancestor.firstpack",0,0,2,2,3,3,2,0,0,0,0,0,0,5,0,2,0,0,0,12,0,12,0,12,0,6,0,5,16,28,0,0,1,0,1,0,0,0,1,1,4,,1,0,0,0
game-465,465,"red-hunter-evolution","iron-hyena-pack-pressure",False,17,1,0,3,6,13,5,9,,2,2,0,0,0,0,0,0,0,0,0,0,0,0,0,0,0,0,4,2,4,1,3,1,0,0,"red.ancestor.grandmother","iron.ancestor.firstpack",1,0,4,2,6,1,6,1,0,0,0,0,5,0,3,0,0,0,0,3,0,3,0,3,0,0,0,2,18,19,0,0,0,0,5,1,0,0,1,1,6,11,1,1,0,0
game-466,466,"red-hunter-evolution","iron-hyena-pack-pressure",False,29,1,2,3,4,21,11,9,,4,1,3,0,0,0,2,1,1,0,0,0,8,4,8,4,1,0,3,5,25,7,9,6,0,0,"red.ancestor.firsthunter","iron.ancestor.firstpack",2,2,6,6,9,6,4,1,0,0,0,0,7,2,7,1,0,0,0,12,0,12,0,12,0,2,0,9,30,40,0,0,3,0,6,0,0,0,2,2,4,21,1,1,0,0
game-467,467,"red-hunter-evolution","iron-hyena-pack-pressure",False,25,1,0,3,5,17,5,9,21,3,3,0,1,0,1,0,0,0,0,0,0,2,0,2,0,0,0,3,0,21,2,8,1,0,0,"red.ancestor.firsthunter","iron.ancestor.firstpack",2,0,6,2,10,4,4,1,0,0,0,0,9,0,8,0,0,0,0,8,0,8,0,8,0,0,0,5,26,32,0,0,3,0,6,0,0,0,2,1,5,15,1,1,0,0
game-468,468,"red-hunter-evolution","iron-hyena-pack-pressure",False,53,1,1,3,4,10,9,11,,9,3,6,0,0,0,6,2,4,0,0,0,20,8,16,8,3,2,10,4,55,7,19,5,0,0,"red.ancestor.firsthunter","iron.ancestor.firstpack",7,2,16,6,22,21,8,6,0,0,0,0,12,3,11,3,0,0,0,31,0,31,0,31,0,3,0,21,54,83,0,0,4,0,18,2,0,0,6,3,4,5,1,1,0,0
game-469,469,"iron-hyena-pack-pressure","red-hunter-evolution",False,28,1,3,1,5,10,5,10,27,3,2,1,1,0,1,3,0,3,0,0,0,6,6,6,5,0,0,4,1,27,7,11,5,0,0,"red.ancestor.grandmother","iron.ancestor.firstpack",3,4,8,10,11,9,2,2,0,0,2,0,8,1,8,1,0,0,0,13,0,13,0,13,0,3,0,7,28,41,0,2,2,0,9,1,1,0,2,1,5,23,1,0,0,0
game-470,470,"red-hunter-evolution","iron-hyena-pack-pressure",False,19,1,0,3,4,7,11,11,15,1,1,0,1,0,1,0,0,0,0,0,0,2,0,2,0,0,0,3,0,10,2,4,1,0,0,"red.ancestor.firsthunter","iron.ancestor.firstpack",0,0,2,2,4,1,3,0,0,0,0,0,3,0,3,0,0,0,0,3,0,3,0,3,0,0,0,3,20,21,0,0,3,0,2,0,0,0,1,1,4,5,1,1,0,0
game-471,471,"red-hunter-evolution","iron-hyena-pack-pressure",False,23,1,2,3,4,10,7,10,17,2,2,0,1,0,1,2,0,2,0,0,0,2,4,2,4,0,0,5,0,17,4,7,3,0,0,"red.ancestor.firsthunter","iron.ancestor.firstpack",1,1,4,4,8,6,6,0,0,0,0,0,9,1,5,1,0,0,0,8,0,8,0,8,0,1,0,7,24,30,0,0,2,0,1,2,0,0,2,1,4,5,1,1,0,0
game-472,472,"red-hunter-evolution","iron-hyena-pack-pressure",False,33,1,0,3,4,23,7,11,25,3,2,1,1,0,1,2,2,0,0,0,0,4,0,4,0,0,0,6,5,35,0,13,0,0,0,"red.ancestor.firsthunter","",3,0,8,0,13,0,4,1,0,0,0,0,4,0,4,0,0,0,0,10,0,10,0,10,0,0,0,8,34,42,0,0,2,0,14,1,0,0,3,2,4,21,1,1,0,0
game-473,473,"red-hunter-evolution","iron-hyena-pack-pressure",False,17,1,2,3,4,11,7,9,,2,2,0,0,0,0,2,0,2,0,0,0,0,6,0,6,0,0,3,0,4,1,3,1,0,0,"red.ancestor.grandmother","iron.ancestor.firstpack",1,0,4,2,5,3,5,1,0,0,0,0,4,3,2,2,0,0,0,8,0,8,0,8,0,2,0,5,18,24,0,0,1,0,1,1,1,0,1,1,4,11,1,1,0,0
game-474,474,"iron-hyena-pack-pressure","red-hunter-evolution",False,20,1,3,2,4,8,6,8,,2,2,0,0,0,0,1,0,1,0,0,0,0,4,0,4,0,0,5,1,12,7,4,5,0,0,"red.ancestor.firsthunter","iron.ancestor.firstpack",0,0,2,2,6,7,4,0,0,0,0,0,4,0,4,0,0,0,0,8,0,8,0,8,0,0,0,7,20,28,0,0,0,0,3,1,0,0,1,1,4,15,1,0,0,0
game-475,475,"red-hunter-evolution","iron-hyena-pack-pressure",False,45,1,2,3,4,13,7,11,33,6,1,5,1,0,1,5,1,4,0,0,0,14,10,12,10,0,0,7,5,50,16,18,11,0,0,"red.ancestor.firsthunter","iron.ancestor.firstpack",2,0,6,2,19,12,7,1,0,0,0,0,9,3,9,3,0,0,0,24,0,24,0,24,0,4,0,15,46,68,0,0,2,0,14,1,1,0,4,3,4,5,1,1,0,0
game-476,476,"iron-hyena-pack-pressure","red-hunter-evolution",False,26,1,3,2,4,12,5,8,,3,2,1,0,0,0,3,1,2,0,0,0,4,4,4,4,0,1,8,1,21,8,9,5,0,0,"red.ancestor.grandmother","iron.ancestor.firstpack",3,2,8,6,10,10,2,4,0,0,0,0,5,0,4,0,0,0,0,15,0,15,0,15,0,4,0,10,26,41,0,0,2,0,4,3,0,0,2,1,4,15,1,0,0,0
game-477,477,"red-hunter-evolution","iron-hyena-pack-pressure",False,23,1,0,3,4,15,9,11,19,3,3,0,1,0,1,0,0,0,0,0,0,2,0,2,0,0,0,5,2,11,2,5,1,0,0,"red.ancestor.firsthunter","iron.ancestor.firstpack",2,0,6,2,7,2,3,1,0,0,0,0,9,0,8,0,0,0,0,6,0,6,0,6,0,0,0,5,24,28,0,0,1,0,3,0,0,0,1,1,4,5,1,1,0,0
game-478,478,"red-hunter-evolution","iron-hyena-pack-pressure",False,37,1,2,3,4,8,7,6,17,4,2,2,1,0,1,5,3,2,0,0,0,8,6,8,5,1,2,7,0,32,16,12,12,0,0,"red.ancestor.grandmother","iron.ancestor.firstpack",1,0,4,2,15,14,10,1,0,0,0,0,5,4,4,2,0,2,0,23,0,23,0,23,0,3,0,15,38,59,0,0,2,0,15,2,0,0,4,2,4,15,1,1,0,0
game-479,479,"iron-hyena-pack-pressure","red-hunter-evolution",False,20,1,3,0,10,12,5,12,,2,2,0,0,0,0,1,0,1,0,0,0,0,4,0,3,0,0,9,0,13,6,7,4,0,0,"red.ancestor.firsthunter","iron.ancestor.firstpack",4,0,10,2,7,4,0,1,0,0,0,0,4,0,4,0,0,0,0,12,0,12,0,12,0,3,0,6,20,32,0,0,1,0,1,0,0,0,1,1,10,,1,0,0,0
game-480,480,"red-hunter-evolution","iron-hyena-pack-pressure",False,17,1,1,3,4,13,7,9,,2,0,2,0,0,0,0,0,0,0,0,0,4,0,4,0,1,0,1,0,8,5,3,3,0,0,"red.ancestor.firsthunter","iron.ancestor.firstpack",0,0,2,2,5,4,4,0,0,0,0,0,5,0,4,0,0,0,0,6,0,6,0,6,0,0,0,4,18,22,0,0,2,0,5,0,0,0,1,1,4,11,1,1,0,0
game-481,481,"iron-hyena-pack-pressure","red-hunter-evolution",False,22,1,3,1,4,12,5,13,,2,2,0,0,0,0,2,1,1,0,0,0,0,2,0,2,0,1,5,0,14,6,7,4,0,0,"red.ancestor.firsthunter","iron.ancestor.firstpack",2,0,6,2,8,6,4,1,0,0,0,0,1,1,1,1,0,0,0,11,0,10,0,10,0,1,0,5,22,32,0,0,2,0,0,1,0,0,1,1,4,17,1,0,0,0
game-482,482,"iron-hyena-pack-pressure","red-hunter-evolution",False,20,1,3,0,4,14,7,11,,2,2,0,0,0,0,1,0,1,0,0,0,0,2,0,2,0,0,7,0,16,4,7,3,0,0,"red.ancestor.firsthunter","iron.ancestor.firstpack",0,0,2,2,6,4,2,0,0,0,0,0,4,2,3,2,0,0,0,9,0,9,0,9,0,3,0,5,20,29,0,0,3,0,2,1,0,0,1,1,4,5,1,0,0,0
game-483,483,"iron-hyena-pack-pressure","red-hunter-evolution",False,20,1,3,1,4,10,5,11,19,2,2,0,1,0,1,1,0,1,0,0,0,2,6,2,4,0,0,6,0,14,7,7,4,0,0,"red.ancestor.firsthunter","iron.ancestor.firstpack",2,0,6,2,7,6,2,0,0,0,0,0,3,0,3,0,0,0,0,10,0,10,0,10,0,3,0,6,20,30,0,0,1,0,1,0,0,0,1,1,4,13,1,0,0,0
game-484,484,"red-hunter-evolution","iron-hyena-pack-pressure",False,27,1,2,3,4,14,7,6,15,3,1,2,1,0,1,3,0,3,0,0,0,16,10,6,10,1,0,5,1,11,9,5,6,0,0,"red.ancestor.firsthunter","iron.ancestor.firstpack",2,0,6,2,10,7,6,1,0,0,0,0,7,2,6,2,0,0,0,13,0,13,0,13,0,3,0,8,28,39,0,0,3,0,5,0,2,0,2,1,4,13,1,1,0,0
game-485,485,"red-hunter-evolution","iron-hyena-pack-pressure",False,31,1,1,3,6,23,7,9,,4,4,0,0,0,0,2,2,0,0,0,0,0,0,0,0,1,0,1,2,18,0,9,0,0,0,"red.ancestor.firsthunter","",5,0,12,0,12,0,5,1,2,0,0,0,4,0,4,0,0,0,0,11,0,11,0,11,0,0,0,7,32,41,0,0,3,0,12,0,0,0,3,2,6,21,1,1,0,0
game-486,486,"red-hunter-evolution","iron-hyena-pack-pressure",False,39,1,2,3,4,15,9,11,,6,2,4,0,0,0,4,2,2,0,0,0,8,6,7,6,1,0,5,3,34,17,13,11,0,0,"red.ancestor.firsthunter","iron.ancestor.firstpack",2,0,6,2,15,14,7,0,3,0,0,0,4,3,3,2,0,1,0,25,0,24,0,24,0,4,0,14,40,62,0,0,3,0,10,0,0,0,5,2,4,5,1,1,0,0
game-487,487,"red-hunter-evolution","iron-hyena-pack-pressure",False,19,1,0,3,4,15,9,9,13,2,2,0,1,0,1,1,1,0,0,0,0,2,0,2,0,0,0,3,3,11,2,4,1,0,0,"red.ancestor.firsthunter","iron.ancestor.firstpack",0,0,2,2,5,2,4,0,0,0,0,0,11,0,5,0,0,0,0,4,0,4,0,4,0,0,0,3,20,22,0,0,1,0,4,1,0,0,1,1,4,11,1,1,0,0
game-488,488,"red-hunter-evolution","iron-hyena-pack-pressure",False,29,1,1,3,7,14,5,11,21,4,3,1,1,0,1,2,2,0,0,0,0,6,0,6,0,0,2,6,1,30,9,11,6,0,0,"red.ancestor.firsthunter","iron.ancestor.firstpack",1,0,4,2,12,9,6,0,0,0,0,0,9,0,8,0,0,0,0,10,0,10,0,10,0,0,0,7,30,38,0,0,2,0,6,0,0,0,2,2,7,13,1,1,0,0
game-489,489,"iron-hyena-pack-pressure","red-hunter-evolution",False,26,1,3,0,8,19,5,16,,2,1,1,0,0,0,1,1,0,0,0,0,2,0,2,0,2,1,0,0,20,7,9,5,0,0,"red.ancestor.grandmother","iron.ancestor.firstpack",7,0,16,2,10,5,0,3,0,0,0,0,4,0,4,0,0,0,0,11,0,11,0,11,0,0,0,6,26,37,0,0,2,0,1,1,0,0,2,1,8,,1,0,0,0
game-490,490,"iron-hyena-pack-pressure","red-hunter-evolution",False,22,1,3,0,6,14,5,12,17,2,1,1,1,0,1,2,0,2,0,0,0,4,6,4,6,1,0,5,0,13,7,6,5,0,0,"red.ancestor.grandmother","iron.ancestor.firstpack",3,0,8,2,8,5,2,1,0,0,0,0,5,1,5,1,0,0,0,13,0,13,0,13,0,3,0,7,22,35,0,0,3,0,3,0,0,0,1,1,6,15,1,0,0,0
game-491,491,"iron-hyena-pack-pressure","red-hunter-evolution",False,18,1,3,0,6,10,5,8,,2,2,0,0,0,0,2,0,2,0,0,0,0,6,0,4,0,1,3,0,17,6,7,5,0,0,"red.ancestor.firsthunter","iron.ancestor.firstpack",2,0,6,2,6,5,0,1,0,0,0,0,3,0,3,0,0,0,0,10,0,10,0,10,0,2,0,6,18,28,0,0,1,0,1,1,0,0,1,1,6,,1,0,0,0
game-492,492,"red-hunter-evolution","iron-hyena-pack-pressure",False,41,1,2,3,6,14,5,11,29,6,2,4,1,0,1,5,1,4,0,0,0,14,8,14,8,0,0,7,3,42,13,14,10,0,0,"red.ancestor.firsthunter","iron.ancestor.firstpack",4,0,10,2,18,14,4,4,0,0,0,0,8,1,7,1,0,0,0,22,0,22,0,22,0,3,0,15,42,62,0,0,3,0,17,1,0,0,4,3,6,25,1,1,0,0
game-493,493,"red-hunter-evolution","iron-hyena-pack-pressure",False,19,1,0,3,4,13,9,7,,2,1,1,0,0,0,1,0,1,0,0,0,2,4,2,4,0,0,3,1,13,2,5,1,0,0,"red.ancestor.firsthunter","iron.ancestor.firstpack",2,0,6,2,5,2,3,1,0,0,0,0,2,0,2,0,0,0,0,6,0,6,0,6,0,1,0,3,20,24,0,0,1,0,3,1,0,0,1,1,4,13,1,1,0,0
game-494,494,"red-hunter-evolution","iron-hyena-pack-pressure",False,29,1,2,3,8,16,5,13,21,3,2,1,1,0,1,1,0,1,0,0,0,4,2,4,2,0,1,8,1,25,1,12,1,0,0,"red.ancestor.grandmother","iron.ancestor.smithpassedfang",3,0,8,2,12,6,6,1,0,0,2,0,8,1,8,1,0,0,0,10,0,10,0,10,0,1,0,7,30,38,0,0,3,0,8,0,0,0,2,2,8,15,1,1,0,0
game-495,495,"red-hunter-evolution","iron-hyena-pack-pressure",False,35,1,1,3,4,15,11,16,25,5,2,3,1,0,1,3,1,2,0,0,0,8,4,8,4,5,1,0,2,36,16,12,10,0,0,"red.ancestor.firsthunter","iron.ancestor.firstpack",4,0,10,2,12,11,5,1,0,0,0,0,3,1,3,1,0,0,0,15,0,15,0,15,0,2,0,13,36,49,0,0,3,0,12,0,0,0,3,2,4,7,1,1,0,0
game-496,496,"iron-hyena-pack-pressure","red-hunter-evolution",False,20,1,3,1,6,10,7,8,,2,2,0,0,0,0,2,0,2,0,0,0,0,6,0,6,0,0,6,0,13,5,5,4,0,0,"red.ancestor.firsthunter","iron.ancestor.firstpack",0,0,2,2,6,3,3,0,0,0,0,0,4,1,4,1,0,0,0,11,0,10,0,10,0,1,0,7,20,30,0,0,1,0,2,1,0,0,1,1,6,15,1,0,0,0
game-497,497,"red-hunter-evolution","iron-hyena-pack-pressure",False,17,1,1,3,3,11,7,9,17,2,2,0,1,0,1,0,0,0,0,0,0,2,0,2,0,0,0,4,0,7,1,3,1,0,0,"red.ancestor.firsthunter","iron.ancestor.firstpack",0,0,2,2,5,2,3,0,0,0,0,0,3,4,2,1,0,0,0,10,0,9,0,9,0,3,0,4,18,25,0,0,1,0,1,0,1,0,1,1,6,3,1,1,0,0
game-498,498,"red-hunter-evolution","iron-hyena-pack-pressure",False,27,1,1,3,4,17,7,13,,2,2,0,0,0,0,1,0,1,0,0,0,0,2,0,2,1,0,6,1,22,2,11,1,0,0,"red.ancestor.grandmother","iron.ancestor.firstpack",4,0,10,2,10,4,8,2,0,0,0,0,9,1,6,1,0,0,0,9,0,9,0,9,0,1,0,6,28,35,0,0,0,0,6,0,0,0,2,1,4,15,1,1,0,0
game-499,499,"red-hunter-evolution","iron-hyena-pack-pressure",False,17,1,0,3,4,9,11,11,,2,2,0,0,0,0,0,0,0,0,0,0,0,0,0,0,0,0,7,2,4,0,3,0,0,0,"red.ancestor.firsthunter","",1,0,4,0,3,0,2,2,0,0,0,0,7,0,3,0,0,0,0,2,0,2,0,2,0,0,0,2,18,18,0,0,1,0,0,0,0,0,1,1,4,5,1,1,0,0
game-500,500,"iron-hyena-pack-pressure","red-hunter-evolution",False,26,1,3,1,4,17,7,11,,4,3,1,0,0,0,2,1,1,0,0,0,2,4,2,4,1,1,3,0,17,8,7,5,0,0,"red.ancestor.firsthunter","iron.ancestor.firstpack",2,0,6,2,9,5,0,2,0,0,0,0,8,1,8,1,0,0,0,16,0,14,0,14,0,0,0,8,26,40,0,0,2,0,4,0,0,0,2,1,4,15,1,0,0,0
game-501,501,"red-hunter-evolution","iron-hyena-pack-pressure",False,21,1,0,3,4,15,5,8,15,2,2,0,1,0,1,1,0,1,0,0,0,2,2,2,2,0,0,7,0,12,2,5,1,0,0,"red.ancestor.firsthunter","iron.ancestor.firstpack",1,0,4,2,8,7,2,0,1,0,0,0,0,0,0,0,0,0,0,5,0,5,0,5,0,1,0,5,22,25,0,0,1,0,5,0,0,0,1,1,4,13,1,1,0,0
game-502,502,"iron-hyena-pack-pressure","red-hunter-evolution",False,18,1,3,0,4,7,10,13,,2,2,0,0,0,0,1,1,0,0,0,0,0,0,0,0,0,0,6,1,7,4,3,3,0,0,"red.ancestor.firsthunter","iron.ancestor.firstpack",0,0,2,2,3,4,1,0,0,0,0,0,5,0,4,0,0,0,0,9,0,9,0,9,0,0,0,6,18,27,0,0,2,0,3,0,0,0,1,1,4,17,1,0,0,0
game-503,503,"red-hunter-evolution","iron-hyena-pack-pressure",False,33,1,1,3,4,14,7,11,21,5,3,2,1,0,1,2,1,1,0,0,0,6,2,6,2,3,0,6,1,33,5,12,3,0,0,"red.ancestor.firsthunter","iron.ancestor.firstpack",2,1,6,4,13,12,6,0,0,0,4,0,4,0,4,0,0,0,0,14,0,14,0,14,0,1,0,11,34,46,0,0,2,0,14,3,0,0,3,2,4,19,1,1,0,0
game-504,504,"red-hunter-evolution","iron-hyena-pack-pressure",False,31,1,1,3,4,12,5,13,29,3,2,1,1,0,1,2,1,1,0,0,0,6,2,6,2,1,0,6,1,25,14,9,9,0,0,"red.ancestor.firsthunter","iron.ancestor.firstpack",0,0,2,2,13,10,6,0,0,0,0,0,1,0,1,0,0,0,0,15,0,15,0,15,0,2,0,10,32,45,0,0,2,0,13,1,0,0,3,2,4,23,1,1,0,0
game-505,505,"red-hunter-evolution","iron-hyena-pack-pressure",False,19,1,1,3,8,13,5,9,15,2,2,0,1,0,1,0,0,0,0,0,0,2,0,2,0,0,0,3,1,6,5,3,3,0,0,"red.ancestor.firsthunter","iron.ancestor.firstpack",0,0,2,2,7,4,6,0,0,0,0,0,7,0,5,0,0,0,0,5,0,5,0,5,0,0,0,5,20,23,0,0,0,0,3,0,0,0,1,1,8,11,1,1,0,0
game-506,506,"red-hunter-evolution","iron-hyena-pack-pressure",False,19,1,0,3,4,13,5,6,,2,2,0,0,0,0,2,1,1,0,0,0,0,4,0,4,0,0,7,2,6,2,3,1,0,0,"red.ancestor.firsthunter","iron.ancestor.firstpack",1,0,4,2,7,3,1,6,0,0,0,0,5,0,3,0,0,0,0,3,0,3,0,3,0,1,0,3,20,21,0,0,1,0,3,0,0,0,1,1,4,9,1,1,0,0
game-507,507,"red-hunter-evolution","iron-hyena-pack-pressure",False,25,1,2,3,8,10,5,9,15,2,1,1,1,0,1,1,0,1,0,0,0,4,4,4,4,1,0,2,0,16,6,7,6,0,0,"red.ancestor.firsthunter","iron.ancestor.smithpassedfang",2,1,6,4,10,7,6,1,0,0,1,0,7,4,5,2,0,0,0,13,0,13,0,13,0,3,0,9,26,37,0,0,2,0,6,0,1,0,2,1,8,13,1,1,0,0
game-508,508,"red-hunter-evolution","iron-hyena-pack-pressure",False,17,1,0,3,4,13,7,9,,2,2,0,0,0,0,0,0,0,0,0,0,0,0,0,0,0,0,3,1,6,0,3,0,0,0,"red.ancestor.firsthunter","",0,0,2,0,5,0,6,0,0,0,0,0,0,0,0,0,0,0,0,4,0,4,0,4,0,0,0,4,18,20,0,0,1,0,6,1,0,0,1,1,4,5,1,1,0,0
game-509,509,"red-hunter-evolution","iron-hyena-pack-pressure",False,19,1,1,3,4,10,7,9,15,2,2,0,1,0,1,1,1,0,0,0,0,2,0,2,0,0,1,2,0,8,2,5,1,0,0,"red.ancestor.firsthunter","iron.ancestor.smithpassedfang",1,0,4,2,6,4,5,0,0,0,1,0,6,0,5,0,0,0,0,6,0,6,0,6,0,0,0,5,20,24,0,0,2,0,4,1,0,0,1,1,4,5,1,1,0,0
game-510,510,"red-hunter-evolution","iron-hyena-pack-pressure",False,25,1,2,3,6,12,5,10,19,3,2,1,1,0,1,3,2,1,0,0,0,4,2,4,2,2,0,6,3,14,10,6,6,0,0,"red.ancestor.grandmother","iron.ancestor.firstpack",1,0,4,2,10,8,6,1,0,0,0,0,14,0,10,0,0,0,0,13,0,13,0,13,0,1,0,8,26,37,0,0,2,0,5,2,0,1,2,1,6,15,1,1,0,0
game-511,511,"red-hunter-evolution","iron-hyena-pack-pressure",False,25,1,2,3,6,12,5,8,19,3,2,1,1,0,1,3,1,2,0,0,0,4,4,4,4,0,0,6,4,18,7,8,5,0,0,"red.ancestor.firsthunter","iron.ancestor.firstpack",1,0,4,2,10,7,5,0,0,0,0,0,8,1,7,1,0,0,0,9,0,9,0,9,0,0,0,8,26,33,0,0,3,0,5,0,1,0,2,1,6,13,1,1,0,0
game-512,512,"red-hunter-evolution","iron-hyena-pack-pressure",False,15,1,0,3,3,5,9,9,13,2,2,0,1,0,1,0,0,0,0,0,0,2,0,2,0,0,0,2,2,5,0,2,0,0,0,"red.ancestor.firsthunter","",0,0,2,0,3,0,4,0,0,0,0,0,5,0,5,0,0,0,0,3,0,3,0,3,0,0,0,2,16,17,0,0,0,0,4,0,0,0,1,0,4,3,1,1,0,0
game-513,513,"red-hunter-evolution","iron-hyena-pack-pressure",False,35,1,1,3,4,19,5,13,,4,3,1,0,0,0,4,2,2,0,0,0,4,4,4,4,1,0,6,3,25,2,12,2,0,0,"red.ancestor.grandmother","iron.ancestor.smithpassedfang",6,1,14,4,15,13,7,5,0,0,1,0,6,2,2,2,0,0,0,13,0,13,0,13,0,2,0,9,36,47,0,0,1,0,8,0,0,0,3,2,4,17,1,1,0,0
game-514,514,"red-hunter-evolution","iron-hyena-pack-pressure",False,17,1,1,3,4,7,9,9,,2,1,1,0,0,0,2,1,1,0,0,0,2,2,2,2,1,2,5,1,7,2,4,1,0,0,"red.ancestor.firsthunter","iron.ancestor.firstpack",0,0,2,2,4,2,4,0,0,0,0,0,4,3,2,1,0,0,0,6,0,6,0,6,0,3,0,4,18,22,0,0,1,0,2,0,1,0,1,1,4,5,1,1,0,0
game-515,515,"iron-hyena-pack-pressure","red-hunter-evolution",False,22,1,3,2,8,15,5,11,,2,1,1,0,0,0,2,1,1,0,0,0,2,2,2,2,1,1,4,0,12,6,5,4,0,0,"red.ancestor.firsthunter","iron.ancestor.firstpack",2,0,6,2,8,4,3,3,0,0,0,0,3,5,3,3,0,0,0,12,0,12,0,12,0,2,0,6,22,34,0,0,2,0,5,2,1,0,1,1,8,13,1,0,0,0
game-516,516,"iron-hyena-pack-pressure","red-hunter-evolution",False,26,1,3,0,6,12,5,9,,4,1,3,0,0,0,2,1,1,0,0,0,12,6,8,4,2,0,3,0,22,9,9,6,0,0,"red.ancestor.firsthunter","iron.ancestor.firstpack",4,0,10,2,10,7,0,3,0,0,0,0,8,0,8,0,0,0,0,18,0,17,0,17,0,4,0,8,26,43,0,0,2,0,5,3,0,0,2,1,6,,1,0,0,0
game-517,517,"red-hunter-evolution","iron-hyena-pack-pressure",False,21,1,1,3,4,12,5,9,15,3,2,1,1,0,1,2,1,1,0,0,0,4,2,4,2,0,0,4,2,13,1,6,1,0,0,"red.ancestor.firsthunter","iron.ancestor.smithpassedfang",1,0,4,2,8,6,3,0,0,0,2,0,3,1,2,1,0,0,0,4,0,4,0,4,0,0,0,4,22,24,0,0,1,0,4,2,0,0,1,1,4,13,1,1,0,0
game-518,518,"iron-hyena-pack-pressure","red-hunter-evolution",False,22,1,3,0,6,12,5,13,,2,2,0,0,0,0,1,1,0,0,0,0,0,0,0,0,1,1,5,0,19,6,8,4,0,0,"red.ancestor.firsthunter","iron.ancestor.firstpack",5,0,12,2,8,5,0,3,0,0,0,0,5,0,4,0,0,0,0,9,0,9,0,9,0,0,0,5,22,31,0,0,1,0,1,0,0,0,1,1,6,,1,0,0,0
game-519,519,"iron-hyena-pack-pressure","red-hunter-evolution",False,36,1,3,2,4,14,7,11,,5,3,2,0,0,0,3,0,3,0,0,0,4,8,4,8,0,1,6,1,41,16,13,10,0,0,"red.ancestor.grandmother","iron.ancestor.firstpack",4,0,10,2,14,13,3,4,1,0,0,0,9,1,9,1,0,0,0,21,0,21,0,21,0,3,0,13,36,57,0,0,3,0,7,3,0,0,3,2,4,13,1,0,0,0
game-520,520,"iron-hyena-pack-pressure","red-hunter-evolution",False,34,1,3,2,4,11,9,9,13,5,3,2,1,0,1,2,1,1,0,0,0,14,4,10,4,0,0,2,1,22,16,9,9,0,0,"red.ancestor.firsthunter","iron.ancestor.firstpack",5,2,12,6,12,10,1,5,0,0,1,0,17,0,16,0,0,0,0,25,0,22,0,22,0,2,0,11,34,56,0,0,3,0,10,2,0,0,2,2,4,5,1,0,0,0
game-521,521,"red-hunter-evolution","iron-hyena-pack-pressure",False,23,1,0,3,4,13,7,11,15,2,2,0,1,0,1,2,0,2,0,0,0,2,6,2,6,0,0,3,1,9,5,4,3,0,0,"red.ancestor.firsthunter","iron.ancestor.firstpack",1,0,4,2,8,4,1,6,0,0,0,0,8,2,7,2,0,0,0,8,0,8,0,8,0,2,0,6,24,30,0,0,3,0,6,0,2,0,1,1,4,5,1,1,0,0
game-522,522,"red-hunter-evolution","iron-hyena-pack-pressure",False,21,1,2,3,4,15,7,11,,2,2,0,0,0,0,2,1,1,0,0,0,0,4,0,4,0,1,4,0,4,1,3,1,0,0,"red.ancestor.firsthunter","iron.ancestor.firstpack",2,0,6,2,7,2,5,1,0,0,0,0,6,4,3,1,0,0,0,12,0,10,0,10,0,2,0,5,22,30,0,0,2,0,1,0,1,0,1,1,4,5,1,1,0,0
game-523,523,"iron-hyena-pack-pressure","red-hunter-evolution",False,24,1,3,1,4,10,7,10,,3,3,0,0,0,0,3,0,3,0,0,0,0,6,0,5,1,0,7,1,16,9,7,6,0,0,"red.ancestor.firsthunter","iron.ancestor.firstpack",2,0,6,2,8,7,1,1,0,0,0,0,5,1,4,1,0,0,0,12,0,12,0,12,0,3,0,8,24,36,0,0,2,0,4,2,0,0,2,1,4,5,1,0,0,0
game-524,524,"red-hunter-evolution","iron-hyena-pack-pressure",False,23,1,1,3,4,13,11,11,,2,0,2,0,0,0,2,1,1,0,0,0,4,2,4,2,3,1,0,4,13,2,6,1,0,0,"red.ancestor.firsthunter","iron.ancestor.firstpack",3,0,8,2,6,1,3,1,0,0,0,0,3,1,2,1,0,0,0,5,0,5,0,5,0,1,0,4,24,27,0,0,0,0,5,0,0,0,2,1,4,5,1,1,0,0
game-525,525,"iron-hyena-pack-pressure","red-hunter-evolution",False,20,1,3,0,5,10,5,15,,2,1,1,0,0,0,1,0,1,0,0,0,4,4,4,4,0,0,2,0,14,6,5,4,0,0,"red.ancestor.grandmother","iron.ancestor.firstpack",1,0,4,2,7,5,2,1,0,0,0,0,2,0,2,0,0,0,0,13,0,12,0,12,0,3,0,7,20,32,0,0,2,0,1,0,0,0,1,1,5,17,1,0,0,0
game-526,526,"red-hunter-evolution","iron-hyena-pack-pressure",False,29,1,2,3,4,18,9,13,21,3,1,2,1,0,1,3,1,2,0,0,0,12,6,6,6,1,0,6,1,14,7,6,5,0,0,"red.ancestor.firsthunter","iron.ancestor.firstpack",2,0,6,2,10,7,6,1,0,0,0,0,9,1,8,1,0,0,0,14,0,14,0,14,0,2,0,8,30,42,0,0,2,0,7,1,1,0,2,2,4,15,1,1,0,0
game-527,527,"iron-hyena-pack-pressure","red-hunter-evolution",False,20,1,3,0,4,10,5,9,,2,1,1,0,0,0,2,0,2,0,0,0,2,22,2,8,1,0,3,0,10,6,4,4,0,0,"red.ancestor.firsthunter","iron.ancestor.firstpack",1,0,4,2,7,5,1,2,0,0,0,0,3,0,3,0,0,0,0,15,0,14,0,14,0,5,0,7,20,34,0,0,2,0,2,0,0,0,1,1,4,17,1,0,0,0
game-528,528,"red-hunter-evolution","iron-hyena-pack-pressure",False,21,1,2,3,4,13,7,11,,1,1,0,0,0,0,1,1,0,0,0,0,0,0,0,0,0,1,6,3,6,1,4,1,0,0,"red.ancestor.firsthunter","iron.ancestor.firstpack",2,0,6,2,7,4,4,0,2,0,0,0,3,2,2,2,0,0,0,7,0,7,0,7,0,2,0,5,22,27,0,0,3,0,2,1,2,0,1,1,4,5,1,1,0,0
game-529,529,"iron-hyena-pack-pressure","red-hunter-evolution",False,24,1,3,2,4,11,9,9,15,2,2,0,1,0,1,1,0,1,0,0,0,2,2,2,2,0,0,4,0,12,7,6,5,0,0,"red.ancestor.firsthunter","iron.ancestor.firstpack",2,0,6,2,7,6,3,1,0,0,0,0,12,0,8,0,0,0,0,18,0,16,0,16,0,4,0,8,24,40,0,0,1,0,2,0,0,0,2,1,4,7,1,0,0,0
game-530,530,"red-hunter-evolution","iron-hyena-pack-pressure",False,33,1,1,3,8,12,5,9,,5,3,2,0,0,0,3,2,1,0,0,0,12,2,8,2,2,0,4,3,25,2,12,1,0,0,"red.ancestor.firsthunter","iron.ancestor.firstpack",2,0,6,2,14,10,8,0,2,0,0,0,2,2,1,2,0,0,0,13,0,13,0,13,0,1,0,11,34,45,0,0,2,0,13,2,0,0,3,2,8,15,1,1,0,0
game-531,531,"red-hunter-evolution","iron-hyena-pack-pressure",False,17,1,0,3,4,11,9,11,15,2,2,0,1,0,1,1,1,0,0,0,0,2,0,2,0,1,0,7,1,3,0,2,0,0,0,"red.ancestor.firsthunter","",0,0,2,0,4,0,5,0,0,0,0,0,12,0,6,0,0,0,0,4,0,4,0,4,0,0,0,3,18,20,0,0,1,0,3,0,0,0,1,1,4,5,1,1,0,0
game-532,532,"red-hunter-evolution","iron-hyena-pack-pressure",False,29,1,2,3,3,16,9,11,23,4,2,2,1,0,1,2,0,2,0,0,0,6,10,5,6,1,0,6,1,22,5,8,4,0,0,"red.ancestor.firsthunter","iron.ancestor.firstpack",0,0,2,2,10,5,6,0,0,0,0,0,11,1,7,1,0,0,0,15,0,15,0,15,0,5,0,9,30,43,0,0,2,0,8,1,0,0,2,2,4,3,1,1,0,0
game-533,533,"red-hunter-evolution","iron-hyena-pack-pressure",False,17,1,0,3,8,11,7,7,13,2,1,1,1,0,1,0,0,0,0,0,0,4,0,4,0,0,0,0,2,2,0,1,0,0,0,"red.ancestor.firsthunter","",0,0,2,0,5,0,4,0,0,0,0,0,6,0,6,0,0,0,0,4,0,4,0,4,0,0,0,3,18,20,0,0,1,0,5,0,0,0,1,1,8,9,1,1,0,0
game-534,534,"red-hunter-evolution","iron-hyena-pack-pressure",False,17,1,0,3,8,13,5,9,,2,1,1,0,0,0,0,0,0,0,0,0,2,0,2,0,0,0,3,0,4,2,2,1,0,0,"red.ancestor.grandmother","iron.ancestor.firstpack",1,0,4,2,6,2,6,0,0,0,0,0,9,0,5,0,0,0,0,4,0,4,0,4,0,0,0,3,18,20,0,0,1,0,3,0,0,0,1,1,8,11,1,1,0,0
game-535,535,"red-hunter-evolution","iron-hyena-pack-pressure",False,25,1,0,3,4,13,11,11,,4,2,2,0,0,0,1,0,1,0,0,0,4,4,4,4,2,0,3,1,12,1,6,1,0,0,"red.ancestor.firsthunter","iron.ancestor.smithpassedfang",4,0,10,2,7,5,5,1,2,0,0,0,2,1,1,1,0,0,0,5,0,5,0,5,0,1,0,4,26,29,0,1,2,0,5,0,0,0,2,1,4,7,1,1,0,0
game-536,536,"red-hunter-evolution","iron-hyena-pack-pressure",False,43,1,1,3,4,12,8,12,,7,2,5,0,0,0,5,2,3,0,0,0,14,6,14,6,1,1,7,3,32,6,14,4,0,0,"red.ancestor.grandmother","iron.ancestor.firstpack",3,1,8,4,17,17,11,2,0,0,5,0,4,2,4,2,0,0,0,21,0,21,0,21,0,4,0,16,44,63,0,0,3,0,16,0,0,0,5,3,4,29,1,1,0,0
game-537,537,"red-hunter-evolution","iron-hyena-pack-pressure",False,35,1,2,3,4,19,7,13,21,5,2,3,1,0,1,3,1,2,0,0,0,10,6,10,6,1,1,9,4,37,7,14,5,0,0,"red.ancestor.firsthunter","iron.ancestor.firstpack",0,0,2,2,14,7,8,0,0,0,0,0,9,2,9,2,0,0,0,13,0,13,0,13,0,3,0,9,36,47,0,0,1,0,9,0,0,0,3,2,4,5,1,1,0,0
game-538,538,"red-hunter-evolution","iron-hyena-pack-pressure",False,23,1,2,3,4,12,7,9,15,3,2,1,1,0,1,2,0,2,0,0,0,4,4,3,4,1,1,3,1,17,5,8,4,0,0,"red.ancestor.firsthunter","iron.ancestor.firstpack",0,1,2,4,8,5,6,0,0,0,0,0,3,5,3,3,0,0,0,8,0,8,0,8,0,4,0,6,24,30,0,0,1,0,4,2,2,1,1,1,4,13,1,1,0,0
game-539,539,"iron-hyena-pack-pressure","red-hunter-evolution",False,20,1,3,0,6,13,7,11,15,2,2,0,1,0,1,1,0,1,0,0,0,2,4,2,2,0,0,3,0,14,7,5,4,0,0,"red.ancestor.firsthunter","iron.ancestor.firstpack",1,0,4,2,6,5,1,2,0,0,0,0,6,0,5,0,0,0,0,11,0,11,0,11,0,1,0,6,20,31,0,0,2,0,2,1,0,0,1,1,6,13,1,0,0,0
game-540,540,"red-hunter-evolution","iron-hyena-pack-pressure",False,43,1,2,3,4,14,10,9,39,5,1,4,1,0,1,5,2,3,0,0,0,10,10,10,10,0,2,5,1,49,19,14,13,0,0,"red.ancestor.firsthunter","iron.ancestor.firstpack",4,0,10,2,16,16,6,2,0,0,0,0,6,0,6,0,0,0,0,23,0,23,0,23,0,3,0,16,44,65,0,0,2,0,14,1,0,0,4,3,4,33,1,1,0,0
game-541,541,"red-hunter-evolution","iron-hyena-pack-pressure",False,17,1,0,3,4,7,9,9,,3,3,0,0,0,0,0,0,0,0,0,0,0,0,0,0,0,1,6,0,3,0,2,0,0,0,"red.ancestor.firsthunter","",0,0,2,0,4,0,4,0,0,0,0,0,6,0,5,0,0,0,0,4,0,4,0,4,0,0,0,4,18,20,0,0,1,0,3,0,0,0,1,1,4,5,1,1,0,0
game-542,542,"red-hunter-evolution","iron-hyena-pack-pressure",False,23,1,0,3,6,19,9,13,17,2,1,1,1,0,1,1,1,0,0,0,0,4,0,4,0,1,0,3,2,16,3,7,2,0,0,"red.ancestor.firsthunter","iron.ancestor.firstpack",0,1,2,4,7,3,5,0,0,0,0,0,6,0,4,0,0,0,0,5,0,5,0,5,0,0,0,4,24,27,0,0,0,0,5,0,0,0,2,1,6,15,1,1,0,0
game-543,543,"red-hunter-evolution","iron-hyena-pack-pressure",False,35,1,2,3,3,5,9,9,19,6,3,3,1,0,1,3,1,2,0,0,0,14,6,9,6,1,1,5,3,31,1,12,1,0,0,"red.ancestor.firsthunter","iron.ancestor.firstpack",3,0,8,2,13,10,3,1,0,0,0,0,12,3,10,1,0,2,0,17,0,17,0,17,0,2,0,12,36,51,0,0,0,0,10,3,0,0,3,2,4,3,1,1,0,0
game-544,544,"red-hunter-evolution","iron-hyena-pack-pressure",False,25,1,2,3,6,14,7,13,21,2,1,1,1,0,1,1,1,0,0,0,0,4,0,4,0,0,0,2,1,7,5,4,4,0,0,"red.ancestor.firsthunter","iron.ancestor.firstpack",2,2,6,6,9,8,4,2,0,0,0,0,10,3,6,2,0,0,0,10,0,10,0,10,0,2,0,6,26,34,0,0,3,0,8,1,1,0,2,1,6,17,1,1,0,0
game-545,545,"iron-hyena-pack-pressure","red-hunter-evolution",False,26,1,3,2,4,15,6,11,21,3,2,1,1,0,1,2,1,1,0,0,0,4,4,4,2,3,0,6,1,16,5,8,4,0,0,"red.ancestor.firsthunter","iron.ancestor.firstpack",4,1,10,4,9,10,2,3,0,0,1,0,6,0,5,0,0,0,0,17,0,17,0,17,0,5,0,9,26,43,0,0,3,0,3,1,0,0,2,1,4,13,1,0,0,0
game-546,546,"iron-hyena-pack-pressure","red-hunter-evolution",False,28,1,3,2,4,14,5,9,25,4,4,0,1,0,1,2,1,1,0,0,0,2,2,2,2,0,1,4,2,11,10,5,7,0,0,"red.ancestor.firsthunter","iron.ancestor.firstpack",3,2,8,6,11,11,2,7,0,0,0,0,12,1,11,1,0,0,0,18,0,17,0,17,0,3,0,10,28,45,0,0,2,0,4,0,0,0,2,2,4,13,1,0,0,0
game-547,547,"red-hunter-evolution","iron-hyena-pack-pressure",False,17,1,0,3,4,11,9,9,13,2,0,2,1,0,1,0,0,0,0,0,0,6,0,5,0,0,0,1,0,8,0,4,0,0,0,"red.ancestor.firsthunter","",0,0,2,0,4,0,3,0,0,0,0,0,3,0,2,0,0,0,0,3,0,3,0,3,0,0,0,3,18,19,0,0,0,0,2,0,0,0,1,1,4,5,1,1,0,0
game-548,548,"red-hunter-evolution","iron-hyena-pack-pressure",False,19,1,1,3,4,11,7,9,17,2,1,1,1,0,1,0,0,0,0,0,0,4,0,3,0,0,0,2,1,8,3,5,2,0,0,"red.ancestor.firsthunter","iron.ancestor.firstpack",2,1,6,4,6,4,3,1,0,0,1,0,7,0,6,0,0,0,0,5,0,5,0,5,0,0,0,4,20,23,0,0,1,0,3,2,0,0,1,1,4,5,1,1,0,0
game-549,549,"red-hunter-evolution","iron-hyena-pack-pressure",False,23,1,2,3,4,13,7,9,,2,2,0,0,0,0,1,0,1,0,0,0,0,6,0,4,0,0,6,0,7,1,4,1,0,0,"red.ancestor.firsthunter","iron.ancestor.firstpack",2,0,6,2,8,4,2,4,0,0,0,0,6,6,4,4,0,1,0,14,0,13,0,13,0,2,0,7,24,35,0,0,1,0,6,3,1,0,2,1,4,11,1,1,0,0
game-550,550,"iron-hyena-pack-pressure","red-hunter-evolution",False,39,1,3,3,4,17,9,12,19,5,2,3,1,0,1,4,1,3,0,0,0,14,6,14,6,1,1,7,3,43,8,13,5,0,0,"red.ancestor.firsthunter","iron.ancestor.firstpack",0,2,2,6,15,11,5,0,0,0,0,0,16,2,11,1,0,0,0,19,0,19,0,19,0,3,0,14,40,57,0,0,3,0,13,4,1,0,4,2,4,5,1,0,0,0
game-551,551,"red-hunter-evolution","iron-hyena-pack-pressure",False,25,1,2,3,4,10,7,6,,3,2,1,0,0,0,4,1,3,0,0,0,2,6,2,6,1,0,4,0,15,5,8,3,0,0,"red.ancestor.firsthunter","iron.ancestor.firstpack",0,0,2,2,9,7,10,0,0,0,0,0,2,2,1,2,0,0,0,8,0,8,0,8,0,2,0,7,26,32,0,0,3,0,3,1,0,0,2,1,4,9,1,1,0,0
game-552,552,"red-hunter-evolution","iron-hyena-pack-pressure",False,23,1,2,3,4,8,6,9,19,2,2,0,1,0,1,1,1,0,0,0,0,2,0,2,0,0,1,5,0,11,5,6,4,0,0,"red.ancestor.firsthunter","iron.ancestor.firstpack",1,2,4,6,7,8,7,0,0,0,1,0,11,3,9,2,0,0,0,11,0,11,0,11,0,2,0,6,24,33,0,0,1,0,7,2,0,0,2,1,4,11,1,1,0,0
game-553,553,"iron-hyena-pack-pressure","red-hunter-evolution",False,18,1,3,0,4,10,7,11,,1,1,0,0,0,0,1,0,1,0,0,0,0,2,0,2,0,0,3,0,11,6,5,4,0,0,"red.ancestor.firsthunter","iron.ancestor.firstpack",2,0,6,2,5,4,0,1,0,0,0,0,2,0,2,0,0,0,0,10,0,10,0,10,0,2,0,6,18,28,0,0,2,0,1,1,0,0,1,1,4,,1,0,0,0
game-554,554,"red-hunter-evolution","iron-hyena-pack-pressure",False,15,1,0,3,4,11,7,9,,2,2,0,0,0,0,0,0,0,0,0,0,0,0,0,0,0,1,6,1,2,0,2,0,0,0,"red.ancestor.grandmother","",1,0,4,0,4,0,4,1,0,0,0,0,4,0,3,0,0,0,0,3,0,3,0,3,0,0,0,3,16,17,0,0,0,0,1,0,0,0,1,0,4,5,1,1,0,0
game-555,555,"red-hunter-evolution","iron-hyena-pack-pressure",False,23,1,1,3,4,6,5,8,15,2,1,1,1,0,1,3,1,2,0,0,0,4,4,4,4,2,0,5,4,12,3,5,3,0,0,"red.ancestor.firsthunter","iron.ancestor.firstpack",2,0,6,2,9,8,2,4,0,0,0,0,5,1,4,1,0,0,0,7,0,7,0,7,0,2,0,7,24,29,0,0,2,0,5,1,0,0,2,1,4,13,1,1,0,0
game-556,556,"iron-hyena-pack-pressure","red-hunter-evolution",False,18,1,3,0,4,10,5,11,,2,2,0,0,0,0,1,0,1,0,0,0,0,2,0,2,0,0,4,0,17,7,7,5,0,0,"red.ancestor.firsthunter","iron.ancestor.firstpack",2,2,6,6,6,5,0,1,0,0,1,0,3,0,3,0,0,0,0,10,0,10,0,10,0,1,0,6,18,28,0,0,3,0,0,0,0,0,1,1,4,,1,0,0,0
game-557,557,"red-hunter-evolution","iron-hyena-pack-pressure",False,19,1,1,3,6,11,5,9,,2,2,0,0,0,0,1,0,1,0,0,0,0,2,0,2,0,2,4,0,6,3,3,1,0,0,"red.ancestor.firsthunter","iron.ancestor.firstpack",1,0,4,2,7,1,3,0,1,0,0,0,6,3,3,1,0,0,0,5,0,5,0,5,0,2,0,4,20,23,0,0,0,0,1,3,1,0,1,1,6,7,1,1,0,0
game-558,558,"red-hunter-evolution","iron-hyena-pack-pressure",False,23,1,0,3,6,15,5,8,23,2,1,1,1,0,1,1,0,1,0,0,0,4,2,3,2,0,0,7,0,19,0,10,0,0,0,"red.ancestor.firsthunter","",3,0,8,0,9,0,6,1,0,0,0,0,0,0,0,0,0,0,0,5,0,5,0,5,0,0,0,5,24,27,0,0,0,0,4,1,0,0,2,1,6,13,1,1,0,0
game-559,559,"red-hunter-evolution","iron-hyena-pack-pressure",False,25,1,0,3,4,17,5,13,,3,1,2,0,0,0,2,2,0,0,0,0,4,0,4,0,0,0,2,4,11,2,7,1,0,0,"red.ancestor.grandmother","iron.ancestor.firstpack",5,0,12,2,10,9,5,2,1,0,0,0,0,1,0,1,0,0,0,10,0,10,0,10,0,1,0,6,26,34,0,0,1,0,9,1,0,0,2,1,4,15,1,1,0,0
game-560,560,"iron-hyena-pack-pressure","red-hunter-evolution",False,20,1,3,0,4,10,5,9,,2,2,0,0,0,0,2,1,1,0,0,0,0,2,0,2,0,0,2,1,14,8,6,5,0,0,"red.ancestor.grandmother","iron.ancestor.smithpassedfang",2,1,6,4,7,7,1,4,0,0,2,0,4,1,3,1,0,0,0,7,0,7,0,7,0,1,0,4,20,27,0,0,1,0,0,1,0,1,1,1,4,,1,0,0,0
game-561,561,"iron-hyena-pack-pressure","red-hunter-evolution",False,51,1,3,3,8,12,9,7,45,7,1,6,1,0,1,5,2,3,0,0,0,16,8,15,8,2,0,6,4,50,21,18,15,0,0,"red.ancestor.grandmother","iron.ancestor.firstpack",5,0,12,2,21,19,7,3,0,0,0,0,9,2,9,2,0,0,0,25,0,25,0,25,0,3,0,17,52,75,0,0,3,0,20,1,1,0,5,3,8,33,1,0,0,0
game-562,562,"red-hunter-evolution","iron-hyena-pack-pressure",False,19,1,0,3,6,13,5,9,13,2,2,0,1,0,1,0,0,0,0,0,0,2,0,2,0,0,0,3,1,12,2,5,1,0,0,"red.ancestor.firsthunter","iron.ancestor.firstpack",0,0,2,2,7,5,5,0,0,0,0,0,6,0,5,0,0,0,0,4,0,4,0,4,0,0,0,3,20,22,0,0,2,0,4,1,0,0,1,1,6,11,1,1,0,0
game-563,563,"red-hunter-evolution","iron-hyena-pack-pressure",False,21,1,1,3,4,11,7,9,,3,1,2,0,0,0,1,1,0,0,0,0,6,0,4,0,0,1,3,0,11,2,6,1,0,0,"red.ancestor.firsthunter","iron.ancestor.firstpack",0,0,2,2,7,6,5,0,0,0,0,0,0,0,0,0,0,0,0,8,0,8,0,8,0,0,0,6,22,28,0,0,1,0,8,2,0,0,2,1,4,11,1,1,0,0
game-564,564,"red-hunter-evolution","iron-hyena-pack-pressure",False,17,1,0,3,3,13,9,11,,2,1,1,0,0,0,0,0,0,0,0,0,2,0,2,0,0,0,5,0,7,0,3,0,0,0,"red.ancestor.firsthunter","",1,0,4,0,4,0,1,3,0,0,0,0,11,0,5,0,0,0,0,5,0,5,0,5,0,0,0,3,18,21,0,0,2,0,2,0,0,0,1,1,4,3,1,1,0,0
game-565,565,"red-hunter-evolution","iron-hyena-pack-pressure",False,27,1,2,3,6,16,5,9,25,3,3,0,1,0,1,3,2,1,0,0,0,2,4,2,4,0,1,5,1,17,11,8,6,0,0,"red.ancestor.firsthunter","iron.ancestor.firstpack",3,0,8,2,11,8,7,3,0,0,0,0,12,2,10,2,0,0,0,12,0,12,0,12,0,2,0,8,28,38,0,0,3,0,7,3,0,0,2,1,6,15,1,1,0,0
game-566,566,"red-hunter-evolution","iron-hyena-pack-pressure",False,37,1,1,3,5,16,5,17,35,5,0,5,1,0,1,3,1,2,0,0,0,14,6,12,6,0,0,4,2,36,2,13,1,0,0,"red.ancestor.grandmother","iron.ancestor.firstpack",5,0,12,2,16,10,4,1,4,0,0,0,3,1,3,1,0,0,0,13,0,13,0,13,0,2,0,9,38,49,0,0,0,0,6,0,0,0,3,2,5,13,1,1,0,0
game-567,567,"red-hunter-evolution","iron-hyena-pack-pressure",False,27,1,2,3,4,18,7,12,19,2,2,0,1,0,1,3,1,2,0,0,0,2,6,2,6,0,0,7,5,25,10,10,7,0,0,"red.ancestor.grandmother","iron.ancestor.firstpack",3,0,8,2,10,9,4,3,0,0,0,0,6,1,5,1,0,0,0,12,0,12,0,12,0,2,0,9,28,38,0,0,1,0,4,1,1,0,2,1,4,17,1,1,0,0
game-568,568,"red-hunter-evolution","iron-hyena-pack-pressure",False,35,1,2,3,4,6,6,11,31,5,3,2,1,0,1,5,3,2,0,0,0,8,4,6,4,1,1,6,5,36,6,14,5,0,0,"red.ancestor.grandmother","iron.ancestor.firstpack",3,2,8,6,14,14,6,0,0,0,0,0,3,3,3,3,0,0,0,15,0,15,0,15,0,3,0,12,36,49,0,0,2,0,12,2,2,0,3,2,4,17,1,1,0,0
game-569,569,"red-hunter-evolution","iron-hyena-pack-pressure",False,33,1,1,3,4,10,7,7,23,4,2,2,1,0,1,4,2,2,0,0,0,8,4,8,4,1,0,2,5,33,1,12,1,0,0,"red.ancestor.firsthunter","iron.ancestor.firstpack",5,0,12,2,13,11,7,1,2,0,0,0,1,1,1,1,0,0,0,14,0,14,0,14,0,2,0,10,34,46,0,0,2,0,11,2,0,0,3,2,4,9,1,1,0,0
game-570,570,"iron-hyena-pack-pressure","red-hunter-evolution",False,18,1,3,0,4,12,12,9,,3,2,1,0,0,0,2,0,2,0,0,0,2,6,2,5,0,0,4,0,6,5,3,3,0,0,"red.ancestor.firsthunter","iron.ancestor.firstpack",1,0,4,2,2,3,0,1,0,0,0,0,7,0,6,0,0,0,0,13,0,13,0,13,0,1,0,6,18,31,0,0,1,0,2,1,0,0,1,1,4,,1,0,0,0
game-571,571,"red-hunter-evolution","iron-hyena-pack-pressure",False,33,1,1,3,4,8,5,6,13,5,1,4,1,0,1,3,2,1,0,0,0,16,2,14,2,1,1,1,1,30,1,12,1,0,0,"red.ancestor.firsthunter","iron.ancestor.firstpack",4,0,10,2,14,12,3,1,1,0,0,0,3,0,3,0,0,0,0,16,0,16,0,16,0,1,0,11,34,48,0,0,1,0,12,1,0,0,3,2,4,11,1,1,0,0
game-572,572,"iron-hyena-pack-pressure","red-hunter-evolution",False,24,1,3,0,4,18,9,13,,2,1,1,0,0,0,2,1,1,0,0,0,2,2,2,2,1,0,6,1,22,3,8,2,0,0,"red.ancestor.firsthunter","iron.ancestor.firstpack",2,0,6,2,7,3,0,1,0,0,0,0,4,0,4,0,0,0,0,12,0,12,0,12,0,4,0,7,24,36,0,0,4,0,1,0,0,0,1,1,4,,1,0,0,0
game-573,573,"iron-hyena-pack-pressure","red-hunter-evolution",False,28,1,3,2,4,13,5,9,19,2,2,0,1,0,1,2,1,1,0,0,0,2,2,2,2,0,1,3,3,23,13,8,8,0,0,"red.ancestor.firsthunter","iron.ancestor.firstpack",3,0,8,2,11,9,1,4,0,0,0,0,11,5,10,2,0,0,0,22,0,21,0,21,0,4,0,11,28,49,0,0,3,0,5,1,1,0,2,2,4,11,1,0,0,0
game-574,574,"iron-hyena-pack-pressure","red-hunter-evolution",False,28,1,3,2,4,16,7,12,21,2,2,0,1,0,1,2,0,2,0,0,0,2,8,2,8,0,1,7,0,17,10,9,7,0,0,"red.ancestor.firsthunter","iron.ancestor.firstpack",4,2,10,6,10,10,4,2,0,0,1,0,7,3,7,2,0,0,0,12,0,12,0,12,0,2,0,8,28,40,0,2,2,0,4,1,1,0,2,2,4,15,1,0,0,0
game-575,575,"red-hunter-evolution","iron-hyena-pack-pressure",False,29,1,0,3,4,11,7,10,,1,1,0,0,0,0,2,1,1,0,0,0,0,2,0,2,1,0,1,2,29,0,11,0,0,0,"red.ancestor.firsthunter","",2,0,6,0,11,0,7,1,0,0,0,0,0,1,0,1,0,0,0,7,0,7,0,7,0,1,0,7,30,35,0,0,1,0,10,0,0,0,2,1,4,5,1,1,0,0
game-576,576,"iron-hyena-pack-pressure","red-hunter-evolution",False,26,1,3,0,5,16,5,11,,3,3,0,0,0,0,2,0,2,0,0,0,0,4,0,4,1,0,3,0,20,7,9,5,0,0,"red.ancestor.firsthunter","iron.ancestor.smithpassedfang",6,1,14,4,10,6,0,2,2,0,1,0,7,0,7,0,0,0,0,13,0,13,0,13,0,3,0,8,26,39,0,0,0,0,2,2,0,0,2,2,5,,1,0,0,0
game-577,577,"red-hunter-evolution","iron-hyena-pack-pressure",False,27,1,0,3,10,21,5,16,,2,1,1,0,0,0,2,1,1,0,0,0,2,2,2,2,0,0,0,2,25,0,11,0,0,0,"red.ancestor.grandmother","",3,0,8,0,11,0,4,1,2,0,0,0,0,0,0,0,0,0,0,12,0,12,0,12,0,1,0,8,28,38,0,0,1,0,7,0,0,0,2,1,10,11,1,1,0,0
game-578,578,"iron-hyena-pack-pressure","red-hunter-evolution",False,26,1,3,1,4,12,9,12,23,2,1,1,1,0,1,2,1,1,0,0,0,4,4,4,4,0,1,2,0,16,7,6,5,0,0,"red.ancestor.firsthunter","iron.ancestor.firstpack",3,1,8,4,8,7,2,1,1,0,0,0,5,0,5,0,0,0,0,9,0,9,0,9,0,2,0,6,26,35,0,0,2,0,6,0,0,0,2,1,4,7,1,0,0,0
game-579,579,"red-hunter-evolution","iron-hyena-pack-pressure",False,31,1,1,3,6,16,5,8,29,5,4,1,1,0,1,3,2,1,0,0,0,6,4,6,4,0,0,5,2,26,1,11,1,0,0,"red.ancestor.firsthunter","iron.ancestor.smithpassedfang",4,0,10,2,13,8,6,2,2,0,4,0,2,0,2,0,0,0,0,11,0,11,0,11,0,1,0,9,32,41,0,0,0,0,10,2,0,0,3,2,6,15,1,1,0,0
game-580,580,"red-hunter-evolution","iron-hyena-pack-pressure",False,23,1,0,3,4,15,9,15,19,2,1,1,1,0,1,2,2,0,0,0,0,4,0,4,0,1,0,7,1,9,0,5,0,0,0,"red.ancestor.firsthunter","",1,0,4,0,7,0,8,0,0,0,0,0,0,1,0,1,0,0,0,10,0,10,0,10,0,1,0,6,24,32,0,0,1,0,10,2,0,0,2,1,4,11,1,1,0,0
game-581,581,"red-hunter-evolution","iron-hyena-pack-pressure",False,41,1,0,3,4,21,6,17,29,6,2,4,1,0,1,3,2,1,0,0,0,14,2,14,2,1,0,4,6,43,2,16,1,0,0,"red.ancestor.grandmother","iron.ancestor.firstpack",6,0,14,2,17,17,4,4,0,0,0,0,10,2,8,2,0,0,0,20,0,20,0,20,0,2,0,15,42,60,0,0,2,0,13,0,0,0,4,3,4,7,1,1,0,0
game-582,582,"red-hunter-evolution","iron-hyena-pack-pressure",False,35,1,0,3,4,17,7,13,17,5,2,3,1,0,1,2,2,0,0,0,0,22,0,14,0,1,0,6,4,14,0,7,0,0,0,"red.ancestor.firsthunter","",3,0,8,0,14,0,4,2,0,0,0,0,6,0,5,0,0,0,0,16,0,16,0,16,0,0,0,10,36,50,0,0,2,0,15,1,0,0,3,2,4,5,1,1,0,0
game-583,583,"red-hunter-evolution","iron-hyena-pack-pressure",False,23,1,1,3,4,11,7,7,,2,0,2,0,0,0,3,2,1,0,0,0,4,2,4,2,1,1,0,2,14,2,8,1,0,0,"red.ancestor.firsthunter","iron.ancestor.firstpack",2,0,6,2,8,5,7,1,0,0,0,0,2,1,2,1,0,0,0,6,0,6,0,6,0,1,0,6,24,28,0,0,0,0,5,0,0,0,2,1,4,9,1,1,0,0
game-584,584,"red-hunter-evolution","iron-hyena-pack-pressure",False,19,1,1,3,4,11,7,9,17,2,1,1,1,0,1,2,0,2,0,0,0,4,4,4,4,2,0,1,0,8,1,5,1,0,0,"red.ancestor.firsthunter","iron.ancestor.smithpassedfang",2,0,6,2,6,3,3,1,0,0,2,0,3,3,3,2,0,0,0,6,0,6,0,6,0,3,0,5,20,24,0,0,1,0,3,0,2,0,1,1,4,5,1,1,0,0
game-585,585,"red-hunter-evolution","iron-hyena-pack-pressure",False,25,1,0,3,4,15,9,11,,3,2,1,0,0,0,1,1,0,0,0,0,2,0,1,0,1,0,6,4,12,0,6,0,0,0,"red.ancestor.firsthunter","",3,0,8,0,8,0,3,1,2,0,0,0,6,1,3,1,0,0,0,8,0,8,0,8,0,1,0,6,26,32,0,0,1,0,5,0,0,0,2,1,4,5,1,1,0,0
game-586,586,"red-hunter-evolution","iron-hyena-pack-pressure",False,21,1,1,3,4,13,5,9,13,2,1,1,1,0,1,1,1,0,0,0,0,6,0,6,0,0,1,1,1,10,8,6,5,0,0,"red.ancestor.firsthunter","iron.ancestor.firstpack",0,0,2,2,8,6,6,0,0,0,0,0,5,0,4,0,0,0,0,8,0,8,0,8,0,0,0,7,22,28,0,0,1,0,4,0,0,0,1,1,4,11,1,1,0,0
game-587,587,"red-hunter-evolution","iron-hyena-pack-pressure",False,35,1,1,3,8,14,7,13,23,4,2,2,1,0,1,3,2,1,0,0,0,6,2,5,2,2,1,2,2,34,1,13,1,0,0,"red.ancestor.grandmother","iron.ancestor.firstpack",4,0,10,2,14,11,5,1,0,0,0,0,1,1,1,1,0,0,0,15,0,15,0,15,0,1,0,11,36,49,0,0,2,0,13,0,0,0,3,2,8,21,1,1,0,0
game-588,588,"red-hunter-evolution","iron-hyena-pack-pressure",False,21,1,1,3,4,12,5,11,17,2,2,0,1,0,1,0,0,0,0,0,0,4,0,4,0,0,0,4,3,9,3,3,2,0,0,"red.ancestor.firsthunter","iron.ancestor.firstpack",0,1,2,4,8,6,7,0,0,0,1,0,10,1,7,1,0,0,0,6,0,6,0,6,0,0,0,5,22,26,0,0,1,0,5,0,0,0,1,1,4,15,1,1,0,0
game-589,589,"red-hunter-evolution","iron-hyena-pack-pressure",False,35,1,0,3,4,27,7,13,29,4,1,3,1,0,1,3,2,1,0,0,0,8,2,8,2,3,1,3,2,30,1,12,1,0,0,"red.ancestor.firsthunter","iron.ancestor.firstpack",4,0,10,2,14,10,4,3,0,0,0,0,3,1,3,1,0,0,0,14,0,14,0,14,0,1,0,12,36,48,0,0,3,0,13,1,0,0,3,2,4,25,1,1,0,0
game-590,590,"red-hunter-evolution","iron-hyena-pack-pressure",False,23,1,1,3,8,17,9,13,19,2,2,0,1,0,1,0,0,0,0,0,0,4,0,4,0,1,0,3,1,5,1,3,1,0,0,"red.ancestor.grandmother","iron.ancestor.smithpassedfang",1,0,4,2,7,5,7,1,0,0,1,0,11,1,8,1,0,0,0,6,0,6,0,6,0,0,0,4,24,28,0,1,2,0,6,0,0,0,2,1,8,17,1,1,0,0
game-591,591,"red-hunter-evolution","iron-hyena-pack-pressure",False,19,1,1,3,4,11,7,6,17,1,0,1,1,0,1,1,0,1,0,0,0,4,2,4,2,0,0,0,0,5,6,4,4,0,0,"red.ancestor.firsthunter","iron.ancestor.firstpack",2,0,6,2,6,4,4,2,0,0,0,0,3,2,2,1,0,0,0,9,0,9,0,9,0,2,0,7,20,27,0,0,0,0,5,0,1,0,1,1,4,9,1,1,0,0
game-592,592,"iron-hyena-pack-pressure","red-hunter-evolution",False,19,1,3,0,8,10,5,15,,2,1,1,0,0,0,0,0,0,0,0,0,2,0,2,0,1,0,0,0,19,4,7,3,0,0,"red.ancestor.grandmother","iron.ancestor.firstpack",1,0,4,2,7,4,0,0,0,0,0,0,3,0,3,0,0,0,0,11,0,11,0,11,0,3,0,6,20,29,0,0,0,0,2,0,0,0,1,1,8,,1,0,0,0
game-593,593,"iron-hyena-pack-pressure","red-hunter-evolution",False,20,1,3,1,4,8,6,9,,2,1,1,0,0,0,2,0,2,0,0,0,2,4,2,4,0,1,3,1,17,8,7,6,0,0,"red.ancestor.firsthunter","iron.ancestor.firstpack",2,0,6,2,6,7,3,0,2,0,0,0,5,1,4,1,0,0,0,10,0,10,0,10,0,3,0,7,20,30,0,0,1,0,2,1,0,0,1,1,4,11,1,0,0,0
game-594,594,"iron-hyena-pack-pressure","red-hunter-evolution",False,24,1,3,0,5,12,5,12,,2,1,1,0,0,0,2,0,2,0,0,0,2,8,2,6,1,0,1,0,20,8,8,6,0,0,"red.ancestor.firsthunter","iron.ancestor.firstpack",4,0,10,2,9,8,0,1,0,0,0,0,3,0,3,0,0,0,0,12,0,12,0,12,0,2,0,8,24,36,0,0,1,0,1,1,0,0,2,1,5,,1,0,0,0
game-595,595,"red-hunter-evolution","iron-hyena-pack-pressure",False,23,1,1,3,6,13,5,9,21,3,2,1,1,0,1,2,1,1,0,0,0,6,2,6,2,0,1,2,2,5,1,3,1,0,0,"red.ancestor.grandmother","iron.ancestor.firstpack",1,0,4,2,9,3,9,1,0,0,0,0,7,2,5,2,0,0,0,8,0,8,0,8,0,1,0,6,24,30,0,1,0,0,6,0,0,0,1,1,6,11,1,1,0,0
game-596,596,"red-hunter-evolution","iron-hyena-pack-pressure",False,29,1,0,3,3,15,9,11,29,4,3,1,1,0,1,2,1,1,0,0,0,4,2,4,2,1,1,7,0,19,2,8,1,0,0,"red.ancestor.firsthunter","iron.ancestor.firstpack",0,0,2,2,10,8,6,0,0,0,0,0,3,1,3,1,0,0,0,10,0,10,0,10,0,1,0,8,30,38,0,0,2,0,9,2,0,0,2,2,4,3,1,1,0,0
game-597,597,"iron-hyena-pack-pressure","red-hunter-evolution",False,36,1,3,2,4,16,8,7,33,4,1,3,1,0,1,4,1,3,0,0,0,10,6,10,6,1,0,2,3,32,15,13,9,0,0,"red.ancestor.firsthunter","iron.ancestor.firstpack",4,0,10,2,13,14,4,2,1,0,0,0,5,2,5,1,0,1,0,19,0,17,0,17,0,2,0,11,36,53,0,0,2,0,9,0,0,0,3,2,4,15,1,0,0,0
game-598,598,"iron-hyena-pack-pressure","red-hunter-evolution",False,20,1,3,0,5,11,5,9,,3,2,1,0,0,0,2,1,1,0,0,0,2,2,2,2,2,0,4,0,19,6,7,4,0,0,"red.ancestor.firsthunter","iron.ancestor.smithpassedfang",1,1,4,4,7,6,0,2,0,0,3,0,5,0,5,0,0,0,0,7,0,7,0,7,0,1,0,5,20,27,0,0,1,0,2,0,0,0,1,1,5,,1,0,0,0
game-599,599,"iron-hyena-pack-pressure","red-hunter-evolution",False,30,1,3,2,4,18,5,11,17,4,2,2,1,0,1,2,0,2,0,0,0,8,6,8,6,0,0,7,0,29,9,11,6,0,0,"red.ancestor.firsthunter","iron.ancestor.firstpack",0,0,2,2,12,7,4,0,0,0,0,0,11,3,10,2,0,0,0,18,0,18,0,18,0,6,0,10,30,48,0,0,3,0,7,0,2,0,2,2,4,15,1,0,0,0
game-600,600,"red-hunter-evolution","iron-hyena-pack-pressure",False,17,1,1,3,4,13,9,9,,2,1,1,0,0,0,0,0,0,0,0,0,4,0,4,0,0,0,2,1,2,3,1,3,0,0,"red.ancestor.firsthunter","iron.ancestor.firstpack",0,0,2,2,4,3,4,0,0,0,0,0,12,0,6,0,0,0,0,6,0,6,0,6,0,0,0,4,18,22,0,0,1,0,3,0,0,0,1,1,4,11,1,1,0,0
game-601,601,"red-hunter-evolution","iron-hyena-pack-pressure",False,23,1,1,3,4,17,7,11,15,2,2,0,1,0,1,0,0,0,0,0,0,2,0,2,0,0,0,2,1,11,6,5,4,0,0,"red.ancestor.firsthunter","iron.ancestor.firstpack",0,0,2,2,8,5,5,0,0,0,0,0,10,1,6,1,0,0,0,10,0,10,0,10,0,1,0,6,24,32,0,0,1,0,5,0,1,0,2,1,4,13,1,1,0,0
game-602,602,"iron-hyena-pack-pressure","red-hunter-evolution",False,28,1,3,2,4,14,7,11,19,3,1,2,1,0,1,1,0,1,0,0,0,8,2,8,2,1,0,4,3,19,5,10,4,0,0,"red.ancestor.firsthunter","iron.ancestor.smithpassedfang",2,2,6,6,10,10,6,1,0,0,4,0,6,4,6,4,0,0,0,12,0,12,0,12,0,2,0,8,28,40,0,1,3,0,7,0,2,0,2,2,4,17,1,0,0,0
game-603,603,"iron-hyena-pack-pressure","red-hunter-evolution",False,36,1,3,2,4,13,9,9,19,6,3,3,1,0,1,4,1,3,0,0,0,16,10,12,9,1,1,5,0,26,0,10,0,0,0,"red.ancestor.firsthunter","",2,0,6,0,13,0,5,2,0,0,0,0,10,2,9,1,0,1,0,24,0,23,0,23,0,2,0,11,36,59,0,0,3,0,9,1,0,0,3,3,4,5,1,0,0,0
game-604,604,"iron-hyena-pack-pressure","red-hunter-evolution",False,22,1,3,1,4,9,7,11,,2,2,0,0,0,0,1,0,1,0,0,0,0,4,0,4,0,0,3,0,16,6,7,3,0,0,"red.ancestor.firsthunter","iron.ancestor.firstpack",2,0,6,2,7,3,3,0,0,0,0,0,3,1,3,1,0,0,0,8,0,8,0,8,0,1,0,6,22,30,0,0,3,0,2,0,0,0,1,1,4,13,1,0,0,0
game-605,605,"iron-hyena-pack-pressure","red-hunter-evolution",False,24,1,3,0,4,8,5,11,21,2,1,1,1,0,1,3,1,2,0,0,0,4,6,4,5,0,0,2,2,24,10,9,7,0,0,"red.ancestor.firsthunter","iron.ancestor.firstpack",3,0,8,2,9,8,2,2,0,0,0,0,5,1,5,1,0,0,0,11,0,11,0,11,0,2,0,9,24,35,0,0,1,0,2,0,0,0,1,1,4,19,1,0,0,0
game-606,606,"red-hunter-evolution","iron-hyena-pack-pressure",False,39,1,1,3,3,22,9,9,,6,3,3,0,0,0,2,1,1,0,0,0,18,2,8,2,0,0,8,4,19,15,9,10,0,0,"red.ancestor.firsthunter","iron.ancestor.firstpack",3,0,8,2,15,11,9,3,0,0,0,0,5,3,4,2,0,0,0,23,0,23,0,23,0,3,0,14,40,61,0,0,2,0,16,3,0,0,4,2,4,3,1,1,0,0
game-607,607,"red-hunter-evolution","iron-hyena-pack-pressure",False,19,1,1,3,4,13,7,9,,3,2,1,0,0,0,1,1,0,0,0,0,2,0,2,0,0,1,7,2,8,3,4,2,0,0,"red.ancestor.firsthunter","iron.ancestor.smithpassedfang",2,1,6,4,6,4,3,2,0,0,1,0,5,0,5,0,0,0,0,6,0,6,0,6,0,0,0,4,20,24,0,0,4,0,4,0,0,0,1,1,4,11,1,1,0,0
game-608,608,"iron-hyena-pack-pressure","red-hunter-evolution",False,28,1,3,0,4,18,10,11,,3,2,1,0,0,0,2,1,1,0,0,0,2,2,2,2,0,1,5,3,23,12,8,8,0,0,"red.ancestor.firsthunter","iron.ancestor.firstpack",3,0,8,2,8,9,1,3,0,0,0,0,11,1,7,1,0,0,0,17,0,16,0,16,0,2,0,9,28,44,0,0,3,0,2,1,0,0,2,2,4,7,1,0,0,0
game-609,609,"red-hunter-evolution","iron-hyena-pack-pressure",False,19,1,2,3,8,12,5,9,,2,2,0,0,0,0,0,0,0,0,0,0,0,0,0,0,0,0,4,0,7,1,5,1,0,0,"red.ancestor.firsthunter","iron.ancestor.firstpack",2,0,6,2,7,3,5,0,0,0,0,0,3,1,3,1,0,0,0,9,0,9,0,9,0,0,0,5,20,27,0,0,0,0,2,0,1,0,1,1,8,11,1,1,0,0
game-610,610,"iron-hyena-pack-pressure","red-hunter-evolution",False,36,1,3,1,4,14,5,9,,4,3,1,0,0,0,3,2,1,0,0,0,2,2,2,2,0,1,10,2,42,10,14,7,0,0,"red.ancestor.firsthunter","iron.ancestor.smithpassedfang",2,1,6,4,15,12,3,1,0,0,0,0,10,0,9,0,0,0,0,20,0,20,0,20,0,2,0,13,36,56,0,0,3,0,7,3,0,0,3,2,4,11,1,0,0,0
game-611,611,"red-hunter-evolution","iron-hyena-pack-pressure",False,29,1,1,3,4,12,6,9,21,4,3,1,1,0,1,2,2,0,0,0,0,4,0,3,0,0,0,5,2,16,15,8,9,0,0,"red.ancestor.grandmother","iron.ancestor.firstpack",1,0,4,2,11,11,7,0,0,0,0,0,4,0,4,0,0,0,0,12,0,12,0,12,0,0,0,11,30,40,0,0,2,0,12,2,0,0,2,2,4,15,1,1,0,0
game-612,612,"iron-hyena-pack-pressure","red-hunter-evolution",False,24,1,3,0,8,16,5,15,,2,1,1,0,0,0,2,0,2,0,0,0,2,4,2,3,0,0,2,0,34,4,9,3,0,0,"red.ancestor.grandmother","iron.ancestor.firstpack",3,0,8,2,9,3,0,1,0,0,0,0,6,0,6,0,0,0,0,12,0,12,0,12,0,2,0,7,24,36,0,0,0,0,3,0,0,0,2,1,8,,1,0,0,0
game-613,613,"iron-hyena-pack-pressure","red-hunter-evolution",False,26,1,3,1,4,14,5,9,17,3,3,0,1,0,1,1,0,1,0,0,0,2,2,2,2,0,0,7,0,22,13,9,9,0,0,"red.ancestor.firsthunter","iron.ancestor.firstpack",2,0,6,2,10,10,2,1,0,0,0,0,8,2,7,1,0,0,0,18,0,18,0,18,0,2,0,10,26,44,0,0,3,0,3,0,1,0,2,1,4,15,1,0,0,0
game-614,614,"iron-hyena-pack-pressure","red-hunter-evolution",False,24,1,3,1,5,14,5,13,,2,2,0,0,0,0,1,0,1,0,0,0,0,4,0,4,0,0,2,0,13,8,7,6,0,0,"red.ancestor.firsthunter","iron.ancestor.firstpack",3,0,8,2,9,7,4,2,0,0,0,0,4,3,3,2,0,0,0,15,0,15,0,15,0,5,0,8,24,39,0,0,1,0,2,0,0,0,2,1,5,17,1,0,0,0
game-615,615,"red-hunter-evolution","iron-hyena-pack-pressure",False,19,1,0,3,8,11,5,7,,1,0,1,0,0,0,0,0,0,0,0,0,2,0,2,0,0,0,1,1,8,0,5,0,0,0,"red.ancestor.firsthunter","",2,0,6,0,7,0,5,1,0,0,0,0,1,0,1,0,0,0,0,2,0,2,0,2,0,0,0,2,20,20,0,0,1,0,5,0,0,0,1,1,8,9,1,1,0,0
game-616,616,"red-hunter-evolution","iron-hyena-pack-pressure",False,29,1,1,3,4,12,7,11,17,3,1,2,1,0,1,2,0,2,0,0,0,6,4,6,4,0,0,3,0,15,11,7,7,0,0,"red.ancestor.firsthunter","iron.ancestor.firstpack",2,0,6,2,11,10,7,2,0,0,0,0,1,3,1,2,0,0,0,12,0,12,0,12,0,3,0,9,30,40,0,0,1,0,8,0,0,0,3,2,4,15,1,1,0,0
game-617,617,"iron-hyena-pack-pressure","red-hunter-evolution",False,32,1,3,0,4,22,7,9,,5,3,2,0,0,0,3,2,1,0,0,0,4,4,4,4,2,1,4,1,37,5,11,5,0,0,"red.ancestor.firsthunter","iron.ancestor.smithpassedfang",2,1,6,4,12,8,1,2,0,0,2,0,8,0,8,0,0,0,0,16,0,15,0,15,0,2,0,9,32,47,0,0,3,0,6,2,0,0,2,2,4,31,1,0,0,0
game-618,618,"red-hunter-evolution","iron-hyena-pack-pressure",False,33,1,1,3,4,17,9,13,19,4,2,2,1,0,1,4,3,1,0,0,0,8,4,8,3,0,1,8,2,25,1,10,1,0,0,"red.ancestor.firsthunter","iron.ancestor.smithpassedfang",3,0,8,2,12,10,3,1,2,0,3,0,4,0,3,0,0,0,0,16,0,16,0,16,0,2,0,9,34,48,0,0,3,0,14,2,0,0,4,2,4,5,1,1,0,0
game-619,619,"red-hunter-evolution","iron-hyena-pack-pressure",False,21,1,0,3,3,5,9,13,17,2,2,0,1,0,1,1,1,0,0,0,0,2,0,2,0,0,0,7,3,16,0,6,0,0,0,"red.ancestor.firsthunter","",0,0,2,0,6,0,3,0,0,0,0,0,4,0,4,0,0,0,0,4,0,4,0,4,0,0,0,4,22,24,0,0,0,0,4,1,0,0,1,1,4,3,1,1,0,0
game-620,620,"iron-hyena-pack-pressure","red-hunter-evolution",False,31,1,3,2,6,13,5,9,13,4,2,2,1,0,1,3,0,3,0,0,0,6,6,6,6,0,0,3,0,29,2,11,1,0,0,"red.ancestor.firsthunter","iron.ancestor.firstpack",0,0,2,2,13,7,6,0,0,0,0,0,8,2,8,2,0,0,0,13,0,13,0,13,0,3,0,9,32,43,0,0,1,0,10,0,0,0,3,2,6,11,1,0,0,0
game-621,621,"red-hunter-evolution","iron-hyena-pack-pressure",False,37,1,1,3,8,10,7,17,21,4,2,2,1,0,1,3,1,2,0,0,0,6,4,6,4,0,0,4,2,20,14,8,10,0,0,"red.ancestor.grandmother","iron.ancestor.firstpack",3,1,8,4,15,13,1,8,0,0,0,0,3,2,3,2,0,0,0,16,0,16,0,16,0,2,0,11,38,52,0,0,1,0,16,0,0,0,4,2,8,19,1,1,0,0
game-622,622,"iron-hyena-pack-pressure","red-hunter-evolution",False,24,1,3,0,4,10,5,10,,2,1,1,0,0,0,3,1,2,0,0,0,2,4,2,4,0,1,3,0,25,8,8,5,0,0,"red.ancestor.grandmother","iron.ancestor.firstpack",1,2,4,6,9,8,0,3,0,0,0,0,6,0,6,0,0,0,0,12,0,12,0,12,0,4,0,8,24,36,0,0,2,0,3,2,0,0,2,1,4,,1,0,0,0
